2026-07-01 11:30:14,252 INFO  Logger.cs: 70 - 
--------------------------------------------------------------------------------
2026-07-01 11:30:14,269 INFO  Logger.cs: 71 - Logging commencing for SW2URDF exporter
2026-07-01 11:30:14,270 INFO  Logger.cs: 73 - Commit version 1.6.0-4-g7f85cfe
2026-07-01 11:30:14,270 INFO  Logger.cs: 74 - Build version 1.6.7995.38578
2026-07-01 11:30:14,272 INFO  SwAddin.cs: 192 - Attempting to connect to SW
2026-07-01 11:30:14,272 INFO  SwAddin.cs: 197 - Setting up callbacks
2026-07-01 11:30:14,273 INFO  SwAddin.cs: 201 - Setting up command manager
2026-07-01 11:30:14,274 INFO  SwAddin.cs: 204 - Adding command manager
2026-07-01 11:30:14,275 INFO  SwAddin.cs: 263 - Adding Assembly export to file menu
2026-07-01 11:30:14,276 INFO  SwAddin.cs: 272 - Adding Part export to file menu
2026-07-01 11:30:14,276 INFO  SwAddin.cs: 210 - Adding event handlers
2026-07-01 11:30:14,278 INFO  SwAddin.cs: 217 - Connecting plugin to SolidWorks
2026-07-01 16:02:15,377 INFO  SwAddin.cs: 294 - Assembly export called for file Coucouarm_v5.SLDASM
2026-07-01 16:03:11,112 INFO  SwAddin.cs: 313 - Saving assembly
2026-07-01 16:03:12,265 INFO  SwAddin.cs: 316 - Opening property manager
2026-07-01 16:03:12,280 INFO  ExportHelperExtension.cs: 1125 - Retrieving features of type [CoordSys] from Coucouarm_v5.SLDASM
2026-07-01 16:03:12,285 INFO  ExportHelperExtension.cs: 1136 - Found 162 in Coucouarm_v5.SLDASM
2026-07-01 16:03:12,286 INFO  ExportHelperExtension.cs: 1145 - Found 7 features of type [CoordSys] in Coucouarm_v5.SLDASM
2026-07-01 16:03:12,286 INFO  ExportHelperExtension.cs: 1148 - Proceeding through assembly components
2026-07-01 16:03:12,287 INFO  ExportHelperExtension.cs: 1160 - 27 components to check
2026-07-01 16:03:12,288 INFO  ExportHelperExtension.cs: 1125 - Retrieving features of type [CoordSys] from 4310转子-3
2026-07-01 16:03:12,288 INFO  ExportHelperExtension.cs: 1136 - Found 35 in 4310转子-3
2026-07-01 16:03:12,288 INFO  ExportHelperExtension.cs: 1145 - Found 0 features of type [CoordSys] in 4310转子-3
2026-07-01 16:03:12,289 INFO  ExportHelperExtension.cs: 1125 - Retrieving features of type [CoordSys] from 4310定子-4
2026-07-01 16:03:12,289 INFO  ExportHelperExtension.cs: 1136 - Found 29 in 4310定子-4
2026-07-01 16:03:12,289 INFO  ExportHelperExtension.cs: 1145 - Found 0 features of type [CoordSys] in 4310定子-4
2026-07-01 16:03:12,289 INFO  ExportHelperExtension.cs: 1125 - Retrieving features of type [CoordSys] from 关节4转关节5 大-1
2026-07-01 16:03:12,290 INFO  ExportHelperExtension.cs: 1136 - Found 40 in 关节4转关节5 大-1
2026-07-01 16:03:12,290 INFO  ExportHelperExtension.cs: 1145 - Found 0 features of type [CoordSys] in 关节4转关节5 大-1
2026-07-01 16:03:12,290 INFO  ExportHelperExtension.cs: 1125 - Retrieving features of type [CoordSys] from 关节3转关节4 大-1
2026-07-01 16:03:12,291 INFO  ExportHelperExtension.cs: 1136 - Found 40 in 关节3转关节4 大-1
2026-07-01 16:03:12,291 INFO  ExportHelperExtension.cs: 1145 - Found 0 features of type [CoordSys] in 关节3转关节4 大-1
2026-07-01 16:03:12,291 INFO  ExportHelperExtension.cs: 1125 - Retrieving features of type [CoordSys] from 4340p转子-1
2026-07-01 16:03:12,292 INFO  ExportHelperExtension.cs: 1136 - Found 33 in 4340p转子-1
2026-07-01 16:03:12,292 INFO  ExportHelperExtension.cs: 1145 - Found 0 features of type [CoordSys] in 4340p转子-1
2026-07-01 16:03:12,292 INFO  ExportHelperExtension.cs: 1125 - Retrieving features of type [CoordSys] from 轴承-2
2026-07-01 16:03:12,293 INFO  ExportHelperExtension.cs: 1136 - Found 40 in 轴承-2
2026-07-01 16:03:12,293 INFO  ExportHelperExtension.cs: 1145 - Found 0 features of type [CoordSys] in 轴承-2
2026-07-01 16:03:12,293 INFO  ExportHelperExtension.cs: 1125 - Retrieving features of type [CoordSys] from 关节3转关节4 小-1
2026-07-01 16:03:12,294 INFO  ExportHelperExtension.cs: 1136 - Found 40 in 关节3转关节4 小-1
2026-07-01 16:03:12,294 INFO  ExportHelperExtension.cs: 1145 - Found 0 features of type [CoordSys] in 关节3转关节4 小-1
2026-07-01 16:03:12,294 INFO  ExportHelperExtension.cs: 1125 - Retrieving features of type [CoordSys] from 4340p定子-1
2026-07-01 16:03:12,295 INFO  ExportHelperExtension.cs: 1136 - Found 45 in 4340p定子-1
2026-07-01 16:03:12,295 INFO  ExportHelperExtension.cs: 1145 - Found 0 features of type [CoordSys] in 4340p定子-1
2026-07-01 16:03:12,295 INFO  ExportHelperExtension.cs: 1125 - Retrieving features of type [CoordSys] from 4310定子-3
2026-07-01 16:03:12,295 INFO  ExportHelperExtension.cs: 1136 - Found 29 in 4310定子-3
2026-07-01 16:03:12,296 INFO  ExportHelperExtension.cs: 1145 - Found 0 features of type [CoordSys] in 4310定子-3
2026-07-01 16:03:12,296 INFO  ExportHelperExtension.cs: 1125 - Retrieving features of type [CoordSys] from 轴承-3
2026-07-01 16:03:12,296 INFO  ExportHelperExtension.cs: 1136 - Found 40 in 轴承-3
2026-07-01 16:03:12,297 INFO  ExportHelperExtension.cs: 1145 - Found 0 features of type [CoordSys] in 轴承-3
2026-07-01 16:03:12,297 INFO  ExportHelperExtension.cs: 1125 - Retrieving features of type [CoordSys] from 关节5转关节6 大-1
2026-07-01 16:03:12,297 INFO  ExportHelperExtension.cs: 1136 - Found 40 in 关节5转关节6 大-1
2026-07-01 16:03:12,298 INFO  ExportHelperExtension.cs: 1145 - Found 0 features of type [CoordSys] in 关节5转关节6 大-1
2026-07-01 16:03:12,298 INFO  ExportHelperExtension.cs: 1125 - Retrieving features of type [CoordSys] from 关节5转关节6 小最新版-1
2026-07-01 16:03:12,298 INFO  ExportHelperExtension.cs: 1136 - Found 40 in 关节5转关节6 小最新版-1
2026-07-01 16:03:12,299 INFO  ExportHelperExtension.cs: 1145 - Found 0 features of type [CoordSys] in 关节5转关节6 小最新版-1
2026-07-01 16:03:12,299 INFO  ExportHelperExtension.cs: 1125 - Retrieving features of type [CoordSys] from 4310定子-5
2026-07-01 16:03:12,299 INFO  ExportHelperExtension.cs: 1136 - Found 29 in 4310定子-5
2026-07-01 16:03:12,300 INFO  ExportHelperExtension.cs: 1145 - Found 0 features of type [CoordSys] in 4310定子-5
2026-07-01 16:03:12,300 INFO  ExportHelperExtension.cs: 1125 - Retrieving features of type [CoordSys] from 4310转子-4
2026-07-01 16:03:12,300 INFO  ExportHelperExtension.cs: 1136 - Found 35 in 4310转子-4
2026-07-01 16:03:12,305 INFO  ExportHelperExtension.cs: 1145 - Found 0 features of type [CoordSys] in 4310转子-4
2026-07-01 16:03:12,305 INFO  ExportHelperExtension.cs: 1125 - Retrieving features of type [CoordSys] from 末端指示带圆球最新-1
2026-07-01 16:03:12,462 INFO  ExportHelperExtension.cs: 1136 - Found 29 in 末端指示带圆球最新-1
2026-07-01 16:03:12,462 INFO  ExportHelperExtension.cs: 1145 - Found 0 features of type [CoordSys] in 末端指示带圆球最新-1
2026-07-01 16:03:12,463 INFO  ExportHelperExtension.cs: 1125 - Retrieving features of type [CoordSys] from 4310转子-5
2026-07-01 16:03:12,463 INFO  ExportHelperExtension.cs: 1136 - Found 35 in 4310转子-5
2026-07-01 16:03:12,463 INFO  ExportHelperExtension.cs: 1145 - Found 0 features of type [CoordSys] in 4310转子-5
2026-07-01 16:03:12,464 INFO  ExportHelperExtension.cs: 1125 - Retrieving features of type [CoordSys] from 4310转子-2
2026-07-01 16:03:12,464 INFO  ExportHelperExtension.cs: 1136 - Found 35 in 4310转子-2
2026-07-01 16:03:12,464 INFO  ExportHelperExtension.cs: 1145 - Found 0 features of type [CoordSys] in 4310转子-2
2026-07-01 16:03:12,464 INFO  ExportHelperExtension.cs: 1125 - Retrieving features of type [CoordSys] from 大底座-1
2026-07-01 16:03:12,465 INFO  ExportHelperExtension.cs: 1136 - Found 40 in 大底座-1
2026-07-01 16:03:12,465 INFO  ExportHelperExtension.cs: 1145 - Found 0 features of type [CoordSys] in 大底座-1
2026-07-01 16:03:12,465 INFO  ExportHelperExtension.cs: 1125 - Retrieving features of type [CoordSys] from 关节1保护-2
2026-07-01 16:03:12,466 INFO  ExportHelperExtension.cs: 1136 - Found 28 in 关节1保护-2
2026-07-01 16:03:12,466 INFO  ExportHelperExtension.cs: 1145 - Found 0 features of type [CoordSys] in 关节1保护-2
2026-07-01 16:03:12,466 INFO  ExportHelperExtension.cs: 1125 - Retrieving features of type [CoordSys] from 关节1转关节2底座-1
2026-07-01 16:03:12,467 INFO  ExportHelperExtension.cs: 1136 - Found 40 in 关节1转关节2底座-1
2026-07-01 16:03:12,467 INFO  ExportHelperExtension.cs: 1145 - Found 0 features of type [CoordSys] in 关节1转关节2底座-1
2026-07-01 16:03:12,467 INFO  ExportHelperExtension.cs: 1125 - Retrieving features of type [CoordSys] from 4340定子-1
2026-07-01 16:03:12,468 INFO  ExportHelperExtension.cs: 1136 - Found 45 in 4340定子-1
2026-07-01 16:03:12,468 INFO  ExportHelperExtension.cs: 1145 - Found 0 features of type [CoordSys] in 4340定子-1
2026-07-01 16:03:12,468 INFO  ExportHelperExtension.cs: 1125 - Retrieving features of type [CoordSys] from 4340转子-1
2026-07-01 16:03:12,468 INFO  ExportHelperExtension.cs: 1136 - Found 35 in 4340转子-1
2026-07-01 16:03:12,469 INFO  ExportHelperExtension.cs: 1145 - Found 0 features of type [CoordSys] in 4340转子-1
2026-07-01 16:03:12,469 INFO  ExportHelperExtension.cs: 1125 - Retrieving features of type [CoordSys] from 4310定子-2
2026-07-01 16:03:12,469 INFO  ExportHelperExtension.cs: 1136 - Found 29 in 4310定子-2
2026-07-01 16:03:12,470 INFO  ExportHelperExtension.cs: 1145 - Found 0 features of type [CoordSys] in 4310定子-2
2026-07-01 16:03:12,470 INFO  ExportHelperExtension.cs: 1125 - Retrieving features of type [CoordSys] from 关节2转关节3 大-1
2026-07-01 16:03:12,470 INFO  ExportHelperExtension.cs: 1136 - Found 28 in 关节2转关节3 大-1
2026-07-01 16:03:12,471 INFO  ExportHelperExtension.cs: 1145 - Found 0 features of type [CoordSys] in 关节2转关节3 大-1
2026-07-01 16:03:12,471 INFO  ExportHelperExtension.cs: 1125 - Retrieving features of type [CoordSys] from 轴承-1
2026-07-01 16:03:12,471 INFO  ExportHelperExtension.cs: 1136 - Found 40 in 轴承-1
2026-07-01 16:03:12,471 INFO  ExportHelperExtension.cs: 1145 - Found 0 features of type [CoordSys] in 轴承-1
2026-07-01 16:03:12,472 INFO  ExportHelperExtension.cs: 1125 - Retrieving features of type [CoordSys] from 关节2转关节3 小-1
2026-07-01 16:03:12,472 INFO  ExportHelperExtension.cs: 1136 - Found 40 in 关节2转关节3 小-1
2026-07-01 16:03:12,472 INFO  ExportHelperExtension.cs: 1145 - Found 0 features of type [CoordSys] in 关节2转关节3 小-1
2026-07-01 16:03:12,473 INFO  ExportHelperExtension.cs: 1125 - Retrieving features of type [CoordSys] from 关节4转关节5 小-2
2026-07-01 16:03:12,473 INFO  ExportHelperExtension.cs: 1136 - Found 28 in 关节4转关节5 小-2
2026-07-01 16:03:12,473 INFO  ExportHelperExtension.cs: 1145 - Found 0 features of type [CoordSys] in 关节4转关节5 小-2
2026-07-01 16:03:12,474 INFO  ExportHelperExtension.cs: 1125 - Retrieving features of type [RefAxis] from Coucouarm_v5.SLDASM
2026-07-01 16:03:12,474 INFO  ExportHelperExtension.cs: 1136 - Found 162 in Coucouarm_v5.SLDASM
2026-07-01 16:03:12,475 INFO  ExportHelperExtension.cs: 1145 - Found 7 features of type [RefAxis] in Coucouarm_v5.SLDASM
2026-07-01 16:03:12,475 INFO  ExportHelperExtension.cs: 1148 - Proceeding through assembly components
2026-07-01 16:03:12,475 INFO  ExportHelperExtension.cs: 1160 - 27 components to check
2026-07-01 16:03:12,475 INFO  ExportHelperExtension.cs: 1125 - Retrieving features of type [RefAxis] from 4310转子-3
2026-07-01 16:03:12,476 INFO  ExportHelperExtension.cs: 1136 - Found 35 in 4310转子-3
2026-07-01 16:03:12,476 INFO  ExportHelperExtension.cs: 1145 - Found 0 features of type [RefAxis] in 4310转子-3
2026-07-01 16:03:12,476 INFO  ExportHelperExtension.cs: 1125 - Retrieving features of type [RefAxis] from 4310定子-4
2026-07-01 16:03:12,477 INFO  ExportHelperExtension.cs: 1136 - Found 29 in 4310定子-4
2026-07-01 16:03:12,477 INFO  ExportHelperExtension.cs: 1145 - Found 0 features of type [RefAxis] in 4310定子-4
2026-07-01 16:03:12,477 INFO  ExportHelperExtension.cs: 1125 - Retrieving features of type [RefAxis] from 关节4转关节5 大-1
2026-07-01 16:03:12,479 INFO  ExportHelperExtension.cs: 1136 - Found 40 in 关节4转关节5 大-1
2026-07-01 16:03:12,479 INFO  ExportHelperExtension.cs: 1145 - Found 0 features of type [RefAxis] in 关节4转关节5 大-1
2026-07-01 16:03:12,479 INFO  ExportHelperExtension.cs: 1125 - Retrieving features of type [RefAxis] from 关节3转关节4 大-1
2026-07-01 16:03:12,479 INFO  ExportHelperExtension.cs: 1136 - Found 40 in 关节3转关节4 大-1
2026-07-01 16:03:12,480 INFO  ExportHelperExtension.cs: 1145 - Found 0 features of type [RefAxis] in 关节3转关节4 大-1
2026-07-01 16:03:12,480 INFO  ExportHelperExtension.cs: 1125 - Retrieving features of type [RefAxis] from 4340p转子-1
2026-07-01 16:03:12,480 INFO  ExportHelperExtension.cs: 1136 - Found 33 in 4340p转子-1
2026-07-01 16:03:12,481 INFO  ExportHelperExtension.cs: 1145 - Found 0 features of type [RefAxis] in 4340p转子-1
2026-07-01 16:03:12,481 INFO  ExportHelperExtension.cs: 1125 - Retrieving features of type [RefAxis] from 轴承-2
2026-07-01 16:03:12,481 INFO  ExportHelperExtension.cs: 1136 - Found 40 in 轴承-2
2026-07-01 16:03:12,482 INFO  ExportHelperExtension.cs: 1145 - Found 0 features of type [RefAxis] in 轴承-2
2026-07-01 16:03:12,482 INFO  ExportHelperExtension.cs: 1125 - Retrieving features of type [RefAxis] from 关节3转关节4 小-1
2026-07-01 16:03:12,482 INFO  ExportHelperExtension.cs: 1136 - Found 40 in 关节3转关节4 小-1
2026-07-01 16:03:12,482 INFO  ExportHelperExtension.cs: 1145 - Found 0 features of type [RefAxis] in 关节3转关节4 小-1
2026-07-01 16:03:12,483 INFO  ExportHelperExtension.cs: 1125 - Retrieving features of type [RefAxis] from 4340p定子-1
2026-07-01 16:03:12,483 INFO  ExportHelperExtension.cs: 1136 - Found 45 in 4340p定子-1
2026-07-01 16:03:12,483 INFO  ExportHelperExtension.cs: 1145 - Found 0 features of type [RefAxis] in 4340p定子-1
2026-07-01 16:03:12,484 INFO  ExportHelperExtension.cs: 1125 - Retrieving features of type [RefAxis] from 4310定子-3
2026-07-01 16:03:12,484 INFO  ExportHelperExtension.cs: 1136 - Found 29 in 4310定子-3
2026-07-01 16:03:12,484 INFO  ExportHelperExtension.cs: 1145 - Found 0 features of type [RefAxis] in 4310定子-3
2026-07-01 16:03:12,484 INFO  ExportHelperExtension.cs: 1125 - Retrieving features of type [RefAxis] from 轴承-3
2026-07-01 16:03:12,485 INFO  ExportHelperExtension.cs: 1136 - Found 40 in 轴承-3
2026-07-01 16:03:12,485 INFO  ExportHelperExtension.cs: 1145 - Found 0 features of type [RefAxis] in 轴承-3
2026-07-01 16:03:12,485 INFO  ExportHelperExtension.cs: 1125 - Retrieving features of type [RefAxis] from 关节5转关节6 大-1
2026-07-01 16:03:12,486 INFO  ExportHelperExtension.cs: 1136 - Found 40 in 关节5转关节6 大-1
2026-07-01 16:03:12,486 INFO  ExportHelperExtension.cs: 1145 - Found 0 features of type [RefAxis] in 关节5转关节6 大-1
2026-07-01 16:03:12,486 INFO  ExportHelperExtension.cs: 1125 - Retrieving features of type [RefAxis] from 关节5转关节6 小最新版-1
2026-07-01 16:03:12,487 INFO  ExportHelperExtension.cs: 1136 - Found 40 in 关节5转关节6 小最新版-1
2026-07-01 16:03:12,487 INFO  ExportHelperExtension.cs: 1145 - Found 0 features of type [RefAxis] in 关节5转关节6 小最新版-1
2026-07-01 16:03:12,487 INFO  ExportHelperExtension.cs: 1125 - Retrieving features of type [RefAxis] from 4310定子-5
2026-07-01 16:03:12,487 INFO  ExportHelperExtension.cs: 1136 - Found 29 in 4310定子-5
2026-07-01 16:03:12,488 INFO  ExportHelperExtension.cs: 1145 - Found 0 features of type [RefAxis] in 4310定子-5
2026-07-01 16:03:12,488 INFO  ExportHelperExtension.cs: 1125 - Retrieving features of type [RefAxis] from 4310转子-4
2026-07-01 16:03:12,488 INFO  ExportHelperExtension.cs: 1136 - Found 35 in 4310转子-4
2026-07-01 16:03:12,488 INFO  ExportHelperExtension.cs: 1145 - Found 0 features of type [RefAxis] in 4310转子-4
2026-07-01 16:03:12,489 INFO  ExportHelperExtension.cs: 1125 - Retrieving features of type [RefAxis] from 末端指示带圆球最新-1
2026-07-01 16:03:12,489 INFO  ExportHelperExtension.cs: 1136 - Found 29 in 末端指示带圆球最新-1
2026-07-01 16:03:12,489 INFO  ExportHelperExtension.cs: 1145 - Found 0 features of type [RefAxis] in 末端指示带圆球最新-1
2026-07-01 16:03:12,490 INFO  ExportHelperExtension.cs: 1125 - Retrieving features of type [RefAxis] from 4310转子-5
2026-07-01 16:03:12,490 INFO  ExportHelperExtension.cs: 1136 - Found 35 in 4310转子-5
2026-07-01 16:03:12,490 INFO  ExportHelperExtension.cs: 1145 - Found 0 features of type [RefAxis] in 4310转子-5
2026-07-01 16:03:12,490 INFO  ExportHelperExtension.cs: 1125 - Retrieving features of type [RefAxis] from 4310转子-2
2026-07-01 16:03:12,491 INFO  ExportHelperExtension.cs: 1136 - Found 35 in 4310转子-2
2026-07-01 16:03:12,491 INFO  ExportHelperExtension.cs: 1145 - Found 0 features of type [RefAxis] in 4310转子-2
2026-07-01 16:03:12,491 INFO  ExportHelperExtension.cs: 1125 - Retrieving features of type [RefAxis] from 大底座-1
2026-07-01 16:03:12,491 INFO  ExportHelperExtension.cs: 1136 - Found 40 in 大底座-1
2026-07-01 16:03:12,492 INFO  ExportHelperExtension.cs: 1145 - Found 0 features of type [RefAxis] in 大底座-1
2026-07-01 16:03:12,492 INFO  ExportHelperExtension.cs: 1125 - Retrieving features of type [RefAxis] from 关节1保护-2
2026-07-01 16:03:12,492 INFO  ExportHelperExtension.cs: 1136 - Found 28 in 关节1保护-2
2026-07-01 16:03:12,493 INFO  ExportHelperExtension.cs: 1145 - Found 0 features of type [RefAxis] in 关节1保护-2
2026-07-01 16:03:12,493 INFO  ExportHelperExtension.cs: 1125 - Retrieving features of type [RefAxis] from 关节1转关节2底座-1
2026-07-01 16:03:12,493 INFO  ExportHelperExtension.cs: 1136 - Found 40 in 关节1转关节2底座-1
2026-07-01 16:03:12,493 INFO  ExportHelperExtension.cs: 1145 - Found 0 features of type [RefAxis] in 关节1转关节2底座-1
2026-07-01 16:03:12,494 INFO  ExportHelperExtension.cs: 1125 - Retrieving features of type [RefAxis] from 4340定子-1
2026-07-01 16:03:12,494 INFO  ExportHelperExtension.cs: 1136 - Found 45 in 4340定子-1
2026-07-01 16:03:12,494 INFO  ExportHelperExtension.cs: 1145 - Found 0 features of type [RefAxis] in 4340定子-1
2026-07-01 16:03:12,494 INFO  ExportHelperExtension.cs: 1125 - Retrieving features of type [RefAxis] from 4340转子-1
2026-07-01 16:03:12,495 INFO  ExportHelperExtension.cs: 1136 - Found 35 in 4340转子-1
2026-07-01 16:03:12,495 INFO  ExportHelperExtension.cs: 1145 - Found 0 features of type [RefAxis] in 4340转子-1
2026-07-01 16:03:12,495 INFO  ExportHelperExtension.cs: 1125 - Retrieving features of type [RefAxis] from 4310定子-2
2026-07-01 16:03:12,495 INFO  ExportHelperExtension.cs: 1136 - Found 29 in 4310定子-2
2026-07-01 16:03:12,496 INFO  ExportHelperExtension.cs: 1145 - Found 0 features of type [RefAxis] in 4310定子-2
2026-07-01 16:03:12,496 INFO  ExportHelperExtension.cs: 1125 - Retrieving features of type [RefAxis] from 关节2转关节3 大-1
2026-07-01 16:03:12,496 INFO  ExportHelperExtension.cs: 1136 - Found 28 in 关节2转关节3 大-1
2026-07-01 16:03:12,497 INFO  ExportHelperExtension.cs: 1145 - Found 0 features of type [RefAxis] in 关节2转关节3 大-1
2026-07-01 16:03:12,497 INFO  ExportHelperExtension.cs: 1125 - Retrieving features of type [RefAxis] from 轴承-1
2026-07-01 16:03:12,497 INFO  ExportHelperExtension.cs: 1136 - Found 40 in 轴承-1
2026-07-01 16:03:12,497 INFO  ExportHelperExtension.cs: 1145 - Found 0 features of type [RefAxis] in 轴承-1
2026-07-01 16:03:12,498 INFO  ExportHelperExtension.cs: 1125 - Retrieving features of type [RefAxis] from 关节2转关节3 小-1
2026-07-01 16:03:12,498 INFO  ExportHelperExtension.cs: 1136 - Found 40 in 关节2转关节3 小-1
2026-07-01 16:03:12,498 INFO  ExportHelperExtension.cs: 1145 - Found 0 features of type [RefAxis] in 关节2转关节3 小-1
2026-07-01 16:03:12,498 INFO  ExportHelperExtension.cs: 1125 - Retrieving features of type [RefAxis] from 关节4转关节5 小-2
2026-07-01 16:03:12,499 INFO  ExportHelperExtension.cs: 1136 - Found 28 in 关节4转关节5 小-2
2026-07-01 16:03:12,499 INFO  ExportHelperExtension.cs: 1145 - Found 0 features of type [RefAxis] in 关节4转关节5 小-2
2026-07-01 16:03:12,946 INFO  SwAddin.cs: 339 - Loading config tree
2026-07-01 16:03:12,949 INFO  ExportPropertyManagerExtension.cs: 520 - Starting new configuration
2026-07-01 16:03:12,953 INFO  SwAddin.cs: 344 - Showing property manager
2026-07-01 16:03:25,871 INFO  ExportPropertyManager.cs: 1018 - OnComboboxSelectionChanged called. This method no longer throws an Exception. It just silently does nothing. Ok, except for this logging message
2026-07-01 16:05:49,633 INFO  ExportPropertyManager.cs: 1136 - OnNumberBoxTrackingCompleted called. This method no longer throws an Exception. It just silently does nothing. Ok, except for this logging message
2026-07-01 16:06:13,494 INFO  ExportPropertyManager.cs: 1018 - OnComboboxSelectionChanged called. This method no longer throws an Exception. It just silently does nothing. Ok, except for this logging message
2026-07-01 16:06:15,285 INFO  ExportPropertyManager.cs: 1018 - OnComboboxSelectionChanged called. This method no longer throws an Exception. It just silently does nothing. Ok, except for this logging message
2026-07-01 16:06:21,262 INFO  ExportPropertyManager.cs: 1018 - OnComboboxSelectionChanged called. This method no longer throws an Exception. It just silently does nothing. Ok, except for this logging message
2026-07-01 16:08:27,192 INFO  ExportPropertyManager.cs: 1136 - OnNumberBoxTrackingCompleted called. This method no longer throws an Exception. It just silently does nothing. Ok, except for this logging message
2026-07-01 16:08:44,339 INFO  ExportPropertyManager.cs: 1018 - OnComboboxSelectionChanged called. This method no longer throws an Exception. It just silently does nothing. Ok, except for this logging message
2026-07-01 16:08:45,782 INFO  ExportPropertyManager.cs: 1018 - OnComboboxSelectionChanged called. This method no longer throws an Exception. It just silently does nothing. Ok, except for this logging message
2026-07-01 16:08:47,669 INFO  ExportPropertyManager.cs: 1018 - OnComboboxSelectionChanged called. This method no longer throws an Exception. It just silently does nothing. Ok, except for this logging message
2026-07-01 16:08:50,779 INFO  ExportPropertyManager.cs: 1142 - AfterClose called. This method no longer throws an Exception. It just silently does nothing. Ok, except for this logging message
2026-07-01 16:09:17,097 INFO  SwAddin.cs: 294 - Assembly export called for file Coucouarm_v5.SLDASM
2026-07-01 16:09:18,512 INFO  SwAddin.cs: 313 - Saving assembly
2026-07-01 16:09:19,714 INFO  SwAddin.cs: 316 - Opening property manager
2026-07-01 16:09:19,714 INFO  ExportHelperExtension.cs: 1125 - Retrieving features of type [CoordSys] from Coucouarm_v5.SLDASM
2026-07-01 16:09:19,715 INFO  ExportHelperExtension.cs: 1136 - Found 162 in Coucouarm_v5.SLDASM
2026-07-01 16:09:19,715 INFO  ExportHelperExtension.cs: 1145 - Found 7 features of type [CoordSys] in Coucouarm_v5.SLDASM
2026-07-01 16:09:19,716 INFO  ExportHelperExtension.cs: 1148 - Proceeding through assembly components
2026-07-01 16:09:19,716 INFO  ExportHelperExtension.cs: 1160 - 27 components to check
2026-07-01 16:09:19,716 INFO  ExportHelperExtension.cs: 1125 - Retrieving features of type [CoordSys] from 4310转子-3
2026-07-01 16:09:19,716 INFO  ExportHelperExtension.cs: 1136 - Found 35 in 4310转子-3
2026-07-01 16:09:19,717 INFO  ExportHelperExtension.cs: 1145 - Found 0 features of type [CoordSys] in 4310转子-3
2026-07-01 16:09:19,717 INFO  ExportHelperExtension.cs: 1125 - Retrieving features of type [CoordSys] from 4310定子-4
2026-07-01 16:09:19,718 INFO  ExportHelperExtension.cs: 1136 - Found 29 in 4310定子-4
2026-07-01 16:09:19,718 INFO  ExportHelperExtension.cs: 1145 - Found 0 features of type [CoordSys] in 4310定子-4
2026-07-01 16:09:19,718 INFO  ExportHelperExtension.cs: 1125 - Retrieving features of type [CoordSys] from 关节4转关节5 大-1
2026-07-01 16:09:19,719 INFO  ExportHelperExtension.cs: 1136 - Found 40 in 关节4转关节5 大-1
2026-07-01 16:09:19,719 INFO  ExportHelperExtension.cs: 1145 - Found 0 features of type [CoordSys] in 关节4转关节5 大-1
2026-07-01 16:09:19,720 INFO  ExportHelperExtension.cs: 1125 - Retrieving features of type [CoordSys] from 关节3转关节4 大-1
2026-07-01 16:09:19,720 INFO  ExportHelperExtension.cs: 1136 - Found 40 in 关节3转关节4 大-1
2026-07-01 16:09:19,720 INFO  ExportHelperExtension.cs: 1145 - Found 0 features of type [CoordSys] in 关节3转关节4 大-1
2026-07-01 16:09:19,720 INFO  ExportHelperExtension.cs: 1125 - Retrieving features of type [CoordSys] from 4340p转子-1
2026-07-01 16:09:19,721 INFO  ExportHelperExtension.cs: 1136 - Found 33 in 4340p转子-1
2026-07-01 16:09:19,721 INFO  ExportHelperExtension.cs: 1145 - Found 0 features of type [CoordSys] in 4340p转子-1
2026-07-01 16:09:19,721 INFO  ExportHelperExtension.cs: 1125 - Retrieving features of type [CoordSys] from 轴承-2
2026-07-01 16:09:19,722 INFO  ExportHelperExtension.cs: 1136 - Found 40 in 轴承-2
2026-07-01 16:09:19,722 INFO  ExportHelperExtension.cs: 1145 - Found 0 features of type [CoordSys] in 轴承-2
2026-07-01 16:09:19,722 INFO  ExportHelperExtension.cs: 1125 - Retrieving features of type [CoordSys] from 关节3转关节4 小-1
2026-07-01 16:09:19,723 INFO  ExportHelperExtension.cs: 1136 - Found 40 in 关节3转关节4 小-1
2026-07-01 16:09:19,723 INFO  ExportHelperExtension.cs: 1145 - Found 0 features of type [CoordSys] in 关节3转关节4 小-1
2026-07-01 16:09:19,724 INFO  ExportHelperExtension.cs: 1125 - Retrieving features of type [CoordSys] from 4340p定子-1
2026-07-01 16:09:19,724 INFO  ExportHelperExtension.cs: 1136 - Found 45 in 4340p定子-1
2026-07-01 16:09:19,724 INFO  ExportHelperExtension.cs: 1145 - Found 0 features of type [CoordSys] in 4340p定子-1
2026-07-01 16:09:19,725 INFO  ExportHelperExtension.cs: 1125 - Retrieving features of type [CoordSys] from 4310定子-3
2026-07-01 16:09:19,725 INFO  ExportHelperExtension.cs: 1136 - Found 29 in 4310定子-3
2026-07-01 16:09:19,726 INFO  ExportHelperExtension.cs: 1145 - Found 0 features of type [CoordSys] in 4310定子-3
2026-07-01 16:09:19,726 INFO  ExportHelperExtension.cs: 1125 - Retrieving features of type [CoordSys] from 轴承-3
2026-07-01 16:09:19,726 INFO  ExportHelperExtension.cs: 1136 - Found 40 in 轴承-3
2026-07-01 16:09:19,727 INFO  ExportHelperExtension.cs: 1145 - Found 0 features of type [CoordSys] in 轴承-3
2026-07-01 16:09:19,727 INFO  ExportHelperExtension.cs: 1125 - Retrieving features of type [CoordSys] from 关节5转关节6 大-1
2026-07-01 16:09:19,727 INFO  ExportHelperExtension.cs: 1136 - Found 40 in 关节5转关节6 大-1
2026-07-01 16:09:19,728 INFO  ExportHelperExtension.cs: 1145 - Found 0 features of type [CoordSys] in 关节5转关节6 大-1
2026-07-01 16:09:19,728 INFO  ExportHelperExtension.cs: 1125 - Retrieving features of type [CoordSys] from 关节5转关节6 小最新版-1
2026-07-01 16:09:19,728 INFO  ExportHelperExtension.cs: 1136 - Found 40 in 关节5转关节6 小最新版-1
2026-07-01 16:09:19,729 INFO  ExportHelperExtension.cs: 1145 - Found 0 features of type [CoordSys] in 关节5转关节6 小最新版-1
2026-07-01 16:09:19,729 INFO  ExportHelperExtension.cs: 1125 - Retrieving features of type [CoordSys] from 4310定子-5
2026-07-01 16:09:19,729 INFO  ExportHelperExtension.cs: 1136 - Found 29 in 4310定子-5
2026-07-01 16:09:19,729 INFO  ExportHelperExtension.cs: 1145 - Found 0 features of type [CoordSys] in 4310定子-5
2026-07-01 16:09:19,730 INFO  ExportHelperExtension.cs: 1125 - Retrieving features of type [CoordSys] from 4310转子-4
2026-07-01 16:09:19,730 INFO  ExportHelperExtension.cs: 1136 - Found 35 in 4310转子-4
2026-07-01 16:09:19,730 INFO  ExportHelperExtension.cs: 1145 - Found 0 features of type [CoordSys] in 4310转子-4
2026-07-01 16:09:19,731 INFO  ExportHelperExtension.cs: 1125 - Retrieving features of type [CoordSys] from 末端指示带圆球最新-1
2026-07-01 16:09:19,731 INFO  ExportHelperExtension.cs: 1136 - Found 29 in 末端指示带圆球最新-1
2026-07-01 16:09:19,732 INFO  ExportHelperExtension.cs: 1145 - Found 0 features of type [CoordSys] in 末端指示带圆球最新-1
2026-07-01 16:09:19,732 INFO  ExportHelperExtension.cs: 1125 - Retrieving features of type [CoordSys] from 4310转子-5
2026-07-01 16:09:19,732 INFO  ExportHelperExtension.cs: 1136 - Found 35 in 4310转子-5
2026-07-01 16:09:19,733 INFO  ExportHelperExtension.cs: 1145 - Found 0 features of type [CoordSys] in 4310转子-5
2026-07-01 16:09:19,733 INFO  ExportHelperExtension.cs: 1125 - Retrieving features of type [CoordSys] from 4310转子-2
2026-07-01 16:09:19,733 INFO  ExportHelperExtension.cs: 1136 - Found 35 in 4310转子-2
2026-07-01 16:09:19,733 INFO  ExportHelperExtension.cs: 1145 - Found 0 features of type [CoordSys] in 4310转子-2
2026-07-01 16:09:19,734 INFO  ExportHelperExtension.cs: 1125 - Retrieving features of type [CoordSys] from 大底座-1
2026-07-01 16:09:19,734 INFO  ExportHelperExtension.cs: 1136 - Found 40 in 大底座-1
2026-07-01 16:09:19,735 INFO  ExportHelperExtension.cs: 1145 - Found 0 features of type [CoordSys] in 大底座-1
2026-07-01 16:09:19,735 INFO  ExportHelperExtension.cs: 1125 - Retrieving features of type [CoordSys] from 关节1保护-2
2026-07-01 16:09:19,735 INFO  ExportHelperExtension.cs: 1136 - Found 28 in 关节1保护-2
2026-07-01 16:09:19,736 INFO  ExportHelperExtension.cs: 1145 - Found 0 features of type [CoordSys] in 关节1保护-2
2026-07-01 16:09:19,736 INFO  ExportHelperExtension.cs: 1125 - Retrieving features of type [CoordSys] from 关节1转关节2底座-1
2026-07-01 16:09:19,736 INFO  ExportHelperExtension.cs: 1136 - Found 40 in 关节1转关节2底座-1
2026-07-01 16:09:19,736 INFO  ExportHelperExtension.cs: 1145 - Found 0 features of type [CoordSys] in 关节1转关节2底座-1
2026-07-01 16:09:19,737 INFO  ExportHelperExtension.cs: 1125 - Retrieving features of type [CoordSys] from 4340定子-1
2026-07-01 16:09:19,737 INFO  ExportHelperExtension.cs: 1136 - Found 45 in 4340定子-1
2026-07-01 16:09:19,737 INFO  ExportHelperExtension.cs: 1145 - Found 0 features of type [CoordSys] in 4340定子-1
2026-07-01 16:09:19,738 INFO  ExportHelperExtension.cs: 1125 - Retrieving features of type [CoordSys] from 4340转子-1
2026-07-01 16:09:19,738 INFO  ExportHelperExtension.cs: 1136 - Found 35 in 4340转子-1
2026-07-01 16:09:19,738 INFO  ExportHelperExtension.cs: 1145 - Found 0 features of type [CoordSys] in 4340转子-1
2026-07-01 16:09:19,738 INFO  ExportHelperExtension.cs: 1125 - Retrieving features of type [CoordSys] from 4310定子-2
2026-07-01 16:09:19,739 INFO  ExportHelperExtension.cs: 1136 - Found 29 in 4310定子-2
2026-07-01 16:09:19,739 INFO  ExportHelperExtension.cs: 1145 - Found 0 features of type [CoordSys] in 4310定子-2
2026-07-01 16:09:19,739 INFO  ExportHelperExtension.cs: 1125 - Retrieving features of type [CoordSys] from 关节2转关节3 大-1
2026-07-01 16:09:19,740 INFO  ExportHelperExtension.cs: 1136 - Found 28 in 关节2转关节3 大-1
2026-07-01 16:09:19,740 INFO  ExportHelperExtension.cs: 1145 - Found 0 features of type [CoordSys] in 关节2转关节3 大-1
2026-07-01 16:09:19,740 INFO  ExportHelperExtension.cs: 1125 - Retrieving features of type [CoordSys] from 轴承-1
2026-07-01 16:09:19,740 INFO  ExportHelperExtension.cs: 1136 - Found 40 in 轴承-1
2026-07-01 16:09:19,740 INFO  ExportHelperExtension.cs: 1145 - Found 0 features of type [CoordSys] in 轴承-1
2026-07-01 16:09:19,740 INFO  ExportHelperExtension.cs: 1125 - Retrieving features of type [CoordSys] from 关节2转关节3 小-1
2026-07-01 16:09:19,741 INFO  ExportHelperExtension.cs: 1136 - Found 40 in 关节2转关节3 小-1
2026-07-01 16:09:19,741 INFO  ExportHelperExtension.cs: 1145 - Found 0 features of type [CoordSys] in 关节2转关节3 小-1
2026-07-01 16:09:19,741 INFO  ExportHelperExtension.cs: 1125 - Retrieving features of type [CoordSys] from 关节4转关节5 小-2
2026-07-01 16:09:19,742 INFO  ExportHelperExtension.cs: 1136 - Found 28 in 关节4转关节5 小-2
2026-07-01 16:09:19,742 INFO  ExportHelperExtension.cs: 1145 - Found 0 features of type [CoordSys] in 关节4转关节5 小-2
2026-07-01 16:09:19,745 INFO  ExportHelperExtension.cs: 1125 - Retrieving features of type [RefAxis] from Coucouarm_v5.SLDASM
2026-07-01 16:09:19,745 INFO  ExportHelperExtension.cs: 1136 - Found 162 in Coucouarm_v5.SLDASM
2026-07-01 16:09:19,746 INFO  ExportHelperExtension.cs: 1145 - Found 7 features of type [RefAxis] in Coucouarm_v5.SLDASM
2026-07-01 16:09:19,747 INFO  ExportHelperExtension.cs: 1148 - Proceeding through assembly components
2026-07-01 16:09:19,747 INFO  ExportHelperExtension.cs: 1160 - 27 components to check
2026-07-01 16:09:19,747 INFO  ExportHelperExtension.cs: 1125 - Retrieving features of type [RefAxis] from 4310转子-3
2026-07-01 16:09:19,747 INFO  ExportHelperExtension.cs: 1136 - Found 35 in 4310转子-3
2026-07-01 16:09:19,748 INFO  ExportHelperExtension.cs: 1145 - Found 0 features of type [RefAxis] in 4310转子-3
2026-07-01 16:09:19,748 INFO  ExportHelperExtension.cs: 1125 - Retrieving features of type [RefAxis] from 4310定子-4
2026-07-01 16:09:19,824 INFO  ExportHelperExtension.cs: 1136 - Found 29 in 4310定子-4
2026-07-01 16:09:19,825 INFO  ExportHelperExtension.cs: 1145 - Found 0 features of type [RefAxis] in 4310定子-4
2026-07-01 16:09:19,826 INFO  ExportHelperExtension.cs: 1125 - Retrieving features of type [RefAxis] from 关节4转关节5 大-1
2026-07-01 16:09:19,826 INFO  ExportHelperExtension.cs: 1136 - Found 40 in 关节4转关节5 大-1
2026-07-01 16:09:19,826 INFO  ExportHelperExtension.cs: 1145 - Found 0 features of type [RefAxis] in 关节4转关节5 大-1
2026-07-01 16:09:19,827 INFO  ExportHelperExtension.cs: 1125 - Retrieving features of type [RefAxis] from 关节3转关节4 大-1
2026-07-01 16:09:19,827 INFO  ExportHelperExtension.cs: 1136 - Found 40 in 关节3转关节4 大-1
2026-07-01 16:09:19,827 INFO  ExportHelperExtension.cs: 1145 - Found 0 features of type [RefAxis] in 关节3转关节4 大-1
2026-07-01 16:09:19,828 INFO  ExportHelperExtension.cs: 1125 - Retrieving features of type [RefAxis] from 4340p转子-1
2026-07-01 16:09:19,828 INFO  ExportHelperExtension.cs: 1136 - Found 33 in 4340p转子-1
2026-07-01 16:09:19,829 INFO  ExportHelperExtension.cs: 1145 - Found 0 features of type [RefAxis] in 4340p转子-1
2026-07-01 16:09:19,829 INFO  ExportHelperExtension.cs: 1125 - Retrieving features of type [RefAxis] from 轴承-2
2026-07-01 16:09:19,829 INFO  ExportHelperExtension.cs: 1136 - Found 40 in 轴承-2
2026-07-01 16:09:19,830 INFO  ExportHelperExtension.cs: 1145 - Found 0 features of type [RefAxis] in 轴承-2
2026-07-01 16:09:19,830 INFO  ExportHelperExtension.cs: 1125 - Retrieving features of type [RefAxis] from 关节3转关节4 小-1
2026-07-01 16:09:19,831 INFO  ExportHelperExtension.cs: 1136 - Found 40 in 关节3转关节4 小-1
2026-07-01 16:09:19,832 INFO  ExportHelperExtension.cs: 1145 - Found 0 features of type [RefAxis] in 关节3转关节4 小-1
2026-07-01 16:09:19,832 INFO  ExportHelperExtension.cs: 1125 - Retrieving features of type [RefAxis] from 4340p定子-1
2026-07-01 16:09:19,832 INFO  ExportHelperExtension.cs: 1136 - Found 45 in 4340p定子-1
2026-07-01 16:09:19,833 INFO  ExportHelperExtension.cs: 1145 - Found 0 features of type [RefAxis] in 4340p定子-1
2026-07-01 16:09:19,833 INFO  ExportHelperExtension.cs: 1125 - Retrieving features of type [RefAxis] from 4310定子-3
2026-07-01 16:09:19,833 INFO  ExportHelperExtension.cs: 1136 - Found 29 in 4310定子-3
2026-07-01 16:09:19,833 INFO  ExportHelperExtension.cs: 1145 - Found 0 features of type [RefAxis] in 4310定子-3
2026-07-01 16:09:19,834 INFO  ExportHelperExtension.cs: 1125 - Retrieving features of type [RefAxis] from 轴承-3
2026-07-01 16:09:19,834 INFO  ExportHelperExtension.cs: 1136 - Found 40 in 轴承-3
2026-07-01 16:09:19,834 INFO  ExportHelperExtension.cs: 1145 - Found 0 features of type [RefAxis] in 轴承-3
2026-07-01 16:09:19,835 INFO  ExportHelperExtension.cs: 1125 - Retrieving features of type [RefAxis] from 关节5转关节6 大-1
2026-07-01 16:09:19,835 INFO  ExportHelperExtension.cs: 1136 - Found 40 in 关节5转关节6 大-1
2026-07-01 16:09:19,835 INFO  ExportHelperExtension.cs: 1145 - Found 0 features of type [RefAxis] in 关节5转关节6 大-1
2026-07-01 16:09:19,835 INFO  ExportHelperExtension.cs: 1125 - Retrieving features of type [RefAxis] from 关节5转关节6 小最新版-1
2026-07-01 16:09:19,836 INFO  ExportHelperExtension.cs: 1136 - Found 40 in 关节5转关节6 小最新版-1
2026-07-01 16:09:19,836 INFO  ExportHelperExtension.cs: 1145 - Found 0 features of type [RefAxis] in 关节5转关节6 小最新版-1
2026-07-01 16:09:19,836 INFO  ExportHelperExtension.cs: 1125 - Retrieving features of type [RefAxis] from 4310定子-5
2026-07-01 16:09:19,836 INFO  ExportHelperExtension.cs: 1136 - Found 29 in 4310定子-5
2026-07-01 16:09:19,837 INFO  ExportHelperExtension.cs: 1145 - Found 0 features of type [RefAxis] in 4310定子-5
2026-07-01 16:09:19,837 INFO  ExportHelperExtension.cs: 1125 - Retrieving features of type [RefAxis] from 4310转子-4
2026-07-01 16:09:19,837 INFO  ExportHelperExtension.cs: 1136 - Found 35 in 4310转子-4
2026-07-01 16:09:19,838 INFO  ExportHelperExtension.cs: 1145 - Found 0 features of type [RefAxis] in 4310转子-4
2026-07-01 16:09:19,838 INFO  ExportHelperExtension.cs: 1125 - Retrieving features of type [RefAxis] from 末端指示带圆球最新-1
2026-07-01 16:09:19,838 INFO  ExportHelperExtension.cs: 1136 - Found 29 in 末端指示带圆球最新-1
2026-07-01 16:09:19,838 INFO  ExportHelperExtension.cs: 1145 - Found 0 features of type [RefAxis] in 末端指示带圆球最新-1
2026-07-01 16:09:19,839 INFO  ExportHelperExtension.cs: 1125 - Retrieving features of type [RefAxis] from 4310转子-5
2026-07-01 16:09:19,839 INFO  ExportHelperExtension.cs: 1136 - Found 35 in 4310转子-5
2026-07-01 16:09:19,839 INFO  ExportHelperExtension.cs: 1145 - Found 0 features of type [RefAxis] in 4310转子-5
2026-07-01 16:09:19,839 INFO  ExportHelperExtension.cs: 1125 - Retrieving features of type [RefAxis] from 4310转子-2
2026-07-01 16:09:19,840 INFO  ExportHelperExtension.cs: 1136 - Found 35 in 4310转子-2
2026-07-01 16:09:19,840 INFO  ExportHelperExtension.cs: 1145 - Found 0 features of type [RefAxis] in 4310转子-2
2026-07-01 16:09:19,840 INFO  ExportHelperExtension.cs: 1125 - Retrieving features of type [RefAxis] from 大底座-1
2026-07-01 16:09:19,840 INFO  ExportHelperExtension.cs: 1136 - Found 40 in 大底座-1
2026-07-01 16:09:19,840 INFO  ExportHelperExtension.cs: 1145 - Found 0 features of type [RefAxis] in 大底座-1
2026-07-01 16:09:19,841 INFO  ExportHelperExtension.cs: 1125 - Retrieving features of type [RefAxis] from 关节1保护-2
2026-07-01 16:09:19,841 INFO  ExportHelperExtension.cs: 1136 - Found 28 in 关节1保护-2
2026-07-01 16:09:19,841 INFO  ExportHelperExtension.cs: 1145 - Found 0 features of type [RefAxis] in 关节1保护-2
2026-07-01 16:09:19,841 INFO  ExportHelperExtension.cs: 1125 - Retrieving features of type [RefAxis] from 关节1转关节2底座-1
2026-07-01 16:09:19,842 INFO  ExportHelperExtension.cs: 1136 - Found 40 in 关节1转关节2底座-1
2026-07-01 16:09:19,842 INFO  ExportHelperExtension.cs: 1145 - Found 0 features of type [RefAxis] in 关节1转关节2底座-1
2026-07-01 16:09:19,842 INFO  ExportHelperExtension.cs: 1125 - Retrieving features of type [RefAxis] from 4340定子-1
2026-07-01 16:09:19,842 INFO  ExportHelperExtension.cs: 1136 - Found 45 in 4340定子-1
2026-07-01 16:09:19,844 INFO  ExportHelperExtension.cs: 1145 - Found 0 features of type [RefAxis] in 4340定子-1
2026-07-01 16:09:19,844 INFO  ExportHelperExtension.cs: 1125 - Retrieving features of type [RefAxis] from 4340转子-1
2026-07-01 16:09:19,844 INFO  ExportHelperExtension.cs: 1136 - Found 35 in 4340转子-1
2026-07-01 16:09:19,844 INFO  ExportHelperExtension.cs: 1145 - Found 0 features of type [RefAxis] in 4340转子-1
2026-07-01 16:09:19,845 INFO  ExportHelperExtension.cs: 1125 - Retrieving features of type [RefAxis] from 4310定子-2
2026-07-01 16:09:19,845 INFO  ExportHelperExtension.cs: 1136 - Found 29 in 4310定子-2
2026-07-01 16:09:19,845 INFO  ExportHelperExtension.cs: 1145 - Found 0 features of type [RefAxis] in 4310定子-2
2026-07-01 16:09:19,845 INFO  ExportHelperExtension.cs: 1125 - Retrieving features of type [RefAxis] from 关节2转关节3 大-1
2026-07-01 16:09:19,845 INFO  ExportHelperExtension.cs: 1136 - Found 28 in 关节2转关节3 大-1
2026-07-01 16:09:19,846 INFO  ExportHelperExtension.cs: 1145 - Found 0 features of type [RefAxis] in 关节2转关节3 大-1
2026-07-01 16:09:19,846 INFO  ExportHelperExtension.cs: 1125 - Retrieving features of type [RefAxis] from 轴承-1
2026-07-01 16:09:19,846 INFO  ExportHelperExtension.cs: 1136 - Found 40 in 轴承-1
2026-07-01 16:09:19,846 INFO  ExportHelperExtension.cs: 1145 - Found 0 features of type [RefAxis] in 轴承-1
2026-07-01 16:09:19,847 INFO  ExportHelperExtension.cs: 1125 - Retrieving features of type [RefAxis] from 关节2转关节3 小-1
2026-07-01 16:09:19,847 INFO  ExportHelperExtension.cs: 1136 - Found 40 in 关节2转关节3 小-1
2026-07-01 16:09:19,847 INFO  ExportHelperExtension.cs: 1145 - Found 0 features of type [RefAxis] in 关节2转关节3 小-1
2026-07-01 16:09:19,847 INFO  ExportHelperExtension.cs: 1125 - Retrieving features of type [RefAxis] from 关节4转关节5 小-2
2026-07-01 16:09:19,848 INFO  ExportHelperExtension.cs: 1136 - Found 28 in 关节4转关节5 小-2
2026-07-01 16:09:19,848 INFO  ExportHelperExtension.cs: 1145 - Found 0 features of type [RefAxis] in 关节4转关节5 小-2
2026-07-01 16:09:19,892 INFO  SwAddin.cs: 339 - Loading config tree
2026-07-01 16:09:19,893 INFO  ExportPropertyManagerExtension.cs: 520 - Starting new configuration
2026-07-01 16:09:19,895 INFO  SwAddin.cs: 344 - Showing property manager
2026-07-01 16:09:22,005 INFO  ExportPropertyManager.cs: 1136 - OnNumberBoxTrackingCompleted called. This method no longer throws an Exception. It just silently does nothing. Ok, except for this logging message
2026-07-01 16:09:22,040 INFO  ExportPropertyManager.cs: 1136 - OnNumberBoxTrackingCompleted called. This method no longer throws an Exception. It just silently does nothing. Ok, except for this logging message
2026-07-01 16:09:24,205 INFO  ExportPropertyManager.cs: 1136 - OnNumberBoxTrackingCompleted called. This method no longer throws an Exception. It just silently does nothing. Ok, except for this logging message
2026-07-01 16:09:29,833 INFO  ExportPropertyManager.cs: 1018 - OnComboboxSelectionChanged called. This method no longer throws an Exception. It just silently does nothing. Ok, except for this logging message
2026-07-01 16:09:33,409 INFO  ExportPropertyManager.cs: 1136 - OnNumberBoxTrackingCompleted called. This method no longer throws an Exception. It just silently does nothing. Ok, except for this logging message
2026-07-01 16:09:51,923 INFO  ExportPropertyManager.cs: 1136 - OnNumberBoxTrackingCompleted called. This method no longer throws an Exception. It just silently does nothing. Ok, except for this logging message
2026-07-01 16:10:04,063 INFO  ExportPropertyManager.cs: 1018 - OnComboboxSelectionChanged called. This method no longer throws an Exception. It just silently does nothing. Ok, except for this logging message
2026-07-01 16:10:06,041 INFO  ExportPropertyManager.cs: 1018 - OnComboboxSelectionChanged called. This method no longer throws an Exception. It just silently does nothing. Ok, except for this logging message
2026-07-01 16:10:08,171 INFO  ExportPropertyManager.cs: 1018 - OnComboboxSelectionChanged called. This method no longer throws an Exception. It just silently does nothing. Ok, except for this logging message
2026-07-01 16:10:12,692 INFO  ExportPropertyManager.cs: 1142 - AfterClose called. This method no longer throws an Exception. It just silently does nothing. Ok, except for this logging message
2026-07-01 16:10:30,257 INFO  SwAddin.cs: 294 - Assembly export called for file Coucouarm_v5.SLDASM
2026-07-01 16:10:31,942 INFO  SwAddin.cs: 313 - Saving assembly
2026-07-01 16:10:33,025 INFO  SwAddin.cs: 316 - Opening property manager
2026-07-01 16:10:33,026 INFO  ExportHelperExtension.cs: 1125 - Retrieving features of type [CoordSys] from Coucouarm_v5.SLDASM
2026-07-01 16:10:33,026 INFO  ExportHelperExtension.cs: 1136 - Found 162 in Coucouarm_v5.SLDASM
2026-07-01 16:10:33,027 INFO  ExportHelperExtension.cs: 1145 - Found 7 features of type [CoordSys] in Coucouarm_v5.SLDASM
2026-07-01 16:10:33,027 INFO  ExportHelperExtension.cs: 1148 - Proceeding through assembly components
2026-07-01 16:10:33,027 INFO  ExportHelperExtension.cs: 1160 - 27 components to check
2026-07-01 16:10:33,028 INFO  ExportHelperExtension.cs: 1125 - Retrieving features of type [CoordSys] from 4310转子-3
2026-07-01 16:10:33,028 INFO  ExportHelperExtension.cs: 1136 - Found 35 in 4310转子-3
2026-07-01 16:10:33,028 INFO  ExportHelperExtension.cs: 1145 - Found 0 features of type [CoordSys] in 4310转子-3
2026-07-01 16:10:33,029 INFO  ExportHelperExtension.cs: 1125 - Retrieving features of type [CoordSys] from 4310定子-4
2026-07-01 16:10:33,029 INFO  ExportHelperExtension.cs: 1136 - Found 29 in 4310定子-4
2026-07-01 16:10:33,029 INFO  ExportHelperExtension.cs: 1145 - Found 0 features of type [CoordSys] in 4310定子-4
2026-07-01 16:10:33,029 INFO  ExportHelperExtension.cs: 1125 - Retrieving features of type [CoordSys] from 关节4转关节5 大-1
2026-07-01 16:10:33,030 INFO  ExportHelperExtension.cs: 1136 - Found 40 in 关节4转关节5 大-1
2026-07-01 16:10:33,030 INFO  ExportHelperExtension.cs: 1145 - Found 0 features of type [CoordSys] in 关节4转关节5 大-1
2026-07-01 16:10:33,030 INFO  ExportHelperExtension.cs: 1125 - Retrieving features of type [CoordSys] from 关节3转关节4 大-1
2026-07-01 16:10:33,031 INFO  ExportHelperExtension.cs: 1136 - Found 40 in 关节3转关节4 大-1
2026-07-01 16:10:33,031 INFO  ExportHelperExtension.cs: 1145 - Found 0 features of type [CoordSys] in 关节3转关节4 大-1
2026-07-01 16:10:33,032 INFO  ExportHelperExtension.cs: 1125 - Retrieving features of type [CoordSys] from 4340p转子-1
2026-07-01 16:10:33,032 INFO  ExportHelperExtension.cs: 1136 - Found 33 in 4340p转子-1
2026-07-01 16:10:33,032 INFO  ExportHelperExtension.cs: 1145 - Found 0 features of type [CoordSys] in 4340p转子-1
2026-07-01 16:10:33,032 INFO  ExportHelperExtension.cs: 1125 - Retrieving features of type [CoordSys] from 轴承-2
2026-07-01 16:10:33,033 INFO  ExportHelperExtension.cs: 1136 - Found 40 in 轴承-2
2026-07-01 16:10:33,033 INFO  ExportHelperExtension.cs: 1145 - Found 0 features of type [CoordSys] in 轴承-2
2026-07-01 16:10:33,033 INFO  ExportHelperExtension.cs: 1125 - Retrieving features of type [CoordSys] from 关节3转关节4 小-1
2026-07-01 16:10:33,034 INFO  ExportHelperExtension.cs: 1136 - Found 40 in 关节3转关节4 小-1
2026-07-01 16:10:33,034 INFO  ExportHelperExtension.cs: 1145 - Found 0 features of type [CoordSys] in 关节3转关节4 小-1
2026-07-01 16:10:33,034 INFO  ExportHelperExtension.cs: 1125 - Retrieving features of type [CoordSys] from 4340p定子-1
2026-07-01 16:10:33,036 INFO  ExportHelperExtension.cs: 1136 - Found 45 in 4340p定子-1
2026-07-01 16:10:33,036 INFO  ExportHelperExtension.cs: 1145 - Found 0 features of type [CoordSys] in 4340p定子-1
2026-07-01 16:10:33,036 INFO  ExportHelperExtension.cs: 1125 - Retrieving features of type [CoordSys] from 4310定子-3
2026-07-01 16:10:33,037 INFO  ExportHelperExtension.cs: 1136 - Found 29 in 4310定子-3
2026-07-01 16:10:33,037 INFO  ExportHelperExtension.cs: 1145 - Found 0 features of type [CoordSys] in 4310定子-3
2026-07-01 16:10:33,037 INFO  ExportHelperExtension.cs: 1125 - Retrieving features of type [CoordSys] from 轴承-3
2026-07-01 16:10:33,038 INFO  ExportHelperExtension.cs: 1136 - Found 40 in 轴承-3
2026-07-01 16:10:33,038 INFO  ExportHelperExtension.cs: 1145 - Found 0 features of type [CoordSys] in 轴承-3
2026-07-01 16:10:33,038 INFO  ExportHelperExtension.cs: 1125 - Retrieving features of type [CoordSys] from 关节5转关节6 大-1
2026-07-01 16:10:33,039 INFO  ExportHelperExtension.cs: 1136 - Found 40 in 关节5转关节6 大-1
2026-07-01 16:10:33,039 INFO  ExportHelperExtension.cs: 1145 - Found 0 features of type [CoordSys] in 关节5转关节6 大-1
2026-07-01 16:10:33,039 INFO  ExportHelperExtension.cs: 1125 - Retrieving features of type [CoordSys] from 关节5转关节6 小最新版-1
2026-07-01 16:10:33,209 INFO  ExportHelperExtension.cs: 1136 - Found 40 in 关节5转关节6 小最新版-1
2026-07-01 16:10:33,210 INFO  ExportHelperExtension.cs: 1145 - Found 0 features of type [CoordSys] in 关节5转关节6 小最新版-1
2026-07-01 16:10:33,210 INFO  ExportHelperExtension.cs: 1125 - Retrieving features of type [CoordSys] from 4310定子-5
2026-07-01 16:10:33,210 INFO  ExportHelperExtension.cs: 1136 - Found 29 in 4310定子-5
2026-07-01 16:10:33,211 INFO  ExportHelperExtension.cs: 1145 - Found 0 features of type [CoordSys] in 4310定子-5
2026-07-01 16:10:33,211 INFO  ExportHelperExtension.cs: 1125 - Retrieving features of type [CoordSys] from 4310转子-4
2026-07-01 16:10:33,211 INFO  ExportHelperExtension.cs: 1136 - Found 35 in 4310转子-4
2026-07-01 16:10:33,212 INFO  ExportHelperExtension.cs: 1145 - Found 0 features of type [CoordSys] in 4310转子-4
2026-07-01 16:10:33,212 INFO  ExportHelperExtension.cs: 1125 - Retrieving features of type [CoordSys] from 末端指示带圆球最新-1
2026-07-01 16:10:33,212 INFO  ExportHelperExtension.cs: 1136 - Found 29 in 末端指示带圆球最新-1
2026-07-01 16:10:33,212 INFO  ExportHelperExtension.cs: 1145 - Found 0 features of type [CoordSys] in 末端指示带圆球最新-1
2026-07-01 16:10:33,212 INFO  ExportHelperExtension.cs: 1125 - Retrieving features of type [CoordSys] from 4310转子-5
2026-07-01 16:10:33,214 INFO  ExportHelperExtension.cs: 1136 - Found 35 in 4310转子-5
2026-07-01 16:10:33,214 INFO  ExportHelperExtension.cs: 1145 - Found 0 features of type [CoordSys] in 4310转子-5
2026-07-01 16:10:33,214 INFO  ExportHelperExtension.cs: 1125 - Retrieving features of type [CoordSys] from 4310转子-2
2026-07-01 16:10:33,214 INFO  ExportHelperExtension.cs: 1136 - Found 35 in 4310转子-2
2026-07-01 16:10:33,215 INFO  ExportHelperExtension.cs: 1145 - Found 0 features of type [CoordSys] in 4310转子-2
2026-07-01 16:10:33,215 INFO  ExportHelperExtension.cs: 1125 - Retrieving features of type [CoordSys] from 大底座-1
2026-07-01 16:10:33,215 INFO  ExportHelperExtension.cs: 1136 - Found 40 in 大底座-1
2026-07-01 16:10:33,216 INFO  ExportHelperExtension.cs: 1145 - Found 0 features of type [CoordSys] in 大底座-1
2026-07-01 16:10:33,216 INFO  ExportHelperExtension.cs: 1125 - Retrieving features of type [CoordSys] from 关节1保护-2
2026-07-01 16:10:33,216 INFO  ExportHelperExtension.cs: 1136 - Found 28 in 关节1保护-2
2026-07-01 16:10:33,217 INFO  ExportHelperExtension.cs: 1145 - Found 0 features of type [CoordSys] in 关节1保护-2
2026-07-01 16:10:33,217 INFO  ExportHelperExtension.cs: 1125 - Retrieving features of type [CoordSys] from 关节1转关节2底座-1
2026-07-01 16:10:33,217 INFO  ExportHelperExtension.cs: 1136 - Found 40 in 关节1转关节2底座-1
2026-07-01 16:10:33,218 INFO  ExportHelperExtension.cs: 1145 - Found 0 features of type [CoordSys] in 关节1转关节2底座-1
2026-07-01 16:10:33,218 INFO  ExportHelperExtension.cs: 1125 - Retrieving features of type [CoordSys] from 4340定子-1
2026-07-01 16:10:33,218 INFO  ExportHelperExtension.cs: 1136 - Found 45 in 4340定子-1
2026-07-01 16:10:33,219 INFO  ExportHelperExtension.cs: 1145 - Found 0 features of type [CoordSys] in 4340定子-1
2026-07-01 16:10:33,219 INFO  ExportHelperExtension.cs: 1125 - Retrieving features of type [CoordSys] from 4340转子-1
2026-07-01 16:10:33,219 INFO  ExportHelperExtension.cs: 1136 - Found 35 in 4340转子-1
2026-07-01 16:10:33,220 INFO  ExportHelperExtension.cs: 1145 - Found 0 features of type [CoordSys] in 4340转子-1
2026-07-01 16:10:33,220 INFO  ExportHelperExtension.cs: 1125 - Retrieving features of type [CoordSys] from 4310定子-2
2026-07-01 16:10:33,220 INFO  ExportHelperExtension.cs: 1136 - Found 29 in 4310定子-2
2026-07-01 16:10:33,220 INFO  ExportHelperExtension.cs: 1145 - Found 0 features of type [CoordSys] in 4310定子-2
2026-07-01 16:10:33,221 INFO  ExportHelperExtension.cs: 1125 - Retrieving features of type [CoordSys] from 关节2转关节3 大-1
2026-07-01 16:10:33,221 INFO  ExportHelperExtension.cs: 1136 - Found 28 in 关节2转关节3 大-1
2026-07-01 16:10:33,221 INFO  ExportHelperExtension.cs: 1145 - Found 0 features of type [CoordSys] in 关节2转关节3 大-1
2026-07-01 16:10:33,222 INFO  ExportHelperExtension.cs: 1125 - Retrieving features of type [CoordSys] from 轴承-1
2026-07-01 16:10:33,222 INFO  ExportHelperExtension.cs: 1136 - Found 40 in 轴承-1
2026-07-01 16:10:33,222 INFO  ExportHelperExtension.cs: 1145 - Found 0 features of type [CoordSys] in 轴承-1
2026-07-01 16:10:33,223 INFO  ExportHelperExtension.cs: 1125 - Retrieving features of type [CoordSys] from 关节2转关节3 小-1
2026-07-01 16:10:33,223 INFO  ExportHelperExtension.cs: 1136 - Found 40 in 关节2转关节3 小-1
2026-07-01 16:10:33,223 INFO  ExportHelperExtension.cs: 1145 - Found 0 features of type [CoordSys] in 关节2转关节3 小-1
2026-07-01 16:10:33,224 INFO  ExportHelperExtension.cs: 1125 - Retrieving features of type [CoordSys] from 关节4转关节5 小-2
2026-07-01 16:10:33,224 INFO  ExportHelperExtension.cs: 1136 - Found 28 in 关节4转关节5 小-2
2026-07-01 16:10:33,224 INFO  ExportHelperExtension.cs: 1145 - Found 0 features of type [CoordSys] in 关节4转关节5 小-2
2026-07-01 16:10:33,225 INFO  ExportHelperExtension.cs: 1125 - Retrieving features of type [RefAxis] from Coucouarm_v5.SLDASM
2026-07-01 16:10:33,225 INFO  ExportHelperExtension.cs: 1136 - Found 162 in Coucouarm_v5.SLDASM
2026-07-01 16:10:33,226 INFO  ExportHelperExtension.cs: 1145 - Found 7 features of type [RefAxis] in Coucouarm_v5.SLDASM
2026-07-01 16:10:33,226 INFO  ExportHelperExtension.cs: 1148 - Proceeding through assembly components
2026-07-01 16:10:33,226 INFO  ExportHelperExtension.cs: 1160 - 27 components to check
2026-07-01 16:10:33,226 INFO  ExportHelperExtension.cs: 1125 - Retrieving features of type [RefAxis] from 4310转子-3
2026-07-01 16:10:33,227 INFO  ExportHelperExtension.cs: 1136 - Found 35 in 4310转子-3
2026-07-01 16:10:33,227 INFO  ExportHelperExtension.cs: 1145 - Found 0 features of type [RefAxis] in 4310转子-3
2026-07-01 16:10:33,227 INFO  ExportHelperExtension.cs: 1125 - Retrieving features of type [RefAxis] from 4310定子-4
2026-07-01 16:10:33,228 INFO  ExportHelperExtension.cs: 1136 - Found 29 in 4310定子-4
2026-07-01 16:10:33,228 INFO  ExportHelperExtension.cs: 1145 - Found 0 features of type [RefAxis] in 4310定子-4
2026-07-01 16:10:33,228 INFO  ExportHelperExtension.cs: 1125 - Retrieving features of type [RefAxis] from 关节4转关节5 大-1
2026-07-01 16:10:33,229 INFO  ExportHelperExtension.cs: 1136 - Found 40 in 关节4转关节5 大-1
2026-07-01 16:10:33,229 INFO  ExportHelperExtension.cs: 1145 - Found 0 features of type [RefAxis] in 关节4转关节5 大-1
2026-07-01 16:10:33,229 INFO  ExportHelperExtension.cs: 1125 - Retrieving features of type [RefAxis] from 关节3转关节4 大-1
2026-07-01 16:10:33,229 INFO  ExportHelperExtension.cs: 1136 - Found 40 in 关节3转关节4 大-1
2026-07-01 16:10:33,230 INFO  ExportHelperExtension.cs: 1145 - Found 0 features of type [RefAxis] in 关节3转关节4 大-1
2026-07-01 16:10:33,230 INFO  ExportHelperExtension.cs: 1125 - Retrieving features of type [RefAxis] from 4340p转子-1
2026-07-01 16:10:33,230 INFO  ExportHelperExtension.cs: 1136 - Found 33 in 4340p转子-1
2026-07-01 16:10:33,231 INFO  ExportHelperExtension.cs: 1145 - Found 0 features of type [RefAxis] in 4340p转子-1
2026-07-01 16:10:33,231 INFO  ExportHelperExtension.cs: 1125 - Retrieving features of type [RefAxis] from 轴承-2
2026-07-01 16:10:33,231 INFO  ExportHelperExtension.cs: 1136 - Found 40 in 轴承-2
2026-07-01 16:10:33,232 INFO  ExportHelperExtension.cs: 1145 - Found 0 features of type [RefAxis] in 轴承-2
2026-07-01 16:10:33,232 INFO  ExportHelperExtension.cs: 1125 - Retrieving features of type [RefAxis] from 关节3转关节4 小-1
2026-07-01 16:10:33,232 INFO  ExportHelperExtension.cs: 1136 - Found 40 in 关节3转关节4 小-1
2026-07-01 16:10:33,232 INFO  ExportHelperExtension.cs: 1145 - Found 0 features of type [RefAxis] in 关节3转关节4 小-1
2026-07-01 16:10:33,233 INFO  ExportHelperExtension.cs: 1125 - Retrieving features of type [RefAxis] from 4340p定子-1
2026-07-01 16:10:33,233 INFO  ExportHelperExtension.cs: 1136 - Found 45 in 4340p定子-1
2026-07-01 16:10:33,233 INFO  ExportHelperExtension.cs: 1145 - Found 0 features of type [RefAxis] in 4340p定子-1
2026-07-01 16:10:33,234 INFO  ExportHelperExtension.cs: 1125 - Retrieving features of type [RefAxis] from 4310定子-3
2026-07-01 16:10:33,234 INFO  ExportHelperExtension.cs: 1136 - Found 29 in 4310定子-3
2026-07-01 16:10:33,234 INFO  ExportHelperExtension.cs: 1145 - Found 0 features of type [RefAxis] in 4310定子-3
2026-07-01 16:10:33,234 INFO  ExportHelperExtension.cs: 1125 - Retrieving features of type [RefAxis] from 轴承-3
2026-07-01 16:10:33,235 INFO  ExportHelperExtension.cs: 1136 - Found 40 in 轴承-3
2026-07-01 16:10:33,235 INFO  ExportHelperExtension.cs: 1145 - Found 0 features of type [RefAxis] in 轴承-3
2026-07-01 16:10:33,235 INFO  ExportHelperExtension.cs: 1125 - Retrieving features of type [RefAxis] from 关节5转关节6 大-1
2026-07-01 16:10:33,236 INFO  ExportHelperExtension.cs: 1136 - Found 40 in 关节5转关节6 大-1
2026-07-01 16:10:33,236 INFO  ExportHelperExtension.cs: 1145 - Found 0 features of type [RefAxis] in 关节5转关节6 大-1
2026-07-01 16:10:33,236 INFO  ExportHelperExtension.cs: 1125 - Retrieving features of type [RefAxis] from 关节5转关节6 小最新版-1
2026-07-01 16:10:33,236 INFO  ExportHelperExtension.cs: 1136 - Found 40 in 关节5转关节6 小最新版-1
2026-07-01 16:10:33,237 INFO  ExportHelperExtension.cs: 1145 - Found 0 features of type [RefAxis] in 关节5转关节6 小最新版-1
2026-07-01 16:10:33,237 INFO  ExportHelperExtension.cs: 1125 - Retrieving features of type [RefAxis] from 4310定子-5
2026-07-01 16:10:33,237 INFO  ExportHelperExtension.cs: 1136 - Found 29 in 4310定子-5
2026-07-01 16:10:33,238 INFO  ExportHelperExtension.cs: 1145 - Found 0 features of type [RefAxis] in 4310定子-5
2026-07-01 16:10:33,238 INFO  ExportHelperExtension.cs: 1125 - Retrieving features of type [RefAxis] from 4310转子-4
2026-07-01 16:10:33,239 INFO  ExportHelperExtension.cs: 1136 - Found 35 in 4310转子-4
2026-07-01 16:10:33,239 INFO  ExportHelperExtension.cs: 1145 - Found 0 features of type [RefAxis] in 4310转子-4
2026-07-01 16:10:33,239 INFO  ExportHelperExtension.cs: 1125 - Retrieving features of type [RefAxis] from 末端指示带圆球最新-1
2026-07-01 16:10:33,240 INFO  ExportHelperExtension.cs: 1136 - Found 29 in 末端指示带圆球最新-1
2026-07-01 16:10:33,240 INFO  ExportHelperExtension.cs: 1145 - Found 0 features of type [RefAxis] in 末端指示带圆球最新-1
2026-07-01 16:10:33,241 INFO  ExportHelperExtension.cs: 1125 - Retrieving features of type [RefAxis] from 4310转子-5
2026-07-01 16:10:33,241 INFO  ExportHelperExtension.cs: 1136 - Found 35 in 4310转子-5
2026-07-01 16:10:33,241 INFO  ExportHelperExtension.cs: 1145 - Found 0 features of type [RefAxis] in 4310转子-5
2026-07-01 16:10:33,241 INFO  ExportHelperExtension.cs: 1125 - Retrieving features of type [RefAxis] from 4310转子-2
2026-07-01 16:10:33,242 INFO  ExportHelperExtension.cs: 1136 - Found 35 in 4310转子-2
2026-07-01 16:10:33,242 INFO  ExportHelperExtension.cs: 1145 - Found 0 features of type [RefAxis] in 4310转子-2
2026-07-01 16:10:33,242 INFO  ExportHelperExtension.cs: 1125 - Retrieving features of type [RefAxis] from 大底座-1
2026-07-01 16:10:33,242 INFO  ExportHelperExtension.cs: 1136 - Found 40 in 大底座-1
2026-07-01 16:10:33,243 INFO  ExportHelperExtension.cs: 1145 - Found 0 features of type [RefAxis] in 大底座-1
2026-07-01 16:10:33,243 INFO  ExportHelperExtension.cs: 1125 - Retrieving features of type [RefAxis] from 关节1保护-2
2026-07-01 16:10:33,243 INFO  ExportHelperExtension.cs: 1136 - Found 28 in 关节1保护-2
2026-07-01 16:10:33,244 INFO  ExportHelperExtension.cs: 1145 - Found 0 features of type [RefAxis] in 关节1保护-2
2026-07-01 16:10:33,244 INFO  ExportHelperExtension.cs: 1125 - Retrieving features of type [RefAxis] from 关节1转关节2底座-1
2026-07-01 16:10:33,244 INFO  ExportHelperExtension.cs: 1136 - Found 40 in 关节1转关节2底座-1
2026-07-01 16:10:33,244 INFO  ExportHelperExtension.cs: 1145 - Found 0 features of type [RefAxis] in 关节1转关节2底座-1
2026-07-01 16:10:33,245 INFO  ExportHelperExtension.cs: 1125 - Retrieving features of type [RefAxis] from 4340定子-1
2026-07-01 16:10:33,245 INFO  ExportHelperExtension.cs: 1136 - Found 45 in 4340定子-1
2026-07-01 16:10:33,245 INFO  ExportHelperExtension.cs: 1145 - Found 0 features of type [RefAxis] in 4340定子-1
2026-07-01 16:10:33,246 INFO  ExportHelperExtension.cs: 1125 - Retrieving features of type [RefAxis] from 4340转子-1
2026-07-01 16:10:33,246 INFO  ExportHelperExtension.cs: 1136 - Found 35 in 4340转子-1
2026-07-01 16:10:33,246 INFO  ExportHelperExtension.cs: 1145 - Found 0 features of type [RefAxis] in 4340转子-1
2026-07-01 16:10:33,246 INFO  ExportHelperExtension.cs: 1125 - Retrieving features of type [RefAxis] from 4310定子-2
2026-07-01 16:10:33,247 INFO  ExportHelperExtension.cs: 1136 - Found 29 in 4310定子-2
2026-07-01 16:10:33,247 INFO  ExportHelperExtension.cs: 1145 - Found 0 features of type [RefAxis] in 4310定子-2
2026-07-01 16:10:33,247 INFO  ExportHelperExtension.cs: 1125 - Retrieving features of type [RefAxis] from 关节2转关节3 大-1
2026-07-01 16:10:33,247 INFO  ExportHelperExtension.cs: 1136 - Found 28 in 关节2转关节3 大-1
2026-07-01 16:10:33,248 INFO  ExportHelperExtension.cs: 1145 - Found 0 features of type [RefAxis] in 关节2转关节3 大-1
2026-07-01 16:10:33,248 INFO  ExportHelperExtension.cs: 1125 - Retrieving features of type [RefAxis] from 轴承-1
2026-07-01 16:10:33,248 INFO  ExportHelperExtension.cs: 1136 - Found 40 in 轴承-1
2026-07-01 16:10:33,249 INFO  ExportHelperExtension.cs: 1145 - Found 0 features of type [RefAxis] in 轴承-1
2026-07-01 16:10:33,249 INFO  ExportHelperExtension.cs: 1125 - Retrieving features of type [RefAxis] from 关节2转关节3 小-1
2026-07-01 16:10:33,249 INFO  ExportHelperExtension.cs: 1136 - Found 40 in 关节2转关节3 小-1
2026-07-01 16:10:33,249 INFO  ExportHelperExtension.cs: 1145 - Found 0 features of type [RefAxis] in 关节2转关节3 小-1
2026-07-01 16:10:33,250 INFO  ExportHelperExtension.cs: 1125 - Retrieving features of type [RefAxis] from 关节4转关节5 小-2
2026-07-01 16:10:33,250 INFO  ExportHelperExtension.cs: 1136 - Found 28 in 关节4转关节5 小-2
2026-07-01 16:10:33,250 INFO  ExportHelperExtension.cs: 1145 - Found 0 features of type [RefAxis] in 关节4转关节5 小-2
2026-07-01 16:10:33,295 INFO  SwAddin.cs: 339 - Loading config tree
2026-07-01 16:10:33,296 INFO  ExportPropertyManagerExtension.cs: 520 - Starting new configuration
2026-07-01 16:10:33,298 INFO  SwAddin.cs: 344 - Showing property manager
2026-07-01 16:10:36,596 INFO  ExportPropertyManager.cs: 1018 - OnComboboxSelectionChanged called. This method no longer throws an Exception. It just silently does nothing. Ok, except for this logging message
2026-07-01 16:11:31,427 INFO  ExportPropertyManager.cs: 422 - Configuration saved
2026-07-01 16:11:33,420 INFO  ExportHelperExtension.cs: 1125 - Retrieving features of type [CoordSys] from Coucouarm_v5.SLDASM
2026-07-01 16:11:33,426 INFO  ExportHelperExtension.cs: 1136 - Found 163 in Coucouarm_v5.SLDASM
2026-07-01 16:11:33,427 INFO  ExportHelperExtension.cs: 1145 - Found 7 features of type [CoordSys] in Coucouarm_v5.SLDASM
2026-07-01 16:11:33,427 INFO  ExportHelperExtension.cs: 1148 - Proceeding through assembly components
2026-07-01 16:11:33,428 INFO  ExportHelperExtension.cs: 1160 - 27 components to check
2026-07-01 16:11:33,428 INFO  ExportHelperExtension.cs: 1125 - Retrieving features of type [CoordSys] from 4310转子-3
2026-07-01 16:11:33,428 INFO  ExportHelperExtension.cs: 1136 - Found 35 in 4310转子-3
2026-07-01 16:11:33,429 INFO  ExportHelperExtension.cs: 1145 - Found 0 features of type [CoordSys] in 4310转子-3
2026-07-01 16:11:33,429 INFO  ExportHelperExtension.cs: 1125 - Retrieving features of type [CoordSys] from 4310定子-4
2026-07-01 16:11:33,429 INFO  ExportHelperExtension.cs: 1136 - Found 29 in 4310定子-4
2026-07-01 16:11:33,429 INFO  ExportHelperExtension.cs: 1145 - Found 0 features of type [CoordSys] in 4310定子-4
2026-07-01 16:11:33,430 INFO  ExportHelperExtension.cs: 1125 - Retrieving features of type [CoordSys] from 关节4转关节5 大-1
2026-07-01 16:11:33,430 INFO  ExportHelperExtension.cs: 1136 - Found 40 in 关节4转关节5 大-1
2026-07-01 16:11:33,430 INFO  ExportHelperExtension.cs: 1145 - Found 0 features of type [CoordSys] in 关节4转关节5 大-1
2026-07-01 16:11:33,431 INFO  ExportHelperExtension.cs: 1125 - Retrieving features of type [CoordSys] from 关节3转关节4 大-1
2026-07-01 16:11:33,431 INFO  ExportHelperExtension.cs: 1136 - Found 40 in 关节3转关节4 大-1
2026-07-01 16:11:33,431 INFO  ExportHelperExtension.cs: 1145 - Found 0 features of type [CoordSys] in 关节3转关节4 大-1
2026-07-01 16:11:33,432 INFO  ExportHelperExtension.cs: 1125 - Retrieving features of type [CoordSys] from 4340p转子-1
2026-07-01 16:11:33,432 INFO  ExportHelperExtension.cs: 1136 - Found 33 in 4340p转子-1
2026-07-01 16:11:33,432 INFO  ExportHelperExtension.cs: 1145 - Found 0 features of type [CoordSys] in 4340p转子-1
2026-07-01 16:11:33,433 INFO  ExportHelperExtension.cs: 1125 - Retrieving features of type [CoordSys] from 轴承-2
2026-07-01 16:11:33,433 INFO  ExportHelperExtension.cs: 1136 - Found 40 in 轴承-2
2026-07-01 16:11:33,433 INFO  ExportHelperExtension.cs: 1145 - Found 0 features of type [CoordSys] in 轴承-2
2026-07-01 16:11:33,434 INFO  ExportHelperExtension.cs: 1125 - Retrieving features of type [CoordSys] from 关节3转关节4 小-1
2026-07-01 16:11:33,434 INFO  ExportHelperExtension.cs: 1136 - Found 40 in 关节3转关节4 小-1
2026-07-01 16:11:33,434 INFO  ExportHelperExtension.cs: 1145 - Found 0 features of type [CoordSys] in 关节3转关节4 小-1
2026-07-01 16:11:33,435 INFO  ExportHelperExtension.cs: 1125 - Retrieving features of type [CoordSys] from 4340p定子-1
2026-07-01 16:11:33,435 INFO  ExportHelperExtension.cs: 1136 - Found 45 in 4340p定子-1
2026-07-01 16:11:33,435 INFO  ExportHelperExtension.cs: 1145 - Found 0 features of type [CoordSys] in 4340p定子-1
2026-07-01 16:11:33,435 INFO  ExportHelperExtension.cs: 1125 - Retrieving features of type [CoordSys] from 4310定子-3
2026-07-01 16:11:33,436 INFO  ExportHelperExtension.cs: 1136 - Found 29 in 4310定子-3
2026-07-01 16:11:33,436 INFO  ExportHelperExtension.cs: 1145 - Found 0 features of type [CoordSys] in 4310定子-3
2026-07-01 16:11:33,436 INFO  ExportHelperExtension.cs: 1125 - Retrieving features of type [CoordSys] from 轴承-3
2026-07-01 16:11:33,437 INFO  ExportHelperExtension.cs: 1136 - Found 40 in 轴承-3
2026-07-01 16:11:33,437 INFO  ExportHelperExtension.cs: 1145 - Found 0 features of type [CoordSys] in 轴承-3
2026-07-01 16:11:33,437 INFO  ExportHelperExtension.cs: 1125 - Retrieving features of type [CoordSys] from 关节5转关节6 大-1
2026-07-01 16:11:33,438 INFO  ExportHelperExtension.cs: 1136 - Found 40 in 关节5转关节6 大-1
2026-07-01 16:11:33,438 INFO  ExportHelperExtension.cs: 1145 - Found 0 features of type [CoordSys] in 关节5转关节6 大-1
2026-07-01 16:11:33,438 INFO  ExportHelperExtension.cs: 1125 - Retrieving features of type [CoordSys] from 关节5转关节6 小最新版-1
2026-07-01 16:11:33,439 INFO  ExportHelperExtension.cs: 1136 - Found 40 in 关节5转关节6 小最新版-1
2026-07-01 16:11:33,439 INFO  ExportHelperExtension.cs: 1145 - Found 0 features of type [CoordSys] in 关节5转关节6 小最新版-1
2026-07-01 16:11:33,439 INFO  ExportHelperExtension.cs: 1125 - Retrieving features of type [CoordSys] from 4310定子-5
2026-07-01 16:11:33,440 INFO  ExportHelperExtension.cs: 1136 - Found 29 in 4310定子-5
2026-07-01 16:11:33,440 INFO  ExportHelperExtension.cs: 1145 - Found 0 features of type [CoordSys] in 4310定子-5
2026-07-01 16:11:33,440 INFO  ExportHelperExtension.cs: 1125 - Retrieving features of type [CoordSys] from 4310转子-4
2026-07-01 16:11:33,441 INFO  ExportHelperExtension.cs: 1136 - Found 35 in 4310转子-4
2026-07-01 16:11:33,441 INFO  ExportHelperExtension.cs: 1145 - Found 0 features of type [CoordSys] in 4310转子-4
2026-07-01 16:11:33,441 INFO  ExportHelperExtension.cs: 1125 - Retrieving features of type [CoordSys] from 末端指示带圆球最新-1
2026-07-01 16:11:33,441 INFO  ExportHelperExtension.cs: 1136 - Found 29 in 末端指示带圆球最新-1
2026-07-01 16:11:33,441 INFO  ExportHelperExtension.cs: 1145 - Found 0 features of type [CoordSys] in 末端指示带圆球最新-1
2026-07-01 16:11:33,441 INFO  ExportHelperExtension.cs: 1125 - Retrieving features of type [CoordSys] from 4310转子-5
2026-07-01 16:11:33,442 INFO  ExportHelperExtension.cs: 1136 - Found 35 in 4310转子-5
2026-07-01 16:11:33,442 INFO  ExportHelperExtension.cs: 1145 - Found 0 features of type [CoordSys] in 4310转子-5
2026-07-01 16:11:33,442 INFO  ExportHelperExtension.cs: 1125 - Retrieving features of type [CoordSys] from 4310转子-2
2026-07-01 16:11:33,443 INFO  ExportHelperExtension.cs: 1136 - Found 35 in 4310转子-2
2026-07-01 16:11:33,443 INFO  ExportHelperExtension.cs: 1145 - Found 0 features of type [CoordSys] in 4310转子-2
2026-07-01 16:11:33,443 INFO  ExportHelperExtension.cs: 1125 - Retrieving features of type [CoordSys] from 大底座-1
2026-07-01 16:11:33,443 INFO  ExportHelperExtension.cs: 1136 - Found 40 in 大底座-1
2026-07-01 16:11:33,444 INFO  ExportHelperExtension.cs: 1145 - Found 0 features of type [CoordSys] in 大底座-1
2026-07-01 16:11:33,444 INFO  ExportHelperExtension.cs: 1125 - Retrieving features of type [CoordSys] from 关节1保护-2
2026-07-01 16:11:33,444 INFO  ExportHelperExtension.cs: 1136 - Found 28 in 关节1保护-2
2026-07-01 16:11:33,445 INFO  ExportHelperExtension.cs: 1145 - Found 0 features of type [CoordSys] in 关节1保护-2
2026-07-01 16:11:33,445 INFO  ExportHelperExtension.cs: 1125 - Retrieving features of type [CoordSys] from 关节1转关节2底座-1
2026-07-01 16:11:33,588 INFO  ExportHelperExtension.cs: 1136 - Found 40 in 关节1转关节2底座-1
2026-07-01 16:11:33,590 INFO  ExportHelperExtension.cs: 1145 - Found 0 features of type [CoordSys] in 关节1转关节2底座-1
2026-07-01 16:11:33,590 INFO  ExportHelperExtension.cs: 1125 - Retrieving features of type [CoordSys] from 4340定子-1
2026-07-01 16:11:33,590 INFO  ExportHelperExtension.cs: 1136 - Found 45 in 4340定子-1
2026-07-01 16:11:33,590 INFO  ExportHelperExtension.cs: 1145 - Found 0 features of type [CoordSys] in 4340定子-1
2026-07-01 16:11:33,590 INFO  ExportHelperExtension.cs: 1125 - Retrieving features of type [CoordSys] from 4340转子-1
2026-07-01 16:11:33,591 INFO  ExportHelperExtension.cs: 1136 - Found 35 in 4340转子-1
2026-07-01 16:11:33,591 INFO  ExportHelperExtension.cs: 1145 - Found 0 features of type [CoordSys] in 4340转子-1
2026-07-01 16:11:33,591 INFO  ExportHelperExtension.cs: 1125 - Retrieving features of type [CoordSys] from 4310定子-2
2026-07-01 16:11:33,592 INFO  ExportHelperExtension.cs: 1136 - Found 29 in 4310定子-2
2026-07-01 16:11:33,592 INFO  ExportHelperExtension.cs: 1145 - Found 0 features of type [CoordSys] in 4310定子-2
2026-07-01 16:11:33,592 INFO  ExportHelperExtension.cs: 1125 - Retrieving features of type [CoordSys] from 关节2转关节3 大-1
2026-07-01 16:11:33,592 INFO  ExportHelperExtension.cs: 1136 - Found 28 in 关节2转关节3 大-1
2026-07-01 16:11:33,593 INFO  ExportHelperExtension.cs: 1145 - Found 0 features of type [CoordSys] in 关节2转关节3 大-1
2026-07-01 16:11:33,593 INFO  ExportHelperExtension.cs: 1125 - Retrieving features of type [CoordSys] from 轴承-1
2026-07-01 16:11:33,593 INFO  ExportHelperExtension.cs: 1136 - Found 40 in 轴承-1
2026-07-01 16:11:33,594 INFO  ExportHelperExtension.cs: 1145 - Found 0 features of type [CoordSys] in 轴承-1
2026-07-01 16:11:33,594 INFO  ExportHelperExtension.cs: 1125 - Retrieving features of type [CoordSys] from 关节2转关节3 小-1
2026-07-01 16:11:33,594 INFO  ExportHelperExtension.cs: 1136 - Found 40 in 关节2转关节3 小-1
2026-07-01 16:11:33,594 INFO  ExportHelperExtension.cs: 1145 - Found 0 features of type [CoordSys] in 关节2转关节3 小-1
2026-07-01 16:11:33,594 INFO  ExportHelperExtension.cs: 1125 - Retrieving features of type [CoordSys] from 关节4转关节5 小-2
2026-07-01 16:11:33,595 INFO  ExportHelperExtension.cs: 1136 - Found 28 in 关节4转关节5 小-2
2026-07-01 16:11:33,595 INFO  ExportHelperExtension.cs: 1145 - Found 0 features of type [CoordSys] in 关节4转关节5 小-2
2026-07-01 16:11:33,595 INFO  ExportHelperExtension.cs: 1125 - Retrieving features of type [RefAxis] from Coucouarm_v5.SLDASM
2026-07-01 16:11:33,596 INFO  ExportHelperExtension.cs: 1136 - Found 163 in Coucouarm_v5.SLDASM
2026-07-01 16:11:33,596 INFO  ExportHelperExtension.cs: 1145 - Found 7 features of type [RefAxis] in Coucouarm_v5.SLDASM
2026-07-01 16:11:33,596 INFO  ExportHelperExtension.cs: 1148 - Proceeding through assembly components
2026-07-01 16:11:33,597 INFO  ExportHelperExtension.cs: 1160 - 27 components to check
2026-07-01 16:11:33,597 INFO  ExportHelperExtension.cs: 1125 - Retrieving features of type [RefAxis] from 4310转子-3
2026-07-01 16:11:33,597 INFO  ExportHelperExtension.cs: 1136 - Found 35 in 4310转子-3
2026-07-01 16:11:33,598 INFO  ExportHelperExtension.cs: 1145 - Found 0 features of type [RefAxis] in 4310转子-3
2026-07-01 16:11:33,598 INFO  ExportHelperExtension.cs: 1125 - Retrieving features of type [RefAxis] from 4310定子-4
2026-07-01 16:11:33,598 INFO  ExportHelperExtension.cs: 1136 - Found 29 in 4310定子-4
2026-07-01 16:11:33,598 INFO  ExportHelperExtension.cs: 1145 - Found 0 features of type [RefAxis] in 4310定子-4
2026-07-01 16:11:33,599 INFO  ExportHelperExtension.cs: 1125 - Retrieving features of type [RefAxis] from 关节4转关节5 大-1
2026-07-01 16:11:33,599 INFO  ExportHelperExtension.cs: 1136 - Found 40 in 关节4转关节5 大-1
2026-07-01 16:11:33,599 INFO  ExportHelperExtension.cs: 1145 - Found 0 features of type [RefAxis] in 关节4转关节5 大-1
2026-07-01 16:11:33,599 INFO  ExportHelperExtension.cs: 1125 - Retrieving features of type [RefAxis] from 关节3转关节4 大-1
2026-07-01 16:11:33,601 INFO  ExportHelperExtension.cs: 1136 - Found 40 in 关节3转关节4 大-1
2026-07-01 16:11:33,601 INFO  ExportHelperExtension.cs: 1145 - Found 0 features of type [RefAxis] in 关节3转关节4 大-1
2026-07-01 16:11:33,601 INFO  ExportHelperExtension.cs: 1125 - Retrieving features of type [RefAxis] from 4340p转子-1
2026-07-01 16:11:33,601 INFO  ExportHelperExtension.cs: 1136 - Found 33 in 4340p转子-1
2026-07-01 16:11:33,602 INFO  ExportHelperExtension.cs: 1145 - Found 0 features of type [RefAxis] in 4340p转子-1
2026-07-01 16:11:33,602 INFO  ExportHelperExtension.cs: 1125 - Retrieving features of type [RefAxis] from 轴承-2
2026-07-01 16:11:33,602 INFO  ExportHelperExtension.cs: 1136 - Found 40 in 轴承-2
2026-07-01 16:11:33,602 INFO  ExportHelperExtension.cs: 1145 - Found 0 features of type [RefAxis] in 轴承-2
2026-07-01 16:11:33,603 INFO  ExportHelperExtension.cs: 1125 - Retrieving features of type [RefAxis] from 关节3转关节4 小-1
2026-07-01 16:11:33,603 INFO  ExportHelperExtension.cs: 1136 - Found 40 in 关节3转关节4 小-1
2026-07-01 16:11:33,603 INFO  ExportHelperExtension.cs: 1145 - Found 0 features of type [RefAxis] in 关节3转关节4 小-1
2026-07-01 16:11:33,603 INFO  ExportHelperExtension.cs: 1125 - Retrieving features of type [RefAxis] from 4340p定子-1
2026-07-01 16:11:33,604 INFO  ExportHelperExtension.cs: 1136 - Found 45 in 4340p定子-1
2026-07-01 16:11:33,604 INFO  ExportHelperExtension.cs: 1145 - Found 0 features of type [RefAxis] in 4340p定子-1
2026-07-01 16:11:33,604 INFO  ExportHelperExtension.cs: 1125 - Retrieving features of type [RefAxis] from 4310定子-3
2026-07-01 16:11:33,605 INFO  ExportHelperExtension.cs: 1136 - Found 29 in 4310定子-3
2026-07-01 16:11:33,605 INFO  ExportHelperExtension.cs: 1145 - Found 0 features of type [RefAxis] in 4310定子-3
2026-07-01 16:11:33,605 INFO  ExportHelperExtension.cs: 1125 - Retrieving features of type [RefAxis] from 轴承-3
2026-07-01 16:11:33,605 INFO  ExportHelperExtension.cs: 1136 - Found 40 in 轴承-3
2026-07-01 16:11:33,606 INFO  ExportHelperExtension.cs: 1145 - Found 0 features of type [RefAxis] in 轴承-3
2026-07-01 16:11:33,606 INFO  ExportHelperExtension.cs: 1125 - Retrieving features of type [RefAxis] from 关节5转关节6 大-1
2026-07-01 16:11:33,606 INFO  ExportHelperExtension.cs: 1136 - Found 40 in 关节5转关节6 大-1
2026-07-01 16:11:33,606 INFO  ExportHelperExtension.cs: 1145 - Found 0 features of type [RefAxis] in 关节5转关节6 大-1
2026-07-01 16:11:33,607 INFO  ExportHelperExtension.cs: 1125 - Retrieving features of type [RefAxis] from 关节5转关节6 小最新版-1
2026-07-01 16:11:33,607 INFO  ExportHelperExtension.cs: 1136 - Found 40 in 关节5转关节6 小最新版-1
2026-07-01 16:11:33,607 INFO  ExportHelperExtension.cs: 1145 - Found 0 features of type [RefAxis] in 关节5转关节6 小最新版-1
2026-07-01 16:11:33,608 INFO  ExportHelperExtension.cs: 1125 - Retrieving features of type [RefAxis] from 4310定子-5
2026-07-01 16:11:33,608 INFO  ExportHelperExtension.cs: 1136 - Found 29 in 4310定子-5
2026-07-01 16:11:33,608 INFO  ExportHelperExtension.cs: 1145 - Found 0 features of type [RefAxis] in 4310定子-5
2026-07-01 16:11:33,608 INFO  ExportHelperExtension.cs: 1125 - Retrieving features of type [RefAxis] from 4310转子-4
2026-07-01 16:11:33,609 INFO  ExportHelperExtension.cs: 1136 - Found 35 in 4310转子-4
2026-07-01 16:11:33,609 INFO  ExportHelperExtension.cs: 1145 - Found 0 features of type [RefAxis] in 4310转子-4
2026-07-01 16:11:33,609 INFO  ExportHelperExtension.cs: 1125 - Retrieving features of type [RefAxis] from 末端指示带圆球最新-1
2026-07-01 16:11:33,609 INFO  ExportHelperExtension.cs: 1136 - Found 29 in 末端指示带圆球最新-1
2026-07-01 16:11:33,610 INFO  ExportHelperExtension.cs: 1145 - Found 0 features of type [RefAxis] in 末端指示带圆球最新-1
2026-07-01 16:11:33,610 INFO  ExportHelperExtension.cs: 1125 - Retrieving features of type [RefAxis] from 4310转子-5
2026-07-01 16:11:33,610 INFO  ExportHelperExtension.cs: 1136 - Found 35 in 4310转子-5
2026-07-01 16:11:33,611 INFO  ExportHelperExtension.cs: 1145 - Found 0 features of type [RefAxis] in 4310转子-5
2026-07-01 16:11:33,611 INFO  ExportHelperExtension.cs: 1125 - Retrieving features of type [RefAxis] from 4310转子-2
2026-07-01 16:11:33,611 INFO  ExportHelperExtension.cs: 1136 - Found 35 in 4310转子-2
2026-07-01 16:11:33,611 INFO  ExportHelperExtension.cs: 1145 - Found 0 features of type [RefAxis] in 4310转子-2
2026-07-01 16:11:33,612 INFO  ExportHelperExtension.cs: 1125 - Retrieving features of type [RefAxis] from 大底座-1
2026-07-01 16:11:33,612 INFO  ExportHelperExtension.cs: 1136 - Found 40 in 大底座-1
2026-07-01 16:11:33,612 INFO  ExportHelperExtension.cs: 1145 - Found 0 features of type [RefAxis] in 大底座-1
2026-07-01 16:11:33,613 INFO  ExportHelperExtension.cs: 1125 - Retrieving features of type [RefAxis] from 关节1保护-2
2026-07-01 16:11:33,613 INFO  ExportHelperExtension.cs: 1136 - Found 28 in 关节1保护-2
2026-07-01 16:11:33,613 INFO  ExportHelperExtension.cs: 1145 - Found 0 features of type [RefAxis] in 关节1保护-2
2026-07-01 16:11:33,613 INFO  ExportHelperExtension.cs: 1125 - Retrieving features of type [RefAxis] from 关节1转关节2底座-1
2026-07-01 16:11:33,614 INFO  ExportHelperExtension.cs: 1136 - Found 40 in 关节1转关节2底座-1
2026-07-01 16:11:33,614 INFO  ExportHelperExtension.cs: 1145 - Found 0 features of type [RefAxis] in 关节1转关节2底座-1
2026-07-01 16:11:33,614 INFO  ExportHelperExtension.cs: 1125 - Retrieving features of type [RefAxis] from 4340定子-1
2026-07-01 16:11:33,614 INFO  ExportHelperExtension.cs: 1136 - Found 45 in 4340定子-1
2026-07-01 16:11:33,615 INFO  ExportHelperExtension.cs: 1145 - Found 0 features of type [RefAxis] in 4340定子-1
2026-07-01 16:11:33,615 INFO  ExportHelperExtension.cs: 1125 - Retrieving features of type [RefAxis] from 4340转子-1
2026-07-01 16:11:33,615 INFO  ExportHelperExtension.cs: 1136 - Found 35 in 4340转子-1
2026-07-01 16:11:33,616 INFO  ExportHelperExtension.cs: 1145 - Found 0 features of type [RefAxis] in 4340转子-1
2026-07-01 16:11:33,616 INFO  ExportHelperExtension.cs: 1125 - Retrieving features of type [RefAxis] from 4310定子-2
2026-07-01 16:11:33,616 INFO  ExportHelperExtension.cs: 1136 - Found 29 in 4310定子-2
2026-07-01 16:11:33,616 INFO  ExportHelperExtension.cs: 1145 - Found 0 features of type [RefAxis] in 4310定子-2
2026-07-01 16:11:33,617 INFO  ExportHelperExtension.cs: 1125 - Retrieving features of type [RefAxis] from 关节2转关节3 大-1
2026-07-01 16:11:33,617 INFO  ExportHelperExtension.cs: 1136 - Found 28 in 关节2转关节3 大-1
2026-07-01 16:11:33,617 INFO  ExportHelperExtension.cs: 1145 - Found 0 features of type [RefAxis] in 关节2转关节3 大-1
2026-07-01 16:11:33,617 INFO  ExportHelperExtension.cs: 1125 - Retrieving features of type [RefAxis] from 轴承-1
2026-07-01 16:11:33,618 INFO  ExportHelperExtension.cs: 1136 - Found 40 in 轴承-1
2026-07-01 16:11:33,618 INFO  ExportHelperExtension.cs: 1145 - Found 0 features of type [RefAxis] in 轴承-1
2026-07-01 16:11:33,618 INFO  ExportHelperExtension.cs: 1125 - Retrieving features of type [RefAxis] from 关节2转关节3 小-1
2026-07-01 16:11:33,619 INFO  ExportHelperExtension.cs: 1136 - Found 40 in 关节2转关节3 小-1
2026-07-01 16:11:33,619 INFO  ExportHelperExtension.cs: 1145 - Found 0 features of type [RefAxis] in 关节2转关节3 小-1
2026-07-01 16:11:33,619 INFO  ExportHelperExtension.cs: 1125 - Retrieving features of type [RefAxis] from 关节4转关节5 小-2
2026-07-01 16:11:33,620 INFO  ExportHelperExtension.cs: 1136 - Found 28 in 关节4转关节5 小-2
2026-07-01 16:11:33,620 INFO  ExportHelperExtension.cs: 1145 - Found 0 features of type [RefAxis] in 关节4转关节5 小-2
2026-07-01 16:11:33,679 INFO  ExportPropertyManager.cs: 1142 - AfterClose called. This method no longer throws an Exception. It just silently does nothing. Ok, except for this logging message
2026-07-01 16:11:57,509 INFO  SwAddin.cs: 294 - Assembly export called for file Coucouarm_v5.SLDASM
2026-07-01 16:11:57,510 INFO  SwAddin.cs: 299 - Save is required
2026-07-01 16:11:57,510 INFO  SwAddin.cs: 313 - Saving assembly
2026-07-01 16:11:59,144 INFO  SwAddin.cs: 316 - Opening property manager
2026-07-01 16:11:59,145 INFO  ExportHelperExtension.cs: 1125 - Retrieving features of type [CoordSys] from Coucouarm_v5.SLDASM
2026-07-01 16:11:59,147 INFO  ExportHelperExtension.cs: 1136 - Found 163 in Coucouarm_v5.SLDASM
2026-07-01 16:11:59,147 INFO  ExportHelperExtension.cs: 1145 - Found 7 features of type [CoordSys] in Coucouarm_v5.SLDASM
2026-07-01 16:11:59,148 INFO  ExportHelperExtension.cs: 1148 - Proceeding through assembly components
2026-07-01 16:11:59,148 INFO  ExportHelperExtension.cs: 1160 - 27 components to check
2026-07-01 16:11:59,148 INFO  ExportHelperExtension.cs: 1125 - Retrieving features of type [CoordSys] from 4310转子-3
2026-07-01 16:11:59,148 INFO  ExportHelperExtension.cs: 1136 - Found 35 in 4310转子-3
2026-07-01 16:11:59,149 INFO  ExportHelperExtension.cs: 1145 - Found 0 features of type [CoordSys] in 4310转子-3
2026-07-01 16:11:59,149 INFO  ExportHelperExtension.cs: 1125 - Retrieving features of type [CoordSys] from 4310定子-4
2026-07-01 16:11:59,149 INFO  ExportHelperExtension.cs: 1136 - Found 29 in 4310定子-4
2026-07-01 16:11:59,150 INFO  ExportHelperExtension.cs: 1145 - Found 0 features of type [CoordSys] in 4310定子-4
2026-07-01 16:11:59,150 INFO  ExportHelperExtension.cs: 1125 - Retrieving features of type [CoordSys] from 关节4转关节5 大-1
2026-07-01 16:11:59,150 INFO  ExportHelperExtension.cs: 1136 - Found 40 in 关节4转关节5 大-1
2026-07-01 16:11:59,150 INFO  ExportHelperExtension.cs: 1145 - Found 0 features of type [CoordSys] in 关节4转关节5 大-1
2026-07-01 16:11:59,151 INFO  ExportHelperExtension.cs: 1125 - Retrieving features of type [CoordSys] from 关节3转关节4 大-1
2026-07-01 16:11:59,151 INFO  ExportHelperExtension.cs: 1136 - Found 40 in 关节3转关节4 大-1
2026-07-01 16:11:59,151 INFO  ExportHelperExtension.cs: 1145 - Found 0 features of type [CoordSys] in 关节3转关节4 大-1
2026-07-01 16:11:59,152 INFO  ExportHelperExtension.cs: 1125 - Retrieving features of type [CoordSys] from 4340p转子-1
2026-07-01 16:11:59,152 INFO  ExportHelperExtension.cs: 1136 - Found 33 in 4340p转子-1
2026-07-01 16:11:59,152 INFO  ExportHelperExtension.cs: 1145 - Found 0 features of type [CoordSys] in 4340p转子-1
2026-07-01 16:11:59,152 INFO  ExportHelperExtension.cs: 1125 - Retrieving features of type [CoordSys] from 轴承-2
2026-07-01 16:11:59,153 INFO  ExportHelperExtension.cs: 1136 - Found 40 in 轴承-2
2026-07-01 16:11:59,153 INFO  ExportHelperExtension.cs: 1145 - Found 0 features of type [CoordSys] in 轴承-2
2026-07-01 16:11:59,153 INFO  ExportHelperExtension.cs: 1125 - Retrieving features of type [CoordSys] from 关节3转关节4 小-1
2026-07-01 16:11:59,153 INFO  ExportHelperExtension.cs: 1136 - Found 40 in 关节3转关节4 小-1
2026-07-01 16:11:59,154 INFO  ExportHelperExtension.cs: 1145 - Found 0 features of type [CoordSys] in 关节3转关节4 小-1
2026-07-01 16:11:59,154 INFO  ExportHelperExtension.cs: 1125 - Retrieving features of type [CoordSys] from 4340p定子-1
2026-07-01 16:11:59,154 INFO  ExportHelperExtension.cs: 1136 - Found 45 in 4340p定子-1
2026-07-01 16:11:59,155 INFO  ExportHelperExtension.cs: 1145 - Found 0 features of type [CoordSys] in 4340p定子-1
2026-07-01 16:11:59,155 INFO  ExportHelperExtension.cs: 1125 - Retrieving features of type [CoordSys] from 4310定子-3
2026-07-01 16:11:59,155 INFO  ExportHelperExtension.cs: 1136 - Found 29 in 4310定子-3
2026-07-01 16:11:59,155 INFO  ExportHelperExtension.cs: 1145 - Found 0 features of type [CoordSys] in 4310定子-3
2026-07-01 16:11:59,156 INFO  ExportHelperExtension.cs: 1125 - Retrieving features of type [CoordSys] from 轴承-3
2026-07-01 16:11:59,156 INFO  ExportHelperExtension.cs: 1136 - Found 40 in 轴承-3
2026-07-01 16:11:59,156 INFO  ExportHelperExtension.cs: 1145 - Found 0 features of type [CoordSys] in 轴承-3
2026-07-01 16:11:59,157 INFO  ExportHelperExtension.cs: 1125 - Retrieving features of type [CoordSys] from 关节5转关节6 大-1
2026-07-01 16:11:59,157 INFO  ExportHelperExtension.cs: 1136 - Found 40 in 关节5转关节6 大-1
2026-07-01 16:11:59,157 INFO  ExportHelperExtension.cs: 1145 - Found 0 features of type [CoordSys] in 关节5转关节6 大-1
2026-07-01 16:11:59,157 INFO  ExportHelperExtension.cs: 1125 - Retrieving features of type [CoordSys] from 关节5转关节6 小最新版-1
2026-07-01 16:11:59,158 INFO  ExportHelperExtension.cs: 1136 - Found 40 in 关节5转关节6 小最新版-1
2026-07-01 16:11:59,158 INFO  ExportHelperExtension.cs: 1145 - Found 0 features of type [CoordSys] in 关节5转关节6 小最新版-1
2026-07-01 16:11:59,158 INFO  ExportHelperExtension.cs: 1125 - Retrieving features of type [CoordSys] from 4310定子-5
2026-07-01 16:11:59,159 INFO  ExportHelperExtension.cs: 1136 - Found 29 in 4310定子-5
2026-07-01 16:11:59,160 INFO  ExportHelperExtension.cs: 1145 - Found 0 features of type [CoordSys] in 4310定子-5
2026-07-01 16:11:59,160 INFO  ExportHelperExtension.cs: 1125 - Retrieving features of type [CoordSys] from 4310转子-4
2026-07-01 16:11:59,160 INFO  ExportHelperExtension.cs: 1136 - Found 35 in 4310转子-4
2026-07-01 16:11:59,161 INFO  ExportHelperExtension.cs: 1145 - Found 0 features of type [CoordSys] in 4310转子-4
2026-07-01 16:11:59,161 INFO  ExportHelperExtension.cs: 1125 - Retrieving features of type [CoordSys] from 末端指示带圆球最新-1
2026-07-01 16:11:59,161 INFO  ExportHelperExtension.cs: 1136 - Found 29 in 末端指示带圆球最新-1
2026-07-01 16:11:59,162 INFO  ExportHelperExtension.cs: 1145 - Found 0 features of type [CoordSys] in 末端指示带圆球最新-1
2026-07-01 16:11:59,162 INFO  ExportHelperExtension.cs: 1125 - Retrieving features of type [CoordSys] from 4310转子-5
2026-07-01 16:11:59,162 INFO  ExportHelperExtension.cs: 1136 - Found 35 in 4310转子-5
2026-07-01 16:11:59,162 INFO  ExportHelperExtension.cs: 1145 - Found 0 features of type [CoordSys] in 4310转子-5
2026-07-01 16:11:59,163 INFO  ExportHelperExtension.cs: 1125 - Retrieving features of type [CoordSys] from 4310转子-2
2026-07-01 16:11:59,163 INFO  ExportHelperExtension.cs: 1136 - Found 35 in 4310转子-2
2026-07-01 16:11:59,163 INFO  ExportHelperExtension.cs: 1145 - Found 0 features of type [CoordSys] in 4310转子-2
2026-07-01 16:11:59,163 INFO  ExportHelperExtension.cs: 1125 - Retrieving features of type [CoordSys] from 大底座-1
2026-07-01 16:11:59,164 INFO  ExportHelperExtension.cs: 1136 - Found 40 in 大底座-1
2026-07-01 16:11:59,164 INFO  ExportHelperExtension.cs: 1145 - Found 0 features of type [CoordSys] in 大底座-1
2026-07-01 16:11:59,164 INFO  ExportHelperExtension.cs: 1125 - Retrieving features of type [CoordSys] from 关节1保护-2
2026-07-01 16:11:59,165 INFO  ExportHelperExtension.cs: 1136 - Found 28 in 关节1保护-2
2026-07-01 16:11:59,165 INFO  ExportHelperExtension.cs: 1145 - Found 0 features of type [CoordSys] in 关节1保护-2
2026-07-01 16:11:59,165 INFO  ExportHelperExtension.cs: 1125 - Retrieving features of type [CoordSys] from 关节1转关节2底座-1
2026-07-01 16:11:59,166 INFO  ExportHelperExtension.cs: 1136 - Found 40 in 关节1转关节2底座-1
2026-07-01 16:11:59,166 INFO  ExportHelperExtension.cs: 1145 - Found 0 features of type [CoordSys] in 关节1转关节2底座-1
2026-07-01 16:11:59,166 INFO  ExportHelperExtension.cs: 1125 - Retrieving features of type [CoordSys] from 4340定子-1
2026-07-01 16:11:59,167 INFO  ExportHelperExtension.cs: 1136 - Found 45 in 4340定子-1
2026-07-01 16:11:59,167 INFO  ExportHelperExtension.cs: 1145 - Found 0 features of type [CoordSys] in 4340定子-1
2026-07-01 16:11:59,167 INFO  ExportHelperExtension.cs: 1125 - Retrieving features of type [CoordSys] from 4340转子-1
2026-07-01 16:11:59,168 INFO  ExportHelperExtension.cs: 1136 - Found 35 in 4340转子-1
2026-07-01 16:11:59,168 INFO  ExportHelperExtension.cs: 1145 - Found 0 features of type [CoordSys] in 4340转子-1
2026-07-01 16:11:59,168 INFO  ExportHelperExtension.cs: 1125 - Retrieving features of type [CoordSys] from 4310定子-2
2026-07-01 16:11:59,169 INFO  ExportHelperExtension.cs: 1136 - Found 29 in 4310定子-2
2026-07-01 16:11:59,169 INFO  ExportHelperExtension.cs: 1145 - Found 0 features of type [CoordSys] in 4310定子-2
2026-07-01 16:11:59,169 INFO  ExportHelperExtension.cs: 1125 - Retrieving features of type [CoordSys] from 关节2转关节3 大-1
2026-07-01 16:11:59,169 INFO  ExportHelperExtension.cs: 1136 - Found 28 in 关节2转关节3 大-1
2026-07-01 16:11:59,171 INFO  ExportHelperExtension.cs: 1145 - Found 0 features of type [CoordSys] in 关节2转关节3 大-1
2026-07-01 16:11:59,171 INFO  ExportHelperExtension.cs: 1125 - Retrieving features of type [CoordSys] from 轴承-1
2026-07-01 16:11:59,171 INFO  ExportHelperExtension.cs: 1136 - Found 40 in 轴承-1
2026-07-01 16:11:59,171 INFO  ExportHelperExtension.cs: 1145 - Found 0 features of type [CoordSys] in 轴承-1
2026-07-01 16:11:59,172 INFO  ExportHelperExtension.cs: 1125 - Retrieving features of type [CoordSys] from 关节2转关节3 小-1
2026-07-01 16:11:59,172 INFO  ExportHelperExtension.cs: 1136 - Found 40 in 关节2转关节3 小-1
2026-07-01 16:11:59,172 INFO  ExportHelperExtension.cs: 1145 - Found 0 features of type [CoordSys] in 关节2转关节3 小-1
2026-07-01 16:11:59,173 INFO  ExportHelperExtension.cs: 1125 - Retrieving features of type [CoordSys] from 关节4转关节5 小-2
2026-07-01 16:11:59,173 INFO  ExportHelperExtension.cs: 1136 - Found 28 in 关节4转关节5 小-2
2026-07-01 16:11:59,173 INFO  ExportHelperExtension.cs: 1145 - Found 0 features of type [CoordSys] in 关节4转关节5 小-2
2026-07-01 16:11:59,174 INFO  ExportHelperExtension.cs: 1125 - Retrieving features of type [RefAxis] from Coucouarm_v5.SLDASM
2026-07-01 16:11:59,174 INFO  ExportHelperExtension.cs: 1136 - Found 163 in Coucouarm_v5.SLDASM
2026-07-01 16:11:59,175 INFO  ExportHelperExtension.cs: 1145 - Found 7 features of type [RefAxis] in Coucouarm_v5.SLDASM
2026-07-01 16:11:59,175 INFO  ExportHelperExtension.cs: 1148 - Proceeding through assembly components
2026-07-01 16:11:59,175 INFO  ExportHelperExtension.cs: 1160 - 27 components to check
2026-07-01 16:11:59,177 INFO  ExportHelperExtension.cs: 1125 - Retrieving features of type [RefAxis] from 4310转子-3
2026-07-01 16:11:59,177 INFO  ExportHelperExtension.cs: 1136 - Found 35 in 4310转子-3
2026-07-01 16:11:59,177 INFO  ExportHelperExtension.cs: 1145 - Found 0 features of type [RefAxis] in 4310转子-3
2026-07-01 16:11:59,177 INFO  ExportHelperExtension.cs: 1125 - Retrieving features of type [RefAxis] from 4310定子-4
2026-07-01 16:11:59,178 INFO  ExportHelperExtension.cs: 1136 - Found 29 in 4310定子-4
2026-07-01 16:11:59,178 INFO  ExportHelperExtension.cs: 1145 - Found 0 features of type [RefAxis] in 4310定子-4
2026-07-01 16:11:59,178 INFO  ExportHelperExtension.cs: 1125 - Retrieving features of type [RefAxis] from 关节4转关节5 大-1
2026-07-01 16:11:59,178 INFO  ExportHelperExtension.cs: 1136 - Found 40 in 关节4转关节5 大-1
2026-07-01 16:11:59,179 INFO  ExportHelperExtension.cs: 1145 - Found 0 features of type [RefAxis] in 关节4转关节5 大-1
2026-07-01 16:11:59,179 INFO  ExportHelperExtension.cs: 1125 - Retrieving features of type [RefAxis] from 关节3转关节4 大-1
2026-07-01 16:11:59,179 INFO  ExportHelperExtension.cs: 1136 - Found 40 in 关节3转关节4 大-1
2026-07-01 16:11:59,180 INFO  ExportHelperExtension.cs: 1145 - Found 0 features of type [RefAxis] in 关节3转关节4 大-1
2026-07-01 16:11:59,180 INFO  ExportHelperExtension.cs: 1125 - Retrieving features of type [RefAxis] from 4340p转子-1
2026-07-01 16:11:59,180 INFO  ExportHelperExtension.cs: 1136 - Found 33 in 4340p转子-1
2026-07-01 16:11:59,181 INFO  ExportHelperExtension.cs: 1145 - Found 0 features of type [RefAxis] in 4340p转子-1
2026-07-01 16:11:59,181 INFO  ExportHelperExtension.cs: 1125 - Retrieving features of type [RefAxis] from 轴承-2
2026-07-01 16:11:59,181 INFO  ExportHelperExtension.cs: 1136 - Found 40 in 轴承-2
2026-07-01 16:11:59,181 INFO  ExportHelperExtension.cs: 1145 - Found 0 features of type [RefAxis] in 轴承-2
2026-07-01 16:11:59,181 INFO  ExportHelperExtension.cs: 1125 - Retrieving features of type [RefAxis] from 关节3转关节4 小-1
2026-07-01 16:11:59,182 INFO  ExportHelperExtension.cs: 1136 - Found 40 in 关节3转关节4 小-1
2026-07-01 16:11:59,182 INFO  ExportHelperExtension.cs: 1145 - Found 0 features of type [RefAxis] in 关节3转关节4 小-1
2026-07-01 16:11:59,183 INFO  ExportHelperExtension.cs: 1125 - Retrieving features of type [RefAxis] from 4340p定子-1
2026-07-01 16:11:59,183 INFO  ExportHelperExtension.cs: 1136 - Found 45 in 4340p定子-1
2026-07-01 16:11:59,184 INFO  ExportHelperExtension.cs: 1145 - Found 0 features of type [RefAxis] in 4340p定子-1
2026-07-01 16:11:59,184 INFO  ExportHelperExtension.cs: 1125 - Retrieving features of type [RefAxis] from 4310定子-3
2026-07-01 16:11:59,184 INFO  ExportHelperExtension.cs: 1136 - Found 29 in 4310定子-3
2026-07-01 16:11:59,185 INFO  ExportHelperExtension.cs: 1145 - Found 0 features of type [RefAxis] in 4310定子-3
2026-07-01 16:11:59,185 INFO  ExportHelperExtension.cs: 1125 - Retrieving features of type [RefAxis] from 轴承-3
2026-07-01 16:11:59,185 INFO  ExportHelperExtension.cs: 1136 - Found 40 in 轴承-3
2026-07-01 16:11:59,185 INFO  ExportHelperExtension.cs: 1145 - Found 0 features of type [RefAxis] in 轴承-3
2026-07-01 16:11:59,186 INFO  ExportHelperExtension.cs: 1125 - Retrieving features of type [RefAxis] from 关节5转关节6 大-1
2026-07-01 16:11:59,186 INFO  ExportHelperExtension.cs: 1136 - Found 40 in 关节5转关节6 大-1
2026-07-01 16:11:59,186 INFO  ExportHelperExtension.cs: 1145 - Found 0 features of type [RefAxis] in 关节5转关节6 大-1
2026-07-01 16:11:59,187 INFO  ExportHelperExtension.cs: 1125 - Retrieving features of type [RefAxis] from 关节5转关节6 小最新版-1
2026-07-01 16:11:59,187 INFO  ExportHelperExtension.cs: 1136 - Found 40 in 关节5转关节6 小最新版-1
2026-07-01 16:11:59,187 INFO  ExportHelperExtension.cs: 1145 - Found 0 features of type [RefAxis] in 关节5转关节6 小最新版-1
2026-07-01 16:11:59,188 INFO  ExportHelperExtension.cs: 1125 - Retrieving features of type [RefAxis] from 4310定子-5
2026-07-01 16:11:59,188 INFO  ExportHelperExtension.cs: 1136 - Found 29 in 4310定子-5
2026-07-01 16:11:59,188 INFO  ExportHelperExtension.cs: 1145 - Found 0 features of type [RefAxis] in 4310定子-5
2026-07-01 16:11:59,190 INFO  ExportHelperExtension.cs: 1125 - Retrieving features of type [RefAxis] from 4310转子-4
2026-07-01 16:11:59,190 INFO  ExportHelperExtension.cs: 1136 - Found 35 in 4310转子-4
2026-07-01 16:11:59,190 INFO  ExportHelperExtension.cs: 1145 - Found 0 features of type [RefAxis] in 4310转子-4
2026-07-01 16:11:59,191 INFO  ExportHelperExtension.cs: 1125 - Retrieving features of type [RefAxis] from 末端指示带圆球最新-1
2026-07-01 16:11:59,192 INFO  ExportHelperExtension.cs: 1136 - Found 29 in 末端指示带圆球最新-1
2026-07-01 16:11:59,192 INFO  ExportHelperExtension.cs: 1145 - Found 0 features of type [RefAxis] in 末端指示带圆球最新-1
2026-07-01 16:11:59,192 INFO  ExportHelperExtension.cs: 1125 - Retrieving features of type [RefAxis] from 4310转子-5
2026-07-01 16:11:59,193 INFO  ExportHelperExtension.cs: 1136 - Found 35 in 4310转子-5
2026-07-01 16:11:59,193 INFO  ExportHelperExtension.cs: 1145 - Found 0 features of type [RefAxis] in 4310转子-5
2026-07-01 16:11:59,193 INFO  ExportHelperExtension.cs: 1125 - Retrieving features of type [RefAxis] from 4310转子-2
2026-07-01 16:11:59,193 INFO  ExportHelperExtension.cs: 1136 - Found 35 in 4310转子-2
2026-07-01 16:11:59,193 INFO  ExportHelperExtension.cs: 1145 - Found 0 features of type [RefAxis] in 4310转子-2
2026-07-01 16:11:59,195 INFO  ExportHelperExtension.cs: 1125 - Retrieving features of type [RefAxis] from 大底座-1
2026-07-01 16:11:59,195 INFO  ExportHelperExtension.cs: 1136 - Found 40 in 大底座-1
2026-07-01 16:11:59,195 INFO  ExportHelperExtension.cs: 1145 - Found 0 features of type [RefAxis] in 大底座-1
2026-07-01 16:11:59,195 INFO  ExportHelperExtension.cs: 1125 - Retrieving features of type [RefAxis] from 关节1保护-2
2026-07-01 16:11:59,196 INFO  ExportHelperExtension.cs: 1136 - Found 28 in 关节1保护-2
2026-07-01 16:11:59,196 INFO  ExportHelperExtension.cs: 1145 - Found 0 features of type [RefAxis] in 关节1保护-2
2026-07-01 16:11:59,208 INFO  ExportHelperExtension.cs: 1125 - Retrieving features of type [RefAxis] from 关节1转关节2底座-1
2026-07-01 16:11:59,331 INFO  ExportHelperExtension.cs: 1136 - Found 40 in 关节1转关节2底座-1
2026-07-01 16:11:59,331 INFO  ExportHelperExtension.cs: 1145 - Found 0 features of type [RefAxis] in 关节1转关节2底座-1
2026-07-01 16:11:59,332 INFO  ExportHelperExtension.cs: 1125 - Retrieving features of type [RefAxis] from 4340定子-1
2026-07-01 16:11:59,332 INFO  ExportHelperExtension.cs: 1136 - Found 45 in 4340定子-1
2026-07-01 16:11:59,332 INFO  ExportHelperExtension.cs: 1145 - Found 0 features of type [RefAxis] in 4340定子-1
2026-07-01 16:11:59,332 INFO  ExportHelperExtension.cs: 1125 - Retrieving features of type [RefAxis] from 4340转子-1
2026-07-01 16:11:59,333 INFO  ExportHelperExtension.cs: 1136 - Found 35 in 4340转子-1
2026-07-01 16:11:59,333 INFO  ExportHelperExtension.cs: 1145 - Found 0 features of type [RefAxis] in 4340转子-1
2026-07-01 16:11:59,333 INFO  ExportHelperExtension.cs: 1125 - Retrieving features of type [RefAxis] from 4310定子-2
2026-07-01 16:11:59,334 INFO  ExportHelperExtension.cs: 1136 - Found 29 in 4310定子-2
2026-07-01 16:11:59,334 INFO  ExportHelperExtension.cs: 1145 - Found 0 features of type [RefAxis] in 4310定子-2
2026-07-01 16:11:59,335 INFO  ExportHelperExtension.cs: 1125 - Retrieving features of type [RefAxis] from 关节2转关节3 大-1
2026-07-01 16:11:59,335 INFO  ExportHelperExtension.cs: 1136 - Found 28 in 关节2转关节3 大-1
2026-07-01 16:11:59,336 INFO  ExportHelperExtension.cs: 1145 - Found 0 features of type [RefAxis] in 关节2转关节3 大-1
2026-07-01 16:11:59,336 INFO  ExportHelperExtension.cs: 1125 - Retrieving features of type [RefAxis] from 轴承-1
2026-07-01 16:11:59,336 INFO  ExportHelperExtension.cs: 1136 - Found 40 in 轴承-1
2026-07-01 16:11:59,337 INFO  ExportHelperExtension.cs: 1145 - Found 0 features of type [RefAxis] in 轴承-1
2026-07-01 16:11:59,337 INFO  ExportHelperExtension.cs: 1125 - Retrieving features of type [RefAxis] from 关节2转关节3 小-1
2026-07-01 16:11:59,337 INFO  ExportHelperExtension.cs: 1136 - Found 40 in 关节2转关节3 小-1
2026-07-01 16:11:59,337 INFO  ExportHelperExtension.cs: 1145 - Found 0 features of type [RefAxis] in 关节2转关节3 小-1
2026-07-01 16:11:59,337 INFO  ExportHelperExtension.cs: 1125 - Retrieving features of type [RefAxis] from 关节4转关节5 小-2
2026-07-01 16:11:59,338 INFO  ExportHelperExtension.cs: 1136 - Found 28 in 关节4转关节5 小-2
2026-07-01 16:11:59,338 INFO  ExportHelperExtension.cs: 1145 - Found 0 features of type [RefAxis] in 关节4转关节5 小-2
2026-07-01 16:11:59,943 INFO  SwAddin.cs: 339 - Loading config tree
2026-07-01 16:11:59,946 INFO  ConfigurationSerialization.cs: 276 - URDF Configuration found
<Link z:Id="i1" xmlns="http://schemas.datacontract.org/2004/07/SW2URDF" xmlns:i="http://www.w3.org/2001/XMLSchema-instance" xmlns:z="http://schemas.microsoft.com/2003/10/Serialization/"><Attributes><Attribute z:Id="i2"><AttributeType>name</AttributeType><IsRequired>true</IsRequired><Value i:type="a:string" xmlns:a="http://www.w3.org/2001/XMLSchema">base_link</Value></Attribute></Attributes><ChildElements><URDFElement z:Id="i3" i:type="Inertial"><Attributes/><ChildElements><URDFElement z:Id="i4" i:type="Origin"><Attributes><Attribute z:Id="i5"><AttributeType>xyz</AttributeType><IsRequired>true</IsRequired><Value i:type="a:ArrayOfdouble" xmlns:a="http://schemas.microsoft.com/2003/10/Serialization/Arrays"><a:double>0</a:double><a:double>0</a:double><a:double>0</a:double></Value></Attribute><Attribute z:Id="i6"><AttributeType>rpy</AttributeType><IsRequired>true</IsRequired><Value i:type="a:ArrayOfdouble" xmlns:a="http://schemas.microsoft.com/2003/10/Serialization/Arrays"><a:double>0</a:double><a:double>0</a:double><a:double>0</a:double></Value></Attribute></Attributes><ChildElements/><ElementName>origin</ElementName><required>false</required><RPYAttribute z:Ref="i6"/><XYZAttribute z:Ref="i5"/><isCustomized>false</isCustomized></URDFElement><URDFElement z:Id="i7" i:type="Mass"><Attributes><Attribute z:Id="i8"><AttributeType>value</AttributeType><IsRequired>true</IsRequired><Value i:type="a:double" xmlns:a="http://www.w3.org/2001/XMLSchema">0</Value></Attribute></Attributes><ChildElements/><ElementName>mass</ElementName><required>false</required><ValueAttribute z:Ref="i8"/></URDFElement><URDFElement z:Id="i9" i:type="Inertia"><Attributes><Attribute z:Id="i10"><AttributeType>ixx</AttributeType><IsRequired>true</IsRequired><Value i:type="a:double" xmlns:a="http://www.w3.org/2001/XMLSchema">0</Value></Attribute><Attribute z:Id="i11"><AttributeType>ixy</AttributeType><IsRequired>true</IsRequired><Value i:type="a:double" xmlns:a="http://www.w3.org/2001/XMLSchema">0</Value></Attribute><Attribute z:Id="i12"><AttributeType>ixz</AttributeType><IsRequired>true</IsRequired><Value i:type="a:double" xmlns:a="http://www.w3.org/2001/XMLSchema">0</Value></Attribute><Attribute z:Id="i13"><AttributeType>iyy</AttributeType><IsRequired>true</IsRequired><Value i:type="a:double" xmlns:a="http://www.w3.org/2001/XMLSchema">0</Value></Attribute><Attribute z:Id="i14"><AttributeType>iyz</AttributeType><IsRequired>true</IsRequired><Value i:type="a:double" xmlns:a="http://www.w3.org/2001/XMLSchema">0</Value></Attribute><Attribute z:Id="i15"><AttributeType>izz</AttributeType><IsRequired>true</IsRequired><Value i:type="a:double" xmlns:a="http://www.w3.org/2001/XMLSchema">0</Value></Attribute></Attributes><ChildElements/><ElementName>inertia</ElementName><required>false</required><IxxAttribute z:Ref="i10"/><IxyAttribute z:Ref="i11"/><IxzAttribute z:Ref="i12"/><IyyAttribute z:Ref="i13"/><IyzAttribute z:Ref="i14"/><IzzAttribute z:Ref="i15"/></URDFElement></ChildElements><ElementName>inertial</ElementName><required>false</required><Inertia z:Ref="i9"/><Mass z:Ref="i7"/><Origin z:Ref="i4"/></URDFElement><URDFElement z:Id="i16" i:type="Visual"><Attributes/><ChildElements><URDFElement z:Id="i17" i:type="Origin"><Attributes><Attribute z:Id="i18"><AttributeType>xyz</AttributeType><IsRequired>true</IsRequired><Value i:type="a:ArrayOfdouble" xmlns:a="http://schemas.microsoft.com/2003/10/Serialization/Arrays"><a:double>0</a:double><a:double>0</a:double><a:double>0</a:double></Value></Attribute><Attribute z:Id="i19"><AttributeType>rpy</AttributeType><IsRequired>true</IsRequired><Value i:type="a:ArrayOfdouble" xmlns:a="http://schemas.microsoft.com/2003/10/Serialization/Arrays"><a:double>0</a:double><a:double>0</a:double><a:double>0</a:double></Value></Attribute></Attributes><ChildElements/><ElementName>origin</ElementName><required>false</required><RPYAttribute z:Ref="i19"/><XYZAttribute z:Ref="i18"/><isCustomized>false</isCustomized></URDFElement><URDFElement z:Id="i20" i:type="Geometry"><Attributes/><ChildElements><URDFElement z:Id="i21" i:type="Mesh"><Attributes><Attribute z:Id="i22"><AttributeType>filename</AttributeType><IsRequired>true</IsRequired><Value i:nil="true"/></Attribute></Attributes><ChildElements/><ElementName>mesh</ElementName><required>false</required><FilenameAttribute z:Ref="i22"/></URDFElement></ChildElements><ElementName>geometry</ElementName><required>true</required><Mesh z:Ref="i21"/></URDFElement><URDFElement z:Id="i23" i:type="Material"><Attributes><Attribute z:Id="i24"><AttributeType>name</AttributeType><IsRequired>true</IsRequired><Value i:type="a:string" xmlns:a="http://www.w3.org/2001/XMLSchema"/></Attribute></Attributes><ChildElements><URDFElement z:Id="i25" i:type="Color"><Attributes><Attribute z:Id="i26"><AttributeType>rgba</AttributeType><IsRequired>true</IsRequired><Value i:type="a:ArrayOfdouble" xmlns:a="http://schemas.microsoft.com/2003/10/Serialization/Arrays"><a:double>1</a:double><a:double>1</a:double><a:double>1</a:double><a:double>1</a:double></Value></Attribute></Attributes><ChildElements/><ElementName>color</ElementName><required>false</required><RGBAAttribute z:Ref="i26"/></URDFElement><URDFElement z:Id="i27" i:type="Texture"><Attributes><Attribute z:Id="i28"><AttributeType>filename</AttributeType><IsRequired>true</IsRequired><Value i:nil="true"/></Attribute></Attributes><ChildElements/><ElementName>texture</ElementName><required>false</required><FilenameAttribute z:Ref="i28"/><wFilename/></URDFElement></ChildElements><ElementName>material</ElementName><required>false</required><Color z:Ref="i25"/><NameAttribute z:Ref="i24"/><Texture z:Ref="i27"/></URDFElement></ChildElements><ElementName>visual</ElementName><required>false</required><Geometry z:Ref="i20"/><Material z:Ref="i23"/><Origin z:Ref="i17"/></URDFElement><URDFElement z:Id="i29" i:type="Collision"><Attributes/><ChildElements><URDFElement z:Id="i30" i:type="Origin"><Attributes><Attribute z:Id="i31"><AttributeType>xyz</AttributeType><IsRequired>true</IsRequired><Value i:type="a:ArrayOfdouble" xmlns:a="http://schemas.microsoft.com/2003/10/Serialization/Arrays"><a:double>0</a:double><a:double>0</a:double><a:double>0</a:double></Value></Attribute><Attribute z:Id="i32"><AttributeType>rpy</AttributeType><IsRequired>true</IsRequired><Value i:type="a:ArrayOfdouble" xmlns:a="http://schemas.microsoft.com/2003/10/Serialization/Arrays"><a:double>0</a:double><a:double>0</a:double><a:double>0</a:double></Value></Attribute></Attributes><ChildElements/><ElementName>origin</ElementName><required>false</required><RPYAttribute z:Ref="i32"/><XYZAttribute z:Ref="i31"/><isCustomized>false</isCustomized></URDFElement><URDFElement z:Id="i33" i:type="Geometry"><Attributes/><ChildElements><URDFElement z:Id="i34" i:type="Mesh"><Attributes><Attribute z:Id="i35"><AttributeType>filename</AttributeType><IsRequired>true</IsRequired><Value i:nil="true"/></Attribute></Attributes><ChildElements/><ElementName>mesh</ElementName><required>false</required><FilenameAttribute z:Ref="i35"/></URDFElement></ChildElements><ElementName>geometry</ElementName><required>true</required><Mesh z:Ref="i34"/></URDFElement></ChildElements><ElementName>collision</ElementName><required>false</required><Geometry z:Ref="i33"/><Origin z:Ref="i30"/></URDFElement><URDFElement z:Id="i36" i:type="Joint"><Attributes><Attribute z:Id="i37"><AttributeType>name</AttributeType><IsRequired>true</IsRequired><Value i:type="a:string" xmlns:a="http://www.w3.org/2001/XMLSchema"/></Attribute><Attribute z:Id="i38"><AttributeType>type</AttributeType><IsRequired>true</IsRequired><Value i:type="a:string" xmlns:a="http://www.w3.org/2001/XMLSchema"/></Attribute></Attributes><ChildElements><URDFElement z:Id="i39" i:type="Origin"><Attributes><Attribute z:Id="i40"><AttributeType>xyz</AttributeType><IsRequired>true</IsRequired><Value i:type="a:ArrayOfdouble" xmlns:a="http://schemas.microsoft.com/2003/10/Serialization/Arrays"><a:double>0</a:double><a:double>0</a:double><a:double>0</a:double></Value></Attribute><Attribute z:Id="i41"><AttributeType>rpy</AttributeType><IsRequired>true</IsRequired><Value i:type="a:ArrayOfdouble" xmlns:a="http://schemas.microsoft.com/2003/10/Serialization/Arrays"><a:double>0</a:double><a:double>0</a:double><a:double>0</a:double></Value></Attribute></Attributes><ChildElements/><ElementName>origin</ElementName><required>false</required><RPYAttribute z:Ref="i41"/><XYZAttribute z:Ref="i40"/><isCustomized>false</isCustomized></URDFElement><URDFElement z:Id="i42" i:type="ParentLink"><Attributes><Attribute z:Id="i43"><AttributeType>link</AttributeType><IsRequired>true</IsRequired><Value i:type="a:string" xmlns:a="http://www.w3.org/2001/XMLSchema"/></Attribute></Attributes><ChildElements/><ElementName>parent</ElementName><required>true</required><NameAttribute z:Ref="i43"/></URDFElement><URDFElement z:Id="i44" i:type="ChildLink"><Attributes><Attribute z:Id="i45"><AttributeType>link</AttributeType><IsRequired>true</IsRequired><Value i:type="a:string" xmlns:a="http://www.w3.org/2001/XMLSchema"/></Attribute></Attributes><ChildElements/><ElementName>child</ElementName><required>true</required><NameAttribute z:Ref="i45"/></URDFElement><URDFElement z:Id="i46" i:type="Axis"><Attributes><Attribute z:Id="i47"><AttributeType>xyz</AttributeType><IsRequired>true</IsRequired><Value i:type="a:ArrayOfdouble" xmlns:a="http://schemas.microsoft.com/2003/10/Serialization/Arrays"><a:double>0</a:double><a:double>0</a:double><a:double>0</a:double></Value></Attribute></Attributes><ChildElements/><ElementName>axis</ElementName><required>false</required><XYZAttribute z:Ref="i47"/></URDFElement><URDFElement z:Id="i48" i:type="Limit"><Attributes><Attribute z:Id="i49"><AttributeType>lower</AttributeType><IsRequired>false</IsRequired><Value i:nil="true"/></Attribute><Attribute z:Id="i50"><AttributeType>upper</AttributeType><IsRequired>false</IsRequired><Value i:nil="true"/></Attribute><Attribute z:Id="i51"><AttributeType>effort</AttributeType><IsRequired>true</IsRequired><Value i:nil="true"/></Attribute><Attribute z:Id="i52"><AttributeType>velocity</AttributeType><IsRequired>true</IsRequired><Value i:nil="true"/></Attribute></Attributes><ChildElements/><ElementName>limit</ElementName><required>false</required><EffortAttribute z:Ref="i51"/><LowerAttribute z:Ref="i49"/><UpperAttribute z:Ref="i50"/><VelocityAttribute z:Ref="i52"/></URDFElement><URDFElement z:Id="i53" i:type="Calibration"><Attributes><Attribute z:Id="i54"><AttributeType>rising</AttributeType><IsRequired>false</IsRequired><Value i:nil="true"/></Attribute><Attribute z:Id="i55"><AttributeType>falling</AttributeType><IsRequired>false</IsRequired><Value i:nil="true"/></Attribute></Attributes><ChildElements/><ElementName>calibration</ElementName><required>false</required><FallingAttribute z:Ref="i55"/><RisingAttribute z:Ref="i54"/></URDFElement><URDFElement z:Id="i56" i:type="Dynamics"><Attributes><Attribute z:Id="i57"><AttributeType>damping</AttributeType><IsRequired>false</IsRequired><Value i:nil="true"/></Attribute><Attribute z:Id="i58"><AttributeType>friction</AttributeType><IsRequired>false</IsRequired><Value i:nil="true"/></Attribute></Attributes><ChildElements/><ElementName>dynamics</ElementName><required>false</required><DampingAttribute z:Ref="i57"/><FrictionAttribute z:Ref="i58"/></URDFElement><URDFElement z:Id="i59" i:type="SafetyController"><Attributes><Attribute z:Id="i60"><AttributeType>soft_upper_limit</AttributeType><IsRequired>false</IsRequired><Value i:nil="true"/></Attribute><Attribute z:Id="i61"><AttributeType>soft_lower_limit</AttributeType><IsRequired>false</IsRequired><Value i:nil="true"/></Attribute><Attribute z:Id="i62"><AttributeType>k_position</AttributeType><IsRequired>false</IsRequired><Value i:nil="true"/></Attribute><Attribute z:Id="i63"><AttributeType>k_velocity</AttributeType><IsRequired>true</IsRequired><Value i:nil="true"/></Attribute></Attributes><ChildElements/><ElementName>safety_controller</ElementName><required>false</required><KPositionAttribute z:Ref="i62"/><KVelocityAttribute z:Ref="i63"/><SoftLowerAttribute z:Ref="i61"/><SoftUpperAttribute z:Ref="i60"/></URDFElement><URDFElement z:Id="i64" i:type="Mimic"><Attributes><Attribute z:Id="i65"><AttributeType>joint</AttributeType><IsRequired>true</IsRequired><Value i:nil="true"/></Attribute><Attribute z:Id="i66"><AttributeType>multiplier</AttributeType><IsRequired>false</IsRequired><Value i:nil="true"/></Attribute><Attribute z:Id="i67"><AttributeType>offset</AttributeType><IsRequired>false</IsRequired><Value i:nil="true"/></Attribute></Attributes><ChildElements/><ElementName>mimic</ElementName><required>false</required><JointNameAttribute z:Ref="i65"/><MultiplierAttribute z:Ref="i66"/><OffsetAttribute z:Ref="i67"/></URDFElement></ChildElements><ElementName>joint</ElementName><required>false</required><Axis z:Ref="i46"/><AxisName/><Calibration z:Ref="i53"/><Child z:Ref="i44"/><CoordinateSystemName>?????????_base</CoordinateSystemName><Dynamics z:Ref="i56"/><Limit z:Ref="i48"/><Mimic z:Ref="i64"/><NameAttribute z:Ref="i37"/><Origin z:Ref="i39"/><Parent z:Ref="i42"/><Safety z:Ref="i59"/><TypeAttribute z:Ref="i38"/></URDFElement></ChildElements><ElementName>link</ElementName><required>true</required><Children/><Collision z:Ref="i29"/><Inertial z:Ref="i3"/><Joint z:Ref="i36"/><NameAttribute z:Ref="i2"/><Parent i:nil="true"/><STLQualityFine>false</STLQualityFine><SWComponentPIDs xmlns:a="http://schemas.microsoft.com/2003/10/Serialization/Arrays"><a:base64Binary>aEIAAAUAAAD//v8SJ1mVXqdeLQAxAEAAQwBvAHUAYwBvAHUAYQByAG0AXwB2ADUABAAAABAAAAABAAAAAQAAAB0AAAA=</a:base64Binary><a:base64Binary>aEIAAAUAAAD//v8Uc1GCgjEA3U+kYi0AMgBAAEMAbwB1AGMAbwB1AGEAcgBtAF8AdgA1AAQAAAAQAAAAAQAAAAEAAAAfAAAA</a:base64Binary><a:base64Binary>aEIAAAUAAAD//v8VNAAzADEAMACaW1BbLQAyAEAAQwBvAHUAYwBvAHUAYQByAG0AXwB2ADUABAAAABAAAAABAAAAAQAAADYAAAA=</a:base64Binary><a:base64Binary>aEIAAAUAAAD//v8VNAAzADEAMABsj1BbLQAyAEAAQwBvAHUAYwBvAHUAYQByAG0AXwB2ADUABAAAABAAAAABAAAAAQAAAEoAAAA=</a:base64Binary></SWComponentPIDs><SWMainComponentPID i:nil="true"/><Visual z:Ref="i16"/><isFixedFrame>false</isFixedFrame><isIncomplete>false</isIncomplete></Link>
2026-07-01 16:11:59,998 INFO  LinkNode.cs: 35 - Building node base_link
2026-07-01 16:12:00,000 INFO  CommonSwOperations.cs: 221 - Loading SolidWorks components for base_link from E:\3工作后学习\0 达妙电机控制学习\1 机械臂模型\六自由度模型_适用三自由度\V5 step文件\v5_sldprt\装配体\Coucouarm_v5.SLDASM
2026-07-01 16:12:00,001 INFO  CommonSwOperations.cs: 245 - Loading component with PID hB     ???'Y?^?^- 1 @ C o u c o u a r m _ v 5                
2026-07-01 16:12:00,002 INFO  CommonSwOperations.cs: 254 - Successfully loaded component E:\3工作后学习\0 达妙电机控制学习\1 机械臂模型\六自由度模型_适用三自由度\V5 step文件\v5_sldprt\装配体\大底座.SLDPRT
2026-07-01 16:12:00,002 INFO  CommonSwOperations.cs: 245 - Loading component with PID hB     ???sQ??1 ?O?b- 2 @ C o u c o u a r m _ v 5                
2026-07-01 16:12:00,003 INFO  CommonSwOperations.cs: 254 - Successfully loaded component E:\3工作后学习\0 达妙电机控制学习\1 机械臂模型\六自由度模型_适用三自由度\V5 step文件\v5_sldprt\关节1保护.SLDPRT
2026-07-01 16:12:00,003 INFO  CommonSwOperations.cs: 245 - Loading component with PID hB     ???4 3 1 0 ?[P[- 2 @ C o u c o u a r m _ v 5             6   
2026-07-01 16:12:00,004 INFO  CommonSwOperations.cs: 254 - Successfully loaded component E:\3工作后学习\0 达妙电机控制学习\1 机械臂模型\六自由度模型_适用三自由度\V5 step文件\v5_sldprt\4310定子.SLDPRT
2026-07-01 16:12:00,004 INFO  CommonSwOperations.cs: 245 - Loading component with PID hB     ???4 3 1 0 l?P[- 2 @ C o u c o u a r m _ v 5             J   
2026-07-01 16:12:00,004 INFO  CommonSwOperations.cs: 254 - Successfully loaded component E:\3工作后学习\0 达妙电机控制学习\1 机械臂模型\六自由度模型_适用三自由度\V5 step文件\v5_sldprt\4310转子.SLDPRT
2026-07-01 16:12:00,004 INFO  CommonSwOperations.cs: 230 - Loaded 4 components for link base_link
2026-07-01 16:12:00,103 INFO  SwAddin.cs: 344 - Showing property manager
2026-07-01 16:12:06,362 INFO  ExportPropertyManager.cs: 1136 - OnNumberBoxTrackingCompleted called. This method no longer throws an Exception. It just silently does nothing. Ok, except for this logging message
2026-07-01 16:12:20,861 INFO  ExportPropertyManager.cs: 1018 - OnComboboxSelectionChanged called. This method no longer throws an Exception. It just silently does nothing. Ok, except for this logging message
2026-07-01 16:12:22,670 INFO  ExportPropertyManager.cs: 1018 - OnComboboxSelectionChanged called. This method no longer throws an Exception. It just silently does nothing. Ok, except for this logging message
2026-07-01 16:12:25,713 INFO  ExportPropertyManager.cs: 1018 - OnComboboxSelectionChanged called. This method no longer throws an Exception. It just silently does nothing. Ok, except for this logging message
2026-07-01 16:12:46,398 INFO  ExportPropertyManager.cs: 1136 - OnNumberBoxTrackingCompleted called. This method no longer throws an Exception. It just silently does nothing. Ok, except for this logging message
2026-07-01 16:12:57,154 INFO  ExportPropertyManager.cs: 1018 - OnComboboxSelectionChanged called. This method no longer throws an Exception. It just silently does nothing. Ok, except for this logging message
2026-07-01 16:12:58,554 INFO  ExportPropertyManager.cs: 1018 - OnComboboxSelectionChanged called. This method no longer throws an Exception. It just silently does nothing. Ok, except for this logging message
2026-07-01 16:13:00,502 INFO  ExportPropertyManager.cs: 1018 - OnComboboxSelectionChanged called. This method no longer throws an Exception. It just silently does nothing. Ok, except for this logging message
2026-07-01 16:13:59,570 INFO  ExportPropertyManager.cs: 1136 - OnNumberBoxTrackingCompleted called. This method no longer throws an Exception. It just silently does nothing. Ok, except for this logging message
2026-07-01 16:14:25,812 INFO  ExportPropertyManager.cs: 1018 - OnComboboxSelectionChanged called. This method no longer throws an Exception. It just silently does nothing. Ok, except for this logging message
2026-07-01 16:14:27,205 INFO  ExportPropertyManager.cs: 1018 - OnComboboxSelectionChanged called. This method no longer throws an Exception. It just silently does nothing. Ok, except for this logging message
2026-07-01 16:14:29,303 INFO  ExportPropertyManager.cs: 1018 - OnComboboxSelectionChanged called. This method no longer throws an Exception. It just silently does nothing. Ok, except for this logging message
2026-07-01 16:15:09,082 INFO  ExportPropertyManager.cs: 1136 - OnNumberBoxTrackingCompleted called. This method no longer throws an Exception. It just silently does nothing. Ok, except for this logging message
2026-07-01 16:15:27,614 INFO  ExportPropertyManager.cs: 1018 - OnComboboxSelectionChanged called. This method no longer throws an Exception. It just silently does nothing. Ok, except for this logging message
2026-07-01 16:15:29,102 INFO  ExportPropertyManager.cs: 1018 - OnComboboxSelectionChanged called. This method no longer throws an Exception. It just silently does nothing. Ok, except for this logging message
2026-07-01 16:15:30,936 INFO  ExportPropertyManager.cs: 1018 - OnComboboxSelectionChanged called. This method no longer throws an Exception. It just silently does nothing. Ok, except for this logging message
2026-07-01 16:16:08,520 INFO  ExportPropertyManager.cs: 1136 - OnNumberBoxTrackingCompleted called. This method no longer throws an Exception. It just silently does nothing. Ok, except for this logging message
2026-07-01 16:16:20,196 INFO  ExportPropertyManager.cs: 1018 - OnComboboxSelectionChanged called. This method no longer throws an Exception. It just silently does nothing. Ok, except for this logging message
2026-07-01 16:16:22,052 INFO  ExportPropertyManager.cs: 1018 - OnComboboxSelectionChanged called. This method no longer throws an Exception. It just silently does nothing. Ok, except for this logging message
2026-07-01 16:16:24,639 INFO  ExportPropertyManager.cs: 1018 - OnComboboxSelectionChanged called. This method no longer throws an Exception. It just silently does nothing. Ok, except for this logging message
2026-07-01 16:16:48,052 INFO  ExportPropertyManager.cs: 1136 - OnNumberBoxTrackingCompleted called. This method no longer throws an Exception. It just silently does nothing. Ok, except for this logging message
2026-07-01 16:17:02,010 INFO  ExportPropertyManager.cs: 1018 - OnComboboxSelectionChanged called. This method no longer throws an Exception. It just silently does nothing. Ok, except for this logging message
2026-07-01 16:17:03,944 INFO  ExportPropertyManager.cs: 1018 - OnComboboxSelectionChanged called. This method no longer throws an Exception. It just silently does nothing. Ok, except for this logging message
2026-07-01 16:17:05,923 INFO  ExportPropertyManager.cs: 1018 - OnComboboxSelectionChanged called. This method no longer throws an Exception. It just silently does nothing. Ok, except for this logging message
2026-07-01 16:17:09,086 INFO  ExportPropertyManager.cs: 1142 - AfterClose called. This method no longer throws an Exception. It just silently does nothing. Ok, except for this logging message
2026-07-01 16:17:32,028 INFO  SwAddin.cs: 294 - Assembly export called for file Coucouarm_v5.SLDASM
2026-07-01 16:17:32,029 INFO  SwAddin.cs: 299 - Save is required
2026-07-01 16:17:32,029 INFO  SwAddin.cs: 313 - Saving assembly
2026-07-01 16:17:35,942 INFO  SwAddin.cs: 316 - Opening property manager
2026-07-01 16:17:35,943 INFO  ExportHelperExtension.cs: 1125 - Retrieving features of type [CoordSys] from Coucouarm_v5.SLDASM
2026-07-01 16:17:35,945 INFO  ExportHelperExtension.cs: 1136 - Found 163 in Coucouarm_v5.SLDASM
2026-07-01 16:17:35,945 INFO  ExportHelperExtension.cs: 1145 - Found 7 features of type [CoordSys] in Coucouarm_v5.SLDASM
2026-07-01 16:17:35,945 INFO  ExportHelperExtension.cs: 1148 - Proceeding through assembly components
2026-07-01 16:17:35,946 INFO  ExportHelperExtension.cs: 1160 - 27 components to check
2026-07-01 16:17:35,946 INFO  ExportHelperExtension.cs: 1125 - Retrieving features of type [CoordSys] from 4310转子-3
2026-07-01 16:17:35,946 INFO  ExportHelperExtension.cs: 1136 - Found 35 in 4310转子-3
2026-07-01 16:17:35,947 INFO  ExportHelperExtension.cs: 1145 - Found 0 features of type [CoordSys] in 4310转子-3
2026-07-01 16:17:35,947 INFO  ExportHelperExtension.cs: 1125 - Retrieving features of type [CoordSys] from 4310定子-4
2026-07-01 16:17:35,947 INFO  ExportHelperExtension.cs: 1136 - Found 29 in 4310定子-4
2026-07-01 16:17:35,947 INFO  ExportHelperExtension.cs: 1145 - Found 0 features of type [CoordSys] in 4310定子-4
2026-07-01 16:17:35,948 INFO  ExportHelperExtension.cs: 1125 - Retrieving features of type [CoordSys] from 关节4转关节5 大-1
2026-07-01 16:17:35,948 INFO  ExportHelperExtension.cs: 1136 - Found 40 in 关节4转关节5 大-1
2026-07-01 16:17:35,948 INFO  ExportHelperExtension.cs: 1145 - Found 0 features of type [CoordSys] in 关节4转关节5 大-1
2026-07-01 16:17:35,948 INFO  ExportHelperExtension.cs: 1125 - Retrieving features of type [CoordSys] from 关节3转关节4 大-1
2026-07-01 16:17:35,949 INFO  ExportHelperExtension.cs: 1136 - Found 40 in 关节3转关节4 大-1
2026-07-01 16:17:35,949 INFO  ExportHelperExtension.cs: 1145 - Found 0 features of type [CoordSys] in 关节3转关节4 大-1
2026-07-01 16:17:35,950 INFO  ExportHelperExtension.cs: 1125 - Retrieving features of type [CoordSys] from 4340p转子-1
2026-07-01 16:17:35,950 INFO  ExportHelperExtension.cs: 1136 - Found 33 in 4340p转子-1
2026-07-01 16:17:35,950 INFO  ExportHelperExtension.cs: 1145 - Found 0 features of type [CoordSys] in 4340p转子-1
2026-07-01 16:17:35,950 INFO  ExportHelperExtension.cs: 1125 - Retrieving features of type [CoordSys] from 轴承-2
2026-07-01 16:17:35,951 INFO  ExportHelperExtension.cs: 1136 - Found 40 in 轴承-2
2026-07-01 16:17:35,951 INFO  ExportHelperExtension.cs: 1145 - Found 0 features of type [CoordSys] in 轴承-2
2026-07-01 16:17:35,951 INFO  ExportHelperExtension.cs: 1125 - Retrieving features of type [CoordSys] from 关节3转关节4 小-1
2026-07-01 16:17:35,952 INFO  ExportHelperExtension.cs: 1136 - Found 40 in 关节3转关节4 小-1
2026-07-01 16:17:35,952 INFO  ExportHelperExtension.cs: 1145 - Found 0 features of type [CoordSys] in 关节3转关节4 小-1
2026-07-01 16:17:35,952 INFO  ExportHelperExtension.cs: 1125 - Retrieving features of type [CoordSys] from 4340p定子-1
2026-07-01 16:17:35,952 INFO  ExportHelperExtension.cs: 1136 - Found 45 in 4340p定子-1
2026-07-01 16:17:35,953 INFO  ExportHelperExtension.cs: 1145 - Found 0 features of type [CoordSys] in 4340p定子-1
2026-07-01 16:17:35,953 INFO  ExportHelperExtension.cs: 1125 - Retrieving features of type [CoordSys] from 4310定子-3
2026-07-01 16:17:35,953 INFO  ExportHelperExtension.cs: 1136 - Found 29 in 4310定子-3
2026-07-01 16:17:35,954 INFO  ExportHelperExtension.cs: 1145 - Found 0 features of type [CoordSys] in 4310定子-3
2026-07-01 16:17:35,954 INFO  ExportHelperExtension.cs: 1125 - Retrieving features of type [CoordSys] from 轴承-3
2026-07-01 16:17:35,954 INFO  ExportHelperExtension.cs: 1136 - Found 40 in 轴承-3
2026-07-01 16:17:35,954 INFO  ExportHelperExtension.cs: 1145 - Found 0 features of type [CoordSys] in 轴承-3
2026-07-01 16:17:35,954 INFO  ExportHelperExtension.cs: 1125 - Retrieving features of type [CoordSys] from 关节5转关节6 大-1
2026-07-01 16:17:35,954 INFO  ExportHelperExtension.cs: 1136 - Found 40 in 关节5转关节6 大-1
2026-07-01 16:17:35,956 INFO  ExportHelperExtension.cs: 1145 - Found 0 features of type [CoordSys] in 关节5转关节6 大-1
2026-07-01 16:17:35,956 INFO  ExportHelperExtension.cs: 1125 - Retrieving features of type [CoordSys] from 关节5转关节6 小最新版-1
2026-07-01 16:17:35,956 INFO  ExportHelperExtension.cs: 1136 - Found 40 in 关节5转关节6 小最新版-1
2026-07-01 16:17:35,957 INFO  ExportHelperExtension.cs: 1145 - Found 0 features of type [CoordSys] in 关节5转关节6 小最新版-1
2026-07-01 16:17:35,957 INFO  ExportHelperExtension.cs: 1125 - Retrieving features of type [CoordSys] from 4310定子-5
2026-07-01 16:17:35,957 INFO  ExportHelperExtension.cs: 1136 - Found 29 in 4310定子-5
2026-07-01 16:17:35,957 INFO  ExportHelperExtension.cs: 1145 - Found 0 features of type [CoordSys] in 4310定子-5
2026-07-01 16:17:35,958 INFO  ExportHelperExtension.cs: 1125 - Retrieving features of type [CoordSys] from 4310转子-4
2026-07-01 16:17:35,958 INFO  ExportHelperExtension.cs: 1136 - Found 35 in 4310转子-4
2026-07-01 16:17:35,958 INFO  ExportHelperExtension.cs: 1145 - Found 0 features of type [CoordSys] in 4310转子-4
2026-07-01 16:17:35,958 INFO  ExportHelperExtension.cs: 1125 - Retrieving features of type [CoordSys] from 末端指示带圆球最新-1
2026-07-01 16:17:35,959 INFO  ExportHelperExtension.cs: 1136 - Found 29 in 末端指示带圆球最新-1
2026-07-01 16:17:35,959 INFO  ExportHelperExtension.cs: 1145 - Found 0 features of type [CoordSys] in 末端指示带圆球最新-1
2026-07-01 16:17:35,959 INFO  ExportHelperExtension.cs: 1125 - Retrieving features of type [CoordSys] from 4310转子-5
2026-07-01 16:17:35,959 INFO  ExportHelperExtension.cs: 1136 - Found 35 in 4310转子-5
2026-07-01 16:17:35,960 INFO  ExportHelperExtension.cs: 1145 - Found 0 features of type [CoordSys] in 4310转子-5
2026-07-01 16:17:35,960 INFO  ExportHelperExtension.cs: 1125 - Retrieving features of type [CoordSys] from 4310转子-2
2026-07-01 16:17:35,960 INFO  ExportHelperExtension.cs: 1136 - Found 35 in 4310转子-2
2026-07-01 16:17:35,961 INFO  ExportHelperExtension.cs: 1145 - Found 0 features of type [CoordSys] in 4310转子-2
2026-07-01 16:17:35,961 INFO  ExportHelperExtension.cs: 1125 - Retrieving features of type [CoordSys] from 大底座-1
2026-07-01 16:17:35,961 INFO  ExportHelperExtension.cs: 1136 - Found 40 in 大底座-1
2026-07-01 16:17:35,962 INFO  ExportHelperExtension.cs: 1145 - Found 0 features of type [CoordSys] in 大底座-1
2026-07-01 16:17:35,962 INFO  ExportHelperExtension.cs: 1125 - Retrieving features of type [CoordSys] from 关节1保护-2
2026-07-01 16:17:35,962 INFO  ExportHelperExtension.cs: 1136 - Found 28 in 关节1保护-2
2026-07-01 16:17:35,962 INFO  ExportHelperExtension.cs: 1145 - Found 0 features of type [CoordSys] in 关节1保护-2
2026-07-01 16:17:35,963 INFO  ExportHelperExtension.cs: 1125 - Retrieving features of type [CoordSys] from 关节1转关节2底座-1
2026-07-01 16:17:35,963 INFO  ExportHelperExtension.cs: 1136 - Found 40 in 关节1转关节2底座-1
2026-07-01 16:17:35,963 INFO  ExportHelperExtension.cs: 1145 - Found 0 features of type [CoordSys] in 关节1转关节2底座-1
2026-07-01 16:17:35,963 INFO  ExportHelperExtension.cs: 1125 - Retrieving features of type [CoordSys] from 4340定子-1
2026-07-01 16:17:35,964 INFO  ExportHelperExtension.cs: 1136 - Found 45 in 4340定子-1
2026-07-01 16:17:35,964 INFO  ExportHelperExtension.cs: 1145 - Found 0 features of type [CoordSys] in 4340定子-1
2026-07-01 16:17:35,964 INFO  ExportHelperExtension.cs: 1125 - Retrieving features of type [CoordSys] from 4340转子-1
2026-07-01 16:17:35,965 INFO  ExportHelperExtension.cs: 1136 - Found 35 in 4340转子-1
2026-07-01 16:17:35,965 INFO  ExportHelperExtension.cs: 1145 - Found 0 features of type [CoordSys] in 4340转子-1
2026-07-01 16:17:35,965 INFO  ExportHelperExtension.cs: 1125 - Retrieving features of type [CoordSys] from 4310定子-2
2026-07-01 16:17:35,965 INFO  ExportHelperExtension.cs: 1136 - Found 29 in 4310定子-2
2026-07-01 16:17:35,966 INFO  ExportHelperExtension.cs: 1145 - Found 0 features of type [CoordSys] in 4310定子-2
2026-07-01 16:17:35,966 INFO  ExportHelperExtension.cs: 1125 - Retrieving features of type [CoordSys] from 关节2转关节3 大-1
2026-07-01 16:17:35,966 INFO  ExportHelperExtension.cs: 1136 - Found 28 in 关节2转关节3 大-1
2026-07-01 16:17:35,966 INFO  ExportHelperExtension.cs: 1145 - Found 0 features of type [CoordSys] in 关节2转关节3 大-1
2026-07-01 16:17:35,967 INFO  ExportHelperExtension.cs: 1125 - Retrieving features of type [CoordSys] from 轴承-1
2026-07-01 16:17:35,967 INFO  ExportHelperExtension.cs: 1136 - Found 40 in 轴承-1
2026-07-01 16:17:35,967 INFO  ExportHelperExtension.cs: 1145 - Found 0 features of type [CoordSys] in 轴承-1
2026-07-01 16:17:35,968 INFO  ExportHelperExtension.cs: 1125 - Retrieving features of type [CoordSys] from 关节2转关节3 小-1
2026-07-01 16:17:35,968 INFO  ExportHelperExtension.cs: 1136 - Found 40 in 关节2转关节3 小-1
2026-07-01 16:17:35,968 INFO  ExportHelperExtension.cs: 1145 - Found 0 features of type [CoordSys] in 关节2转关节3 小-1
2026-07-01 16:17:35,968 INFO  ExportHelperExtension.cs: 1125 - Retrieving features of type [CoordSys] from 关节4转关节5 小-2
2026-07-01 16:17:35,969 INFO  ExportHelperExtension.cs: 1136 - Found 28 in 关节4转关节5 小-2
2026-07-01 16:17:35,969 INFO  ExportHelperExtension.cs: 1145 - Found 0 features of type [CoordSys] in 关节4转关节5 小-2
2026-07-01 16:17:35,969 INFO  ExportHelperExtension.cs: 1125 - Retrieving features of type [RefAxis] from Coucouarm_v5.SLDASM
2026-07-01 16:17:35,970 INFO  ExportHelperExtension.cs: 1136 - Found 163 in Coucouarm_v5.SLDASM
2026-07-01 16:17:35,970 INFO  ExportHelperExtension.cs: 1145 - Found 7 features of type [RefAxis] in Coucouarm_v5.SLDASM
2026-07-01 16:17:35,970 INFO  ExportHelperExtension.cs: 1148 - Proceeding through assembly components
2026-07-01 16:17:35,971 INFO  ExportHelperExtension.cs: 1160 - 27 components to check
2026-07-01 16:17:35,971 INFO  ExportHelperExtension.cs: 1125 - Retrieving features of type [RefAxis] from 4310转子-3
2026-07-01 16:17:35,971 INFO  ExportHelperExtension.cs: 1136 - Found 35 in 4310转子-3
2026-07-01 16:17:35,971 INFO  ExportHelperExtension.cs: 1145 - Found 0 features of type [RefAxis] in 4310转子-3
2026-07-01 16:17:35,972 INFO  ExportHelperExtension.cs: 1125 - Retrieving features of type [RefAxis] from 4310定子-4
2026-07-01 16:17:35,972 INFO  ExportHelperExtension.cs: 1136 - Found 29 in 4310定子-4
2026-07-01 16:17:35,972 INFO  ExportHelperExtension.cs: 1145 - Found 0 features of type [RefAxis] in 4310定子-4
2026-07-01 16:17:35,972 INFO  ExportHelperExtension.cs: 1125 - Retrieving features of type [RefAxis] from 关节4转关节5 大-1
2026-07-01 16:17:35,973 INFO  ExportHelperExtension.cs: 1136 - Found 40 in 关节4转关节5 大-1
2026-07-01 16:17:35,973 INFO  ExportHelperExtension.cs: 1145 - Found 0 features of type [RefAxis] in 关节4转关节5 大-1
2026-07-01 16:17:35,973 INFO  ExportHelperExtension.cs: 1125 - Retrieving features of type [RefAxis] from 关节3转关节4 大-1
2026-07-01 16:17:35,973 INFO  ExportHelperExtension.cs: 1136 - Found 40 in 关节3转关节4 大-1
2026-07-01 16:17:35,974 INFO  ExportHelperExtension.cs: 1145 - Found 0 features of type [RefAxis] in 关节3转关节4 大-1
2026-07-01 16:17:35,974 INFO  ExportHelperExtension.cs: 1125 - Retrieving features of type [RefAxis] from 4340p转子-1
2026-07-01 16:17:35,974 INFO  ExportHelperExtension.cs: 1136 - Found 33 in 4340p转子-1
2026-07-01 16:17:35,975 INFO  ExportHelperExtension.cs: 1145 - Found 0 features of type [RefAxis] in 4340p转子-1
2026-07-01 16:17:35,975 INFO  ExportHelperExtension.cs: 1125 - Retrieving features of type [RefAxis] from 轴承-2
2026-07-01 16:17:35,975 INFO  ExportHelperExtension.cs: 1136 - Found 40 in 轴承-2
2026-07-01 16:17:35,976 INFO  ExportHelperExtension.cs: 1145 - Found 0 features of type [RefAxis] in 轴承-2
2026-07-01 16:17:35,976 INFO  ExportHelperExtension.cs: 1125 - Retrieving features of type [RefAxis] from 关节3转关节4 小-1
2026-07-01 16:17:35,977 INFO  ExportHelperExtension.cs: 1136 - Found 40 in 关节3转关节4 小-1
2026-07-01 16:17:35,977 INFO  ExportHelperExtension.cs: 1145 - Found 0 features of type [RefAxis] in 关节3转关节4 小-1
2026-07-01 16:17:35,977 INFO  ExportHelperExtension.cs: 1125 - Retrieving features of type [RefAxis] from 4340p定子-1
2026-07-01 16:17:35,978 INFO  ExportHelperExtension.cs: 1136 - Found 45 in 4340p定子-1
2026-07-01 16:17:35,978 INFO  ExportHelperExtension.cs: 1145 - Found 0 features of type [RefAxis] in 4340p定子-1
2026-07-01 16:17:35,978 INFO  ExportHelperExtension.cs: 1125 - Retrieving features of type [RefAxis] from 4310定子-3
2026-07-01 16:17:35,978 INFO  ExportHelperExtension.cs: 1136 - Found 29 in 4310定子-3
2026-07-01 16:17:35,980 INFO  ExportHelperExtension.cs: 1145 - Found 0 features of type [RefAxis] in 4310定子-3
2026-07-01 16:17:35,980 INFO  ExportHelperExtension.cs: 1125 - Retrieving features of type [RefAxis] from 轴承-3
2026-07-01 16:17:35,980 INFO  ExportHelperExtension.cs: 1136 - Found 40 in 轴承-3
2026-07-01 16:17:35,981 INFO  ExportHelperExtension.cs: 1145 - Found 0 features of type [RefAxis] in 轴承-3
2026-07-01 16:17:35,981 INFO  ExportHelperExtension.cs: 1125 - Retrieving features of type [RefAxis] from 关节5转关节6 大-1
2026-07-01 16:17:35,981 INFO  ExportHelperExtension.cs: 1136 - Found 40 in 关节5转关节6 大-1
2026-07-01 16:17:35,982 INFO  ExportHelperExtension.cs: 1145 - Found 0 features of type [RefAxis] in 关节5转关节6 大-1
2026-07-01 16:17:35,982 INFO  ExportHelperExtension.cs: 1125 - Retrieving features of type [RefAxis] from 关节5转关节6 小最新版-1
2026-07-01 16:17:35,982 INFO  ExportHelperExtension.cs: 1136 - Found 40 in 关节5转关节6 小最新版-1
2026-07-01 16:17:35,982 INFO  ExportHelperExtension.cs: 1145 - Found 0 features of type [RefAxis] in 关节5转关节6 小最新版-1
2026-07-01 16:17:35,982 INFO  ExportHelperExtension.cs: 1125 - Retrieving features of type [RefAxis] from 4310定子-5
2026-07-01 16:17:35,983 INFO  ExportHelperExtension.cs: 1136 - Found 29 in 4310定子-5
2026-07-01 16:17:35,983 INFO  ExportHelperExtension.cs: 1145 - Found 0 features of type [RefAxis] in 4310定子-5
2026-07-01 16:17:35,983 INFO  ExportHelperExtension.cs: 1125 - Retrieving features of type [RefAxis] from 4310转子-4
2026-07-01 16:17:35,983 INFO  ExportHelperExtension.cs: 1136 - Found 35 in 4310转子-4
2026-07-01 16:17:35,983 INFO  ExportHelperExtension.cs: 1145 - Found 0 features of type [RefAxis] in 4310转子-4
2026-07-01 16:17:35,983 INFO  ExportHelperExtension.cs: 1125 - Retrieving features of type [RefAxis] from 末端指示带圆球最新-1
2026-07-01 16:17:35,985 INFO  ExportHelperExtension.cs: 1136 - Found 29 in 末端指示带圆球最新-1
2026-07-01 16:17:35,985 INFO  ExportHelperExtension.cs: 1145 - Found 0 features of type [RefAxis] in 末端指示带圆球最新-1
2026-07-01 16:17:35,985 INFO  ExportHelperExtension.cs: 1125 - Retrieving features of type [RefAxis] from 4310转子-5
2026-07-01 16:17:35,985 INFO  ExportHelperExtension.cs: 1136 - Found 35 in 4310转子-5
2026-07-01 16:17:35,986 INFO  ExportHelperExtension.cs: 1145 - Found 0 features of type [RefAxis] in 4310转子-5
2026-07-01 16:17:35,987 INFO  ExportHelperExtension.cs: 1125 - Retrieving features of type [RefAxis] from 4310转子-2
2026-07-01 16:17:35,987 INFO  ExportHelperExtension.cs: 1136 - Found 35 in 4310转子-2
2026-07-01 16:17:35,987 INFO  ExportHelperExtension.cs: 1145 - Found 0 features of type [RefAxis] in 4310转子-2
2026-07-01 16:17:35,987 INFO  ExportHelperExtension.cs: 1125 - Retrieving features of type [RefAxis] from 大底座-1
2026-07-01 16:17:35,987 INFO  ExportHelperExtension.cs: 1136 - Found 40 in 大底座-1
2026-07-01 16:17:35,987 INFO  ExportHelperExtension.cs: 1145 - Found 0 features of type [RefAxis] in 大底座-1
2026-07-01 16:17:35,993 INFO  ExportHelperExtension.cs: 1125 - Retrieving features of type [RefAxis] from 关节1保护-2
2026-07-01 16:17:36,153 INFO  ExportHelperExtension.cs: 1136 - Found 28 in 关节1保护-2
2026-07-01 16:17:36,153 INFO  ExportHelperExtension.cs: 1145 - Found 0 features of type [RefAxis] in 关节1保护-2
2026-07-01 16:17:36,154 INFO  ExportHelperExtension.cs: 1125 - Retrieving features of type [RefAxis] from 关节1转关节2底座-1
2026-07-01 16:17:36,154 INFO  ExportHelperExtension.cs: 1136 - Found 40 in 关节1转关节2底座-1
2026-07-01 16:17:36,154 INFO  ExportHelperExtension.cs: 1145 - Found 0 features of type [RefAxis] in 关节1转关节2底座-1
2026-07-01 16:17:36,155 INFO  ExportHelperExtension.cs: 1125 - Retrieving features of type [RefAxis] from 4340定子-1
2026-07-01 16:17:36,155 INFO  ExportHelperExtension.cs: 1136 - Found 45 in 4340定子-1
2026-07-01 16:17:36,155 INFO  ExportHelperExtension.cs: 1145 - Found 0 features of type [RefAxis] in 4340定子-1
2026-07-01 16:17:36,156 INFO  ExportHelperExtension.cs: 1125 - Retrieving features of type [RefAxis] from 4340转子-1
2026-07-01 16:17:36,156 INFO  ExportHelperExtension.cs: 1136 - Found 35 in 4340转子-1
2026-07-01 16:17:36,156 INFO  ExportHelperExtension.cs: 1145 - Found 0 features of type [RefAxis] in 4340转子-1
2026-07-01 16:17:36,157 INFO  ExportHelperExtension.cs: 1125 - Retrieving features of type [RefAxis] from 4310定子-2
2026-07-01 16:17:36,157 INFO  ExportHelperExtension.cs: 1136 - Found 29 in 4310定子-2
2026-07-01 16:17:36,157 INFO  ExportHelperExtension.cs: 1145 - Found 0 features of type [RefAxis] in 4310定子-2
2026-07-01 16:17:36,157 INFO  ExportHelperExtension.cs: 1125 - Retrieving features of type [RefAxis] from 关节2转关节3 大-1
2026-07-01 16:17:36,157 INFO  ExportHelperExtension.cs: 1136 - Found 28 in 关节2转关节3 大-1
2026-07-01 16:17:36,159 INFO  ExportHelperExtension.cs: 1145 - Found 0 features of type [RefAxis] in 关节2转关节3 大-1
2026-07-01 16:17:36,159 INFO  ExportHelperExtension.cs: 1125 - Retrieving features of type [RefAxis] from 轴承-1
2026-07-01 16:17:36,159 INFO  ExportHelperExtension.cs: 1136 - Found 40 in 轴承-1
2026-07-01 16:17:36,160 INFO  ExportHelperExtension.cs: 1145 - Found 0 features of type [RefAxis] in 轴承-1
2026-07-01 16:17:36,160 INFO  ExportHelperExtension.cs: 1125 - Retrieving features of type [RefAxis] from 关节2转关节3 小-1
2026-07-01 16:17:36,160 INFO  ExportHelperExtension.cs: 1136 - Found 40 in 关节2转关节3 小-1
2026-07-01 16:17:36,160 INFO  ExportHelperExtension.cs: 1145 - Found 0 features of type [RefAxis] in 关节2转关节3 小-1
2026-07-01 16:17:36,161 INFO  ExportHelperExtension.cs: 1125 - Retrieving features of type [RefAxis] from 关节4转关节5 小-2
2026-07-01 16:17:36,161 INFO  ExportHelperExtension.cs: 1136 - Found 28 in 关节4转关节5 小-2
2026-07-01 16:17:36,161 INFO  ExportHelperExtension.cs: 1145 - Found 0 features of type [RefAxis] in 关节4转关节5 小-2
2026-07-01 16:17:36,542 INFO  SwAddin.cs: 339 - Loading config tree
2026-07-01 16:17:36,542 INFO  ConfigurationSerialization.cs: 276 - URDF Configuration found
<Link z:Id="i1" xmlns="http://schemas.datacontract.org/2004/07/SW2URDF" xmlns:i="http://www.w3.org/2001/XMLSchema-instance" xmlns:z="http://schemas.microsoft.com/2003/10/Serialization/"><Attributes><Attribute z:Id="i2"><AttributeType>name</AttributeType><IsRequired>true</IsRequired><Value i:type="a:string" xmlns:a="http://www.w3.org/2001/XMLSchema">base_link</Value></Attribute></Attributes><ChildElements><URDFElement z:Id="i3" i:type="Inertial"><Attributes/><ChildElements><URDFElement z:Id="i4" i:type="Origin"><Attributes><Attribute z:Id="i5"><AttributeType>xyz</AttributeType><IsRequired>true</IsRequired><Value i:type="a:ArrayOfdouble" xmlns:a="http://schemas.microsoft.com/2003/10/Serialization/Arrays"><a:double>0</a:double><a:double>0</a:double><a:double>0</a:double></Value></Attribute><Attribute z:Id="i6"><AttributeType>rpy</AttributeType><IsRequired>true</IsRequired><Value i:type="a:ArrayOfdouble" xmlns:a="http://schemas.microsoft.com/2003/10/Serialization/Arrays"><a:double>0</a:double><a:double>0</a:double><a:double>0</a:double></Value></Attribute></Attributes><ChildElements/><ElementName>origin</ElementName><required>false</required><RPYAttribute z:Ref="i6"/><XYZAttribute z:Ref="i5"/><isCustomized>false</isCustomized></URDFElement><URDFElement z:Id="i7" i:type="Mass"><Attributes><Attribute z:Id="i8"><AttributeType>value</AttributeType><IsRequired>true</IsRequired><Value i:type="a:double" xmlns:a="http://www.w3.org/2001/XMLSchema">0</Value></Attribute></Attributes><ChildElements/><ElementName>mass</ElementName><required>false</required><ValueAttribute z:Ref="i8"/></URDFElement><URDFElement z:Id="i9" i:type="Inertia"><Attributes><Attribute z:Id="i10"><AttributeType>ixx</AttributeType><IsRequired>true</IsRequired><Value i:type="a:double" xmlns:a="http://www.w3.org/2001/XMLSchema">0</Value></Attribute><Attribute z:Id="i11"><AttributeType>ixy</AttributeType><IsRequired>true</IsRequired><Value i:type="a:double" xmlns:a="http://www.w3.org/2001/XMLSchema">0</Value></Attribute><Attribute z:Id="i12"><AttributeType>ixz</AttributeType><IsRequired>true</IsRequired><Value i:type="a:double" xmlns:a="http://www.w3.org/2001/XMLSchema">0</Value></Attribute><Attribute z:Id="i13"><AttributeType>iyy</AttributeType><IsRequired>true</IsRequired><Value i:type="a:double" xmlns:a="http://www.w3.org/2001/XMLSchema">0</Value></Attribute><Attribute z:Id="i14"><AttributeType>iyz</AttributeType><IsRequired>true</IsRequired><Value i:type="a:double" xmlns:a="http://www.w3.org/2001/XMLSchema">0</Value></Attribute><Attribute z:Id="i15"><AttributeType>izz</AttributeType><IsRequired>true</IsRequired><Value i:type="a:double" xmlns:a="http://www.w3.org/2001/XMLSchema">0</Value></Attribute></Attributes><ChildElements/><ElementName>inertia</ElementName><required>false</required><IxxAttribute z:Ref="i10"/><IxyAttribute z:Ref="i11"/><IxzAttribute z:Ref="i12"/><IyyAttribute z:Ref="i13"/><IyzAttribute z:Ref="i14"/><IzzAttribute z:Ref="i15"/></URDFElement></ChildElements><ElementName>inertial</ElementName><required>false</required><Inertia z:Ref="i9"/><Mass z:Ref="i7"/><Origin z:Ref="i4"/></URDFElement><URDFElement z:Id="i16" i:type="Visual"><Attributes/><ChildElements><URDFElement z:Id="i17" i:type="Origin"><Attributes><Attribute z:Id="i18"><AttributeType>xyz</AttributeType><IsRequired>true</IsRequired><Value i:type="a:ArrayOfdouble" xmlns:a="http://schemas.microsoft.com/2003/10/Serialization/Arrays"><a:double>0</a:double><a:double>0</a:double><a:double>0</a:double></Value></Attribute><Attribute z:Id="i19"><AttributeType>rpy</AttributeType><IsRequired>true</IsRequired><Value i:type="a:ArrayOfdouble" xmlns:a="http://schemas.microsoft.com/2003/10/Serialization/Arrays"><a:double>0</a:double><a:double>0</a:double><a:double>0</a:double></Value></Attribute></Attributes><ChildElements/><ElementName>origin</ElementName><required>false</required><RPYAttribute z:Ref="i19"/><XYZAttribute z:Ref="i18"/><isCustomized>false</isCustomized></URDFElement><URDFElement z:Id="i20" i:type="Geometry"><Attributes/><ChildElements><URDFElement z:Id="i21" i:type="Mesh"><Attributes><Attribute z:Id="i22"><AttributeType>filename</AttributeType><IsRequired>true</IsRequired><Value i:nil="true"/></Attribute></Attributes><ChildElements/><ElementName>mesh</ElementName><required>false</required><FilenameAttribute z:Ref="i22"/></URDFElement></ChildElements><ElementName>geometry</ElementName><required>true</required><Mesh z:Ref="i21"/></URDFElement><URDFElement z:Id="i23" i:type="Material"><Attributes><Attribute z:Id="i24"><AttributeType>name</AttributeType><IsRequired>true</IsRequired><Value i:type="a:string" xmlns:a="http://www.w3.org/2001/XMLSchema"/></Attribute></Attributes><ChildElements><URDFElement z:Id="i25" i:type="Color"><Attributes><Attribute z:Id="i26"><AttributeType>rgba</AttributeType><IsRequired>true</IsRequired><Value i:type="a:ArrayOfdouble" xmlns:a="http://schemas.microsoft.com/2003/10/Serialization/Arrays"><a:double>1</a:double><a:double>1</a:double><a:double>1</a:double><a:double>1</a:double></Value></Attribute></Attributes><ChildElements/><ElementName>color</ElementName><required>false</required><RGBAAttribute z:Ref="i26"/></URDFElement><URDFElement z:Id="i27" i:type="Texture"><Attributes><Attribute z:Id="i28"><AttributeType>filename</AttributeType><IsRequired>true</IsRequired><Value i:nil="true"/></Attribute></Attributes><ChildElements/><ElementName>texture</ElementName><required>false</required><FilenameAttribute z:Ref="i28"/><wFilename/></URDFElement></ChildElements><ElementName>material</ElementName><required>false</required><Color z:Ref="i25"/><NameAttribute z:Ref="i24"/><Texture z:Ref="i27"/></URDFElement></ChildElements><ElementName>visual</ElementName><required>false</required><Geometry z:Ref="i20"/><Material z:Ref="i23"/><Origin z:Ref="i17"/></URDFElement><URDFElement z:Id="i29" i:type="Collision"><Attributes/><ChildElements><URDFElement z:Id="i30" i:type="Origin"><Attributes><Attribute z:Id="i31"><AttributeType>xyz</AttributeType><IsRequired>true</IsRequired><Value i:type="a:ArrayOfdouble" xmlns:a="http://schemas.microsoft.com/2003/10/Serialization/Arrays"><a:double>0</a:double><a:double>0</a:double><a:double>0</a:double></Value></Attribute><Attribute z:Id="i32"><AttributeType>rpy</AttributeType><IsRequired>true</IsRequired><Value i:type="a:ArrayOfdouble" xmlns:a="http://schemas.microsoft.com/2003/10/Serialization/Arrays"><a:double>0</a:double><a:double>0</a:double><a:double>0</a:double></Value></Attribute></Attributes><ChildElements/><ElementName>origin</ElementName><required>false</required><RPYAttribute z:Ref="i32"/><XYZAttribute z:Ref="i31"/><isCustomized>false</isCustomized></URDFElement><URDFElement z:Id="i33" i:type="Geometry"><Attributes/><ChildElements><URDFElement z:Id="i34" i:type="Mesh"><Attributes><Attribute z:Id="i35"><AttributeType>filename</AttributeType><IsRequired>true</IsRequired><Value i:nil="true"/></Attribute></Attributes><ChildElements/><ElementName>mesh</ElementName><required>false</required><FilenameAttribute z:Ref="i35"/></URDFElement></ChildElements><ElementName>geometry</ElementName><required>true</required><Mesh z:Ref="i34"/></URDFElement></ChildElements><ElementName>collision</ElementName><required>false</required><Geometry z:Ref="i33"/><Origin z:Ref="i30"/></URDFElement><URDFElement z:Id="i36" i:type="Joint"><Attributes><Attribute z:Id="i37"><AttributeType>name</AttributeType><IsRequired>true</IsRequired><Value i:type="a:string" xmlns:a="http://www.w3.org/2001/XMLSchema"/></Attribute><Attribute z:Id="i38"><AttributeType>type</AttributeType><IsRequired>true</IsRequired><Value i:type="a:string" xmlns:a="http://www.w3.org/2001/XMLSchema"/></Attribute></Attributes><ChildElements><URDFElement z:Id="i39" i:type="Origin"><Attributes><Attribute z:Id="i40"><AttributeType>xyz</AttributeType><IsRequired>true</IsRequired><Value i:type="a:ArrayOfdouble" xmlns:a="http://schemas.microsoft.com/2003/10/Serialization/Arrays"><a:double>0</a:double><a:double>0</a:double><a:double>0</a:double></Value></Attribute><Attribute z:Id="i41"><AttributeType>rpy</AttributeType><IsRequired>true</IsRequired><Value i:type="a:ArrayOfdouble" xmlns:a="http://schemas.microsoft.com/2003/10/Serialization/Arrays"><a:double>0</a:double><a:double>0</a:double><a:double>0</a:double></Value></Attribute></Attributes><ChildElements/><ElementName>origin</ElementName><required>false</required><RPYAttribute z:Ref="i41"/><XYZAttribute z:Ref="i40"/><isCustomized>false</isCustomized></URDFElement><URDFElement z:Id="i42" i:type="ParentLink"><Attributes><Attribute z:Id="i43"><AttributeType>link</AttributeType><IsRequired>true</IsRequired><Value i:type="a:string" xmlns:a="http://www.w3.org/2001/XMLSchema"/></Attribute></Attributes><ChildElements/><ElementName>parent</ElementName><required>true</required><NameAttribute z:Ref="i43"/></URDFElement><URDFElement z:Id="i44" i:type="ChildLink"><Attributes><Attribute z:Id="i45"><AttributeType>link</AttributeType><IsRequired>true</IsRequired><Value i:type="a:string" xmlns:a="http://www.w3.org/2001/XMLSchema"/></Attribute></Attributes><ChildElements/><ElementName>child</ElementName><required>true</required><NameAttribute z:Ref="i45"/></URDFElement><URDFElement z:Id="i46" i:type="Axis"><Attributes><Attribute z:Id="i47"><AttributeType>xyz</AttributeType><IsRequired>true</IsRequired><Value i:type="a:ArrayOfdouble" xmlns:a="http://schemas.microsoft.com/2003/10/Serialization/Arrays"><a:double>0</a:double><a:double>0</a:double><a:double>0</a:double></Value></Attribute></Attributes><ChildElements/><ElementName>axis</ElementName><required>false</required><XYZAttribute z:Ref="i47"/></URDFElement><URDFElement z:Id="i48" i:type="Limit"><Attributes><Attribute z:Id="i49"><AttributeType>lower</AttributeType><IsRequired>false</IsRequired><Value i:nil="true"/></Attribute><Attribute z:Id="i50"><AttributeType>upper</AttributeType><IsRequired>false</IsRequired><Value i:nil="true"/></Attribute><Attribute z:Id="i51"><AttributeType>effort</AttributeType><IsRequired>true</IsRequired><Value i:nil="true"/></Attribute><Attribute z:Id="i52"><AttributeType>velocity</AttributeType><IsRequired>true</IsRequired><Value i:nil="true"/></Attribute></Attributes><ChildElements/><ElementName>limit</ElementName><required>false</required><EffortAttribute z:Ref="i51"/><LowerAttribute z:Ref="i49"/><UpperAttribute z:Ref="i50"/><VelocityAttribute z:Ref="i52"/></URDFElement><URDFElement z:Id="i53" i:type="Calibration"><Attributes><Attribute z:Id="i54"><AttributeType>rising</AttributeType><IsRequired>false</IsRequired><Value i:nil="true"/></Attribute><Attribute z:Id="i55"><AttributeType>falling</AttributeType><IsRequired>false</IsRequired><Value i:nil="true"/></Attribute></Attributes><ChildElements/><ElementName>calibration</ElementName><required>false</required><FallingAttribute z:Ref="i55"/><RisingAttribute z:Ref="i54"/></URDFElement><URDFElement z:Id="i56" i:type="Dynamics"><Attributes><Attribute z:Id="i57"><AttributeType>damping</AttributeType><IsRequired>false</IsRequired><Value i:nil="true"/></Attribute><Attribute z:Id="i58"><AttributeType>friction</AttributeType><IsRequired>false</IsRequired><Value i:nil="true"/></Attribute></Attributes><ChildElements/><ElementName>dynamics</ElementName><required>false</required><DampingAttribute z:Ref="i57"/><FrictionAttribute z:Ref="i58"/></URDFElement><URDFElement z:Id="i59" i:type="SafetyController"><Attributes><Attribute z:Id="i60"><AttributeType>soft_upper_limit</AttributeType><IsRequired>false</IsRequired><Value i:nil="true"/></Attribute><Attribute z:Id="i61"><AttributeType>soft_lower_limit</AttributeType><IsRequired>false</IsRequired><Value i:nil="true"/></Attribute><Attribute z:Id="i62"><AttributeType>k_position</AttributeType><IsRequired>false</IsRequired><Value i:nil="true"/></Attribute><Attribute z:Id="i63"><AttributeType>k_velocity</AttributeType><IsRequired>true</IsRequired><Value i:nil="true"/></Attribute></Attributes><ChildElements/><ElementName>safety_controller</ElementName><required>false</required><KPositionAttribute z:Ref="i62"/><KVelocityAttribute z:Ref="i63"/><SoftLowerAttribute z:Ref="i61"/><SoftUpperAttribute z:Ref="i60"/></URDFElement><URDFElement z:Id="i64" i:type="Mimic"><Attributes><Attribute z:Id="i65"><AttributeType>joint</AttributeType><IsRequired>true</IsRequired><Value i:nil="true"/></Attribute><Attribute z:Id="i66"><AttributeType>multiplier</AttributeType><IsRequired>false</IsRequired><Value i:nil="true"/></Attribute><Attribute z:Id="i67"><AttributeType>offset</AttributeType><IsRequired>false</IsRequired><Value i:nil="true"/></Attribute></Attributes><ChildElements/><ElementName>mimic</ElementName><required>false</required><JointNameAttribute z:Ref="i65"/><MultiplierAttribute z:Ref="i66"/><OffsetAttribute z:Ref="i67"/></URDFElement></ChildElements><ElementName>joint</ElementName><required>false</required><Axis z:Ref="i46"/><AxisName/><Calibration z:Ref="i53"/><Child z:Ref="i44"/><CoordinateSystemName>?????????_base</CoordinateSystemName><Dynamics z:Ref="i56"/><Limit z:Ref="i48"/><Mimic z:Ref="i64"/><NameAttribute z:Ref="i37"/><Origin z:Ref="i39"/><Parent z:Ref="i42"/><Safety z:Ref="i59"/><TypeAttribute z:Ref="i38"/></URDFElement></ChildElements><ElementName>link</ElementName><required>true</required><Children/><Collision z:Ref="i29"/><Inertial z:Ref="i3"/><Joint z:Ref="i36"/><NameAttribute z:Ref="i2"/><Parent i:nil="true"/><STLQualityFine>false</STLQualityFine><SWComponentPIDs xmlns:a="http://schemas.microsoft.com/2003/10/Serialization/Arrays"><a:base64Binary>aEIAAAUAAAD//v8SJ1mVXqdeLQAxAEAAQwBvAHUAYwBvAHUAYQByAG0AXwB2ADUABAAAABAAAAABAAAAAQAAAB0AAAA=</a:base64Binary><a:base64Binary>aEIAAAUAAAD//v8Uc1GCgjEA3U+kYi0AMgBAAEMAbwB1AGMAbwB1AGEAcgBtAF8AdgA1AAQAAAAQAAAAAQAAAAEAAAAfAAAA</a:base64Binary><a:base64Binary>aEIAAAUAAAD//v8VNAAzADEAMACaW1BbLQAyAEAAQwBvAHUAYwBvAHUAYQByAG0AXwB2ADUABAAAABAAAAABAAAAAQAAADYAAAA=</a:base64Binary><a:base64Binary>aEIAAAUAAAD//v8VNAAzADEAMABsj1BbLQAyAEAAQwBvAHUAYwBvAHUAYQByAG0AXwB2ADUABAAAABAAAAABAAAAAQAAAEoAAAA=</a:base64Binary></SWComponentPIDs><SWMainComponentPID i:nil="true"/><Visual z:Ref="i16"/><isFixedFrame>false</isFixedFrame><isIncomplete>false</isIncomplete></Link>
2026-07-01 16:17:36,543 INFO  LinkNode.cs: 35 - Building node base_link
2026-07-01 16:17:36,544 INFO  CommonSwOperations.cs: 221 - Loading SolidWorks components for base_link from E:\3工作后学习\0 达妙电机控制学习\1 机械臂模型\六自由度模型_适用三自由度\V5 step文件\v5_sldprt\装配体\Coucouarm_v5.SLDASM
2026-07-01 16:17:36,544 INFO  CommonSwOperations.cs: 245 - Loading component with PID hB     ???'Y?^?^- 1 @ C o u c o u a r m _ v 5                
2026-07-01 16:17:36,544 INFO  CommonSwOperations.cs: 254 - Successfully loaded component E:\3工作后学习\0 达妙电机控制学习\1 机械臂模型\六自由度模型_适用三自由度\V5 step文件\v5_sldprt\装配体\大底座.SLDPRT
2026-07-01 16:17:36,544 INFO  CommonSwOperations.cs: 245 - Loading component with PID hB     ???sQ??1 ?O?b- 2 @ C o u c o u a r m _ v 5                
2026-07-01 16:17:36,545 INFO  CommonSwOperations.cs: 254 - Successfully loaded component E:\3工作后学习\0 达妙电机控制学习\1 机械臂模型\六自由度模型_适用三自由度\V5 step文件\v5_sldprt\关节1保护.SLDPRT
2026-07-01 16:17:36,545 INFO  CommonSwOperations.cs: 245 - Loading component with PID hB     ???4 3 1 0 ?[P[- 2 @ C o u c o u a r m _ v 5             6   
2026-07-01 16:17:36,545 INFO  CommonSwOperations.cs: 254 - Successfully loaded component E:\3工作后学习\0 达妙电机控制学习\1 机械臂模型\六自由度模型_适用三自由度\V5 step文件\v5_sldprt\4310定子.SLDPRT
2026-07-01 16:17:36,545 INFO  CommonSwOperations.cs: 245 - Loading component with PID hB     ???4 3 1 0 l?P[- 2 @ C o u c o u a r m _ v 5             J   
2026-07-01 16:17:36,546 INFO  CommonSwOperations.cs: 254 - Successfully loaded component E:\3工作后学习\0 达妙电机控制学习\1 机械臂模型\六自由度模型_适用三自由度\V5 step文件\v5_sldprt\4310转子.SLDPRT
2026-07-01 16:17:36,546 INFO  CommonSwOperations.cs: 230 - Loaded 4 components for link base_link
2026-07-01 16:17:36,599 INFO  SwAddin.cs: 344 - Showing property manager
2026-07-01 16:17:44,521 INFO  ExportPropertyManager.cs: 1136 - OnNumberBoxTrackingCompleted called. This method no longer throws an Exception. It just silently does nothing. Ok, except for this logging message
2026-07-01 16:17:55,021 INFO  ExportPropertyManager.cs: 1018 - OnComboboxSelectionChanged called. This method no longer throws an Exception. It just silently does nothing. Ok, except for this logging message
2026-07-01 16:18:02,019 INFO  ExportPropertyManager.cs: 416 - Configuration canceled
2026-07-01 16:18:02,114 INFO  ExportPropertyManager.cs: 1142 - AfterClose called. This method no longer throws an Exception. It just silently does nothing. Ok, except for this logging message
2026-07-01 16:18:06,556 INFO  SwAddin.cs: 294 - Assembly export called for file Coucouarm_v5.SLDASM
2026-07-01 16:18:08,205 INFO  SwAddin.cs: 313 - Saving assembly
2026-07-01 16:18:09,314 INFO  SwAddin.cs: 316 - Opening property manager
2026-07-01 16:18:09,314 INFO  ExportHelperExtension.cs: 1125 - Retrieving features of type [CoordSys] from Coucouarm_v5.SLDASM
2026-07-01 16:18:09,315 INFO  ExportHelperExtension.cs: 1136 - Found 163 in Coucouarm_v5.SLDASM
2026-07-01 16:18:09,316 INFO  ExportHelperExtension.cs: 1145 - Found 7 features of type [CoordSys] in Coucouarm_v5.SLDASM
2026-07-01 16:18:09,316 INFO  ExportHelperExtension.cs: 1148 - Proceeding through assembly components
2026-07-01 16:18:09,316 INFO  ExportHelperExtension.cs: 1160 - 27 components to check
2026-07-01 16:18:09,316 INFO  ExportHelperExtension.cs: 1125 - Retrieving features of type [CoordSys] from 4310转子-3
2026-07-01 16:18:09,317 INFO  ExportHelperExtension.cs: 1136 - Found 35 in 4310转子-3
2026-07-01 16:18:09,317 INFO  ExportHelperExtension.cs: 1145 - Found 0 features of type [CoordSys] in 4310转子-3
2026-07-01 16:18:09,317 INFO  ExportHelperExtension.cs: 1125 - Retrieving features of type [CoordSys] from 4310定子-4
2026-07-01 16:18:09,318 INFO  ExportHelperExtension.cs: 1136 - Found 29 in 4310定子-4
2026-07-01 16:18:09,318 INFO  ExportHelperExtension.cs: 1145 - Found 0 features of type [CoordSys] in 4310定子-4
2026-07-01 16:18:09,318 INFO  ExportHelperExtension.cs: 1125 - Retrieving features of type [CoordSys] from 关节4转关节5 大-1
2026-07-01 16:18:09,319 INFO  ExportHelperExtension.cs: 1136 - Found 40 in 关节4转关节5 大-1
2026-07-01 16:18:09,319 INFO  ExportHelperExtension.cs: 1145 - Found 0 features of type [CoordSys] in 关节4转关节5 大-1
2026-07-01 16:18:09,319 INFO  ExportHelperExtension.cs: 1125 - Retrieving features of type [CoordSys] from 关节3转关节4 大-1
2026-07-01 16:18:09,320 INFO  ExportHelperExtension.cs: 1136 - Found 40 in 关节3转关节4 大-1
2026-07-01 16:18:09,320 INFO  ExportHelperExtension.cs: 1145 - Found 0 features of type [CoordSys] in 关节3转关节4 大-1
2026-07-01 16:18:09,321 INFO  ExportHelperExtension.cs: 1125 - Retrieving features of type [CoordSys] from 4340p转子-1
2026-07-01 16:18:09,321 INFO  ExportHelperExtension.cs: 1136 - Found 33 in 4340p转子-1
2026-07-01 16:18:09,321 INFO  ExportHelperExtension.cs: 1145 - Found 0 features of type [CoordSys] in 4340p转子-1
2026-07-01 16:18:09,322 INFO  ExportHelperExtension.cs: 1125 - Retrieving features of type [CoordSys] from 轴承-2
2026-07-01 16:18:09,322 INFO  ExportHelperExtension.cs: 1136 - Found 40 in 轴承-2
2026-07-01 16:18:09,322 INFO  ExportHelperExtension.cs: 1145 - Found 0 features of type [CoordSys] in 轴承-2
2026-07-01 16:18:09,323 INFO  ExportHelperExtension.cs: 1125 - Retrieving features of type [CoordSys] from 关节3转关节4 小-1
2026-07-01 16:18:09,323 INFO  ExportHelperExtension.cs: 1136 - Found 40 in 关节3转关节4 小-1
2026-07-01 16:18:09,323 INFO  ExportHelperExtension.cs: 1145 - Found 0 features of type [CoordSys] in 关节3转关节4 小-1
2026-07-01 16:18:09,323 INFO  ExportHelperExtension.cs: 1125 - Retrieving features of type [CoordSys] from 4340p定子-1
2026-07-01 16:18:09,324 INFO  ExportHelperExtension.cs: 1136 - Found 45 in 4340p定子-1
2026-07-01 16:18:09,324 INFO  ExportHelperExtension.cs: 1145 - Found 0 features of type [CoordSys] in 4340p定子-1
2026-07-01 16:18:09,324 INFO  ExportHelperExtension.cs: 1125 - Retrieving features of type [CoordSys] from 4310定子-3
2026-07-01 16:18:09,324 INFO  ExportHelperExtension.cs: 1136 - Found 29 in 4310定子-3
2026-07-01 16:18:09,325 INFO  ExportHelperExtension.cs: 1145 - Found 0 features of type [CoordSys] in 4310定子-3
2026-07-01 16:18:09,325 INFO  ExportHelperExtension.cs: 1125 - Retrieving features of type [CoordSys] from 轴承-3
2026-07-01 16:18:09,325 INFO  ExportHelperExtension.cs: 1136 - Found 40 in 轴承-3
2026-07-01 16:18:09,326 INFO  ExportHelperExtension.cs: 1145 - Found 0 features of type [CoordSys] in 轴承-3
2026-07-01 16:18:09,326 INFO  ExportHelperExtension.cs: 1125 - Retrieving features of type [CoordSys] from 关节5转关节6 大-1
2026-07-01 16:18:09,326 INFO  ExportHelperExtension.cs: 1136 - Found 40 in 关节5转关节6 大-1
2026-07-01 16:18:09,326 INFO  ExportHelperExtension.cs: 1145 - Found 0 features of type [CoordSys] in 关节5转关节6 大-1
2026-07-01 16:18:09,327 INFO  ExportHelperExtension.cs: 1125 - Retrieving features of type [CoordSys] from 关节5转关节6 小最新版-1
2026-07-01 16:18:09,327 INFO  ExportHelperExtension.cs: 1136 - Found 40 in 关节5转关节6 小最新版-1
2026-07-01 16:18:09,327 INFO  ExportHelperExtension.cs: 1145 - Found 0 features of type [CoordSys] in 关节5转关节6 小最新版-1
2026-07-01 16:18:09,327 INFO  ExportHelperExtension.cs: 1125 - Retrieving features of type [CoordSys] from 4310定子-5
2026-07-01 16:18:09,328 INFO  ExportHelperExtension.cs: 1136 - Found 29 in 4310定子-5
2026-07-01 16:18:09,328 INFO  ExportHelperExtension.cs: 1145 - Found 0 features of type [CoordSys] in 4310定子-5
2026-07-01 16:18:09,329 INFO  ExportHelperExtension.cs: 1125 - Retrieving features of type [CoordSys] from 4310转子-4
2026-07-01 16:18:09,329 INFO  ExportHelperExtension.cs: 1136 - Found 35 in 4310转子-4
2026-07-01 16:18:09,330 INFO  ExportHelperExtension.cs: 1145 - Found 0 features of type [CoordSys] in 4310转子-4
2026-07-01 16:18:09,330 INFO  ExportHelperExtension.cs: 1125 - Retrieving features of type [CoordSys] from 末端指示带圆球最新-1
2026-07-01 16:18:09,330 INFO  ExportHelperExtension.cs: 1136 - Found 29 in 末端指示带圆球最新-1
2026-07-01 16:18:09,330 INFO  ExportHelperExtension.cs: 1145 - Found 0 features of type [CoordSys] in 末端指示带圆球最新-1
2026-07-01 16:18:09,331 INFO  ExportHelperExtension.cs: 1125 - Retrieving features of type [CoordSys] from 4310转子-5
2026-07-01 16:18:09,331 INFO  ExportHelperExtension.cs: 1136 - Found 35 in 4310转子-5
2026-07-01 16:18:09,331 INFO  ExportHelperExtension.cs: 1145 - Found 0 features of type [CoordSys] in 4310转子-5
2026-07-01 16:18:09,331 INFO  ExportHelperExtension.cs: 1125 - Retrieving features of type [CoordSys] from 4310转子-2
2026-07-01 16:18:09,332 INFO  ExportHelperExtension.cs: 1136 - Found 35 in 4310转子-2
2026-07-01 16:18:09,332 INFO  ExportHelperExtension.cs: 1145 - Found 0 features of type [CoordSys] in 4310转子-2
2026-07-01 16:18:09,332 INFO  ExportHelperExtension.cs: 1125 - Retrieving features of type [CoordSys] from 大底座-1
2026-07-01 16:18:09,333 INFO  ExportHelperExtension.cs: 1136 - Found 40 in 大底座-1
2026-07-01 16:18:09,333 INFO  ExportHelperExtension.cs: 1145 - Found 0 features of type [CoordSys] in 大底座-1
2026-07-01 16:18:09,333 INFO  ExportHelperExtension.cs: 1125 - Retrieving features of type [CoordSys] from 关节1保护-2
2026-07-01 16:18:09,333 INFO  ExportHelperExtension.cs: 1136 - Found 28 in 关节1保护-2
2026-07-01 16:18:09,334 INFO  ExportHelperExtension.cs: 1145 - Found 0 features of type [CoordSys] in 关节1保护-2
2026-07-01 16:18:09,334 INFO  ExportHelperExtension.cs: 1125 - Retrieving features of type [CoordSys] from 关节1转关节2底座-1
2026-07-01 16:18:09,334 INFO  ExportHelperExtension.cs: 1136 - Found 40 in 关节1转关节2底座-1
2026-07-01 16:18:09,335 INFO  ExportHelperExtension.cs: 1145 - Found 0 features of type [CoordSys] in 关节1转关节2底座-1
2026-07-01 16:18:09,335 INFO  ExportHelperExtension.cs: 1125 - Retrieving features of type [CoordSys] from 4340定子-1
2026-07-01 16:18:09,335 INFO  ExportHelperExtension.cs: 1136 - Found 45 in 4340定子-1
2026-07-01 16:18:09,335 INFO  ExportHelperExtension.cs: 1145 - Found 0 features of type [CoordSys] in 4340定子-1
2026-07-01 16:18:09,336 INFO  ExportHelperExtension.cs: 1125 - Retrieving features of type [CoordSys] from 4340转子-1
2026-07-01 16:18:09,336 INFO  ExportHelperExtension.cs: 1136 - Found 35 in 4340转子-1
2026-07-01 16:18:09,336 INFO  ExportHelperExtension.cs: 1145 - Found 0 features of type [CoordSys] in 4340转子-1
2026-07-01 16:18:09,336 INFO  ExportHelperExtension.cs: 1125 - Retrieving features of type [CoordSys] from 4310定子-2
2026-07-01 16:18:09,337 INFO  ExportHelperExtension.cs: 1136 - Found 29 in 4310定子-2
2026-07-01 16:18:09,337 INFO  ExportHelperExtension.cs: 1145 - Found 0 features of type [CoordSys] in 4310定子-2
2026-07-01 16:18:09,337 INFO  ExportHelperExtension.cs: 1125 - Retrieving features of type [CoordSys] from 关节2转关节3 大-1
2026-07-01 16:18:09,337 INFO  ExportHelperExtension.cs: 1136 - Found 28 in 关节2转关节3 大-1
2026-07-01 16:18:09,338 INFO  ExportHelperExtension.cs: 1145 - Found 0 features of type [CoordSys] in 关节2转关节3 大-1
2026-07-01 16:18:09,338 INFO  ExportHelperExtension.cs: 1125 - Retrieving features of type [CoordSys] from 轴承-1
2026-07-01 16:18:09,338 INFO  ExportHelperExtension.cs: 1136 - Found 40 in 轴承-1
2026-07-01 16:18:09,338 INFO  ExportHelperExtension.cs: 1145 - Found 0 features of type [CoordSys] in 轴承-1
2026-07-01 16:18:09,339 INFO  ExportHelperExtension.cs: 1125 - Retrieving features of type [CoordSys] from 关节2转关节3 小-1
2026-07-01 16:18:09,339 INFO  ExportHelperExtension.cs: 1136 - Found 40 in 关节2转关节3 小-1
2026-07-01 16:18:09,339 INFO  ExportHelperExtension.cs: 1145 - Found 0 features of type [CoordSys] in 关节2转关节3 小-1
2026-07-01 16:18:09,340 INFO  ExportHelperExtension.cs: 1125 - Retrieving features of type [CoordSys] from 关节4转关节5 小-2
2026-07-01 16:18:09,340 INFO  ExportHelperExtension.cs: 1136 - Found 28 in 关节4转关节5 小-2
2026-07-01 16:18:09,340 INFO  ExportHelperExtension.cs: 1145 - Found 0 features of type [CoordSys] in 关节4转关节5 小-2
2026-07-01 16:18:09,340 INFO  ExportHelperExtension.cs: 1125 - Retrieving features of type [RefAxis] from Coucouarm_v5.SLDASM
2026-07-01 16:18:09,341 INFO  ExportHelperExtension.cs: 1136 - Found 163 in Coucouarm_v5.SLDASM
2026-07-01 16:18:09,341 INFO  ExportHelperExtension.cs: 1145 - Found 7 features of type [RefAxis] in Coucouarm_v5.SLDASM
2026-07-01 16:18:09,341 INFO  ExportHelperExtension.cs: 1148 - Proceeding through assembly components
2026-07-01 16:18:09,342 INFO  ExportHelperExtension.cs: 1160 - 27 components to check
2026-07-01 16:18:09,342 INFO  ExportHelperExtension.cs: 1125 - Retrieving features of type [RefAxis] from 4310转子-3
2026-07-01 16:18:09,342 INFO  ExportHelperExtension.cs: 1136 - Found 35 in 4310转子-3
2026-07-01 16:18:09,343 INFO  ExportHelperExtension.cs: 1145 - Found 0 features of type [RefAxis] in 4310转子-3
2026-07-01 16:18:09,343 INFO  ExportHelperExtension.cs: 1125 - Retrieving features of type [RefAxis] from 4310定子-4
2026-07-01 16:18:09,343 INFO  ExportHelperExtension.cs: 1136 - Found 29 in 4310定子-4
2026-07-01 16:18:09,346 INFO  ExportHelperExtension.cs: 1145 - Found 0 features of type [RefAxis] in 4310定子-4
2026-07-01 16:18:09,346 INFO  ExportHelperExtension.cs: 1125 - Retrieving features of type [RefAxis] from 关节4转关节5 大-1
2026-07-01 16:18:09,501 INFO  ExportHelperExtension.cs: 1136 - Found 40 in 关节4转关节5 大-1
2026-07-01 16:18:09,502 INFO  ExportHelperExtension.cs: 1145 - Found 0 features of type [RefAxis] in 关节4转关节5 大-1
2026-07-01 16:18:09,502 INFO  ExportHelperExtension.cs: 1125 - Retrieving features of type [RefAxis] from 关节3转关节4 大-1
2026-07-01 16:18:09,502 INFO  ExportHelperExtension.cs: 1136 - Found 40 in 关节3转关节4 大-1
2026-07-01 16:18:09,503 INFO  ExportHelperExtension.cs: 1145 - Found 0 features of type [RefAxis] in 关节3转关节4 大-1
2026-07-01 16:18:09,503 INFO  ExportHelperExtension.cs: 1125 - Retrieving features of type [RefAxis] from 4340p转子-1
2026-07-01 16:18:09,503 INFO  ExportHelperExtension.cs: 1136 - Found 33 in 4340p转子-1
2026-07-01 16:18:09,504 INFO  ExportHelperExtension.cs: 1145 - Found 0 features of type [RefAxis] in 4340p转子-1
2026-07-01 16:18:09,504 INFO  ExportHelperExtension.cs: 1125 - Retrieving features of type [RefAxis] from 轴承-2
2026-07-01 16:18:09,504 INFO  ExportHelperExtension.cs: 1136 - Found 40 in 轴承-2
2026-07-01 16:18:09,504 INFO  ExportHelperExtension.cs: 1145 - Found 0 features of type [RefAxis] in 轴承-2
2026-07-01 16:18:09,505 INFO  ExportHelperExtension.cs: 1125 - Retrieving features of type [RefAxis] from 关节3转关节4 小-1
2026-07-01 16:18:09,505 INFO  ExportHelperExtension.cs: 1136 - Found 40 in 关节3转关节4 小-1
2026-07-01 16:18:09,505 INFO  ExportHelperExtension.cs: 1145 - Found 0 features of type [RefAxis] in 关节3转关节4 小-1
2026-07-01 16:18:09,505 INFO  ExportHelperExtension.cs: 1125 - Retrieving features of type [RefAxis] from 4340p定子-1
2026-07-01 16:18:09,506 INFO  ExportHelperExtension.cs: 1136 - Found 45 in 4340p定子-1
2026-07-01 16:18:09,506 INFO  ExportHelperExtension.cs: 1145 - Found 0 features of type [RefAxis] in 4340p定子-1
2026-07-01 16:18:09,506 INFO  ExportHelperExtension.cs: 1125 - Retrieving features of type [RefAxis] from 4310定子-3
2026-07-01 16:18:09,506 INFO  ExportHelperExtension.cs: 1136 - Found 29 in 4310定子-3
2026-07-01 16:18:09,506 INFO  ExportHelperExtension.cs: 1145 - Found 0 features of type [RefAxis] in 4310定子-3
2026-07-01 16:18:09,507 INFO  ExportHelperExtension.cs: 1125 - Retrieving features of type [RefAxis] from 轴承-3
2026-07-01 16:18:09,507 INFO  ExportHelperExtension.cs: 1136 - Found 40 in 轴承-3
2026-07-01 16:18:09,507 INFO  ExportHelperExtension.cs: 1145 - Found 0 features of type [RefAxis] in 轴承-3
2026-07-01 16:18:09,507 INFO  ExportHelperExtension.cs: 1125 - Retrieving features of type [RefAxis] from 关节5转关节6 大-1
2026-07-01 16:18:09,508 INFO  ExportHelperExtension.cs: 1136 - Found 40 in 关节5转关节6 大-1
2026-07-01 16:18:09,508 INFO  ExportHelperExtension.cs: 1145 - Found 0 features of type [RefAxis] in 关节5转关节6 大-1
2026-07-01 16:18:09,508 INFO  ExportHelperExtension.cs: 1125 - Retrieving features of type [RefAxis] from 关节5转关节6 小最新版-1
2026-07-01 16:18:09,509 INFO  ExportHelperExtension.cs: 1136 - Found 40 in 关节5转关节6 小最新版-1
2026-07-01 16:18:09,509 INFO  ExportHelperExtension.cs: 1145 - Found 0 features of type [RefAxis] in 关节5转关节6 小最新版-1
2026-07-01 16:18:09,509 INFO  ExportHelperExtension.cs: 1125 - Retrieving features of type [RefAxis] from 4310定子-5
2026-07-01 16:18:09,509 INFO  ExportHelperExtension.cs: 1136 - Found 29 in 4310定子-5
2026-07-01 16:18:09,510 INFO  ExportHelperExtension.cs: 1145 - Found 0 features of type [RefAxis] in 4310定子-5
2026-07-01 16:18:09,510 INFO  ExportHelperExtension.cs: 1125 - Retrieving features of type [RefAxis] from 4310转子-4
2026-07-01 16:18:09,510 INFO  ExportHelperExtension.cs: 1136 - Found 35 in 4310转子-4
2026-07-01 16:18:09,511 INFO  ExportHelperExtension.cs: 1145 - Found 0 features of type [RefAxis] in 4310转子-4
2026-07-01 16:18:09,511 INFO  ExportHelperExtension.cs: 1125 - Retrieving features of type [RefAxis] from 末端指示带圆球最新-1
2026-07-01 16:18:09,511 INFO  ExportHelperExtension.cs: 1136 - Found 29 in 末端指示带圆球最新-1
2026-07-01 16:18:09,511 INFO  ExportHelperExtension.cs: 1145 - Found 0 features of type [RefAxis] in 末端指示带圆球最新-1
2026-07-01 16:18:09,511 INFO  ExportHelperExtension.cs: 1125 - Retrieving features of type [RefAxis] from 4310转子-5
2026-07-01 16:18:09,511 INFO  ExportHelperExtension.cs: 1136 - Found 35 in 4310转子-5
2026-07-01 16:18:09,513 INFO  ExportHelperExtension.cs: 1145 - Found 0 features of type [RefAxis] in 4310转子-5
2026-07-01 16:18:09,513 INFO  ExportHelperExtension.cs: 1125 - Retrieving features of type [RefAxis] from 4310转子-2
2026-07-01 16:18:09,513 INFO  ExportHelperExtension.cs: 1136 - Found 35 in 4310转子-2
2026-07-01 16:18:09,513 INFO  ExportHelperExtension.cs: 1145 - Found 0 features of type [RefAxis] in 4310转子-2
2026-07-01 16:18:09,513 INFO  ExportHelperExtension.cs: 1125 - Retrieving features of type [RefAxis] from 大底座-1
2026-07-01 16:18:09,514 INFO  ExportHelperExtension.cs: 1136 - Found 40 in 大底座-1
2026-07-01 16:18:09,514 INFO  ExportHelperExtension.cs: 1145 - Found 0 features of type [RefAxis] in 大底座-1
2026-07-01 16:18:09,514 INFO  ExportHelperExtension.cs: 1125 - Retrieving features of type [RefAxis] from 关节1保护-2
2026-07-01 16:18:09,515 INFO  ExportHelperExtension.cs: 1136 - Found 28 in 关节1保护-2
2026-07-01 16:18:09,515 INFO  ExportHelperExtension.cs: 1145 - Found 0 features of type [RefAxis] in 关节1保护-2
2026-07-01 16:18:09,515 INFO  ExportHelperExtension.cs: 1125 - Retrieving features of type [RefAxis] from 关节1转关节2底座-1
2026-07-01 16:18:09,515 INFO  ExportHelperExtension.cs: 1136 - Found 40 in 关节1转关节2底座-1
2026-07-01 16:18:09,515 INFO  ExportHelperExtension.cs: 1145 - Found 0 features of type [RefAxis] in 关节1转关节2底座-1
2026-07-01 16:18:09,515 INFO  ExportHelperExtension.cs: 1125 - Retrieving features of type [RefAxis] from 4340定子-1
2026-07-01 16:18:09,517 INFO  ExportHelperExtension.cs: 1136 - Found 45 in 4340定子-1
2026-07-01 16:18:09,517 INFO  ExportHelperExtension.cs: 1145 - Found 0 features of type [RefAxis] in 4340定子-1
2026-07-01 16:18:09,517 INFO  ExportHelperExtension.cs: 1125 - Retrieving features of type [RefAxis] from 4340转子-1
2026-07-01 16:18:09,518 INFO  ExportHelperExtension.cs: 1136 - Found 35 in 4340转子-1
2026-07-01 16:18:09,518 INFO  ExportHelperExtension.cs: 1145 - Found 0 features of type [RefAxis] in 4340转子-1
2026-07-01 16:18:09,518 INFO  ExportHelperExtension.cs: 1125 - Retrieving features of type [RefAxis] from 4310定子-2
2026-07-01 16:18:09,518 INFO  ExportHelperExtension.cs: 1136 - Found 29 in 4310定子-2
2026-07-01 16:18:09,519 INFO  ExportHelperExtension.cs: 1145 - Found 0 features of type [RefAxis] in 4310定子-2
2026-07-01 16:18:09,519 INFO  ExportHelperExtension.cs: 1125 - Retrieving features of type [RefAxis] from 关节2转关节3 大-1
2026-07-01 16:18:09,519 INFO  ExportHelperExtension.cs: 1136 - Found 28 in 关节2转关节3 大-1
2026-07-01 16:18:09,519 INFO  ExportHelperExtension.cs: 1145 - Found 0 features of type [RefAxis] in 关节2转关节3 大-1
2026-07-01 16:18:09,520 INFO  ExportHelperExtension.cs: 1125 - Retrieving features of type [RefAxis] from 轴承-1
2026-07-01 16:18:09,520 INFO  ExportHelperExtension.cs: 1136 - Found 40 in 轴承-1
2026-07-01 16:18:09,520 INFO  ExportHelperExtension.cs: 1145 - Found 0 features of type [RefAxis] in 轴承-1
2026-07-01 16:18:09,520 INFO  ExportHelperExtension.cs: 1125 - Retrieving features of type [RefAxis] from 关节2转关节3 小-1
2026-07-01 16:18:09,521 INFO  ExportHelperExtension.cs: 1136 - Found 40 in 关节2转关节3 小-1
2026-07-01 16:18:09,521 INFO  ExportHelperExtension.cs: 1145 - Found 0 features of type [RefAxis] in 关节2转关节3 小-1
2026-07-01 16:18:09,521 INFO  ExportHelperExtension.cs: 1125 - Retrieving features of type [RefAxis] from 关节4转关节5 小-2
2026-07-01 16:18:09,521 INFO  ExportHelperExtension.cs: 1136 - Found 28 in 关节4转关节5 小-2
2026-07-01 16:18:09,522 INFO  ExportHelperExtension.cs: 1145 - Found 0 features of type [RefAxis] in 关节4转关节5 小-2
2026-07-01 16:18:09,565 INFO  SwAddin.cs: 339 - Loading config tree
2026-07-01 16:18:09,565 INFO  ConfigurationSerialization.cs: 276 - URDF Configuration found
<Link z:Id="i1" xmlns="http://schemas.datacontract.org/2004/07/SW2URDF" xmlns:i="http://www.w3.org/2001/XMLSchema-instance" xmlns:z="http://schemas.microsoft.com/2003/10/Serialization/"><Attributes><Attribute z:Id="i2"><AttributeType>name</AttributeType><IsRequired>true</IsRequired><Value i:type="a:string" xmlns:a="http://www.w3.org/2001/XMLSchema">base_link</Value></Attribute></Attributes><ChildElements><URDFElement z:Id="i3" i:type="Inertial"><Attributes/><ChildElements><URDFElement z:Id="i4" i:type="Origin"><Attributes><Attribute z:Id="i5"><AttributeType>xyz</AttributeType><IsRequired>true</IsRequired><Value i:type="a:ArrayOfdouble" xmlns:a="http://schemas.microsoft.com/2003/10/Serialization/Arrays"><a:double>0</a:double><a:double>0</a:double><a:double>0</a:double></Value></Attribute><Attribute z:Id="i6"><AttributeType>rpy</AttributeType><IsRequired>true</IsRequired><Value i:type="a:ArrayOfdouble" xmlns:a="http://schemas.microsoft.com/2003/10/Serialization/Arrays"><a:double>0</a:double><a:double>0</a:double><a:double>0</a:double></Value></Attribute></Attributes><ChildElements/><ElementName>origin</ElementName><required>false</required><RPYAttribute z:Ref="i6"/><XYZAttribute z:Ref="i5"/><isCustomized>false</isCustomized></URDFElement><URDFElement z:Id="i7" i:type="Mass"><Attributes><Attribute z:Id="i8"><AttributeType>value</AttributeType><IsRequired>true</IsRequired><Value i:type="a:double" xmlns:a="http://www.w3.org/2001/XMLSchema">0</Value></Attribute></Attributes><ChildElements/><ElementName>mass</ElementName><required>false</required><ValueAttribute z:Ref="i8"/></URDFElement><URDFElement z:Id="i9" i:type="Inertia"><Attributes><Attribute z:Id="i10"><AttributeType>ixx</AttributeType><IsRequired>true</IsRequired><Value i:type="a:double" xmlns:a="http://www.w3.org/2001/XMLSchema">0</Value></Attribute><Attribute z:Id="i11"><AttributeType>ixy</AttributeType><IsRequired>true</IsRequired><Value i:type="a:double" xmlns:a="http://www.w3.org/2001/XMLSchema">0</Value></Attribute><Attribute z:Id="i12"><AttributeType>ixz</AttributeType><IsRequired>true</IsRequired><Value i:type="a:double" xmlns:a="http://www.w3.org/2001/XMLSchema">0</Value></Attribute><Attribute z:Id="i13"><AttributeType>iyy</AttributeType><IsRequired>true</IsRequired><Value i:type="a:double" xmlns:a="http://www.w3.org/2001/XMLSchema">0</Value></Attribute><Attribute z:Id="i14"><AttributeType>iyz</AttributeType><IsRequired>true</IsRequired><Value i:type="a:double" xmlns:a="http://www.w3.org/2001/XMLSchema">0</Value></Attribute><Attribute z:Id="i15"><AttributeType>izz</AttributeType><IsRequired>true</IsRequired><Value i:type="a:double" xmlns:a="http://www.w3.org/2001/XMLSchema">0</Value></Attribute></Attributes><ChildElements/><ElementName>inertia</ElementName><required>false</required><IxxAttribute z:Ref="i10"/><IxyAttribute z:Ref="i11"/><IxzAttribute z:Ref="i12"/><IyyAttribute z:Ref="i13"/><IyzAttribute z:Ref="i14"/><IzzAttribute z:Ref="i15"/></URDFElement></ChildElements><ElementName>inertial</ElementName><required>false</required><Inertia z:Ref="i9"/><Mass z:Ref="i7"/><Origin z:Ref="i4"/></URDFElement><URDFElement z:Id="i16" i:type="Visual"><Attributes/><ChildElements><URDFElement z:Id="i17" i:type="Origin"><Attributes><Attribute z:Id="i18"><AttributeType>xyz</AttributeType><IsRequired>true</IsRequired><Value i:type="a:ArrayOfdouble" xmlns:a="http://schemas.microsoft.com/2003/10/Serialization/Arrays"><a:double>0</a:double><a:double>0</a:double><a:double>0</a:double></Value></Attribute><Attribute z:Id="i19"><AttributeType>rpy</AttributeType><IsRequired>true</IsRequired><Value i:type="a:ArrayOfdouble" xmlns:a="http://schemas.microsoft.com/2003/10/Serialization/Arrays"><a:double>0</a:double><a:double>0</a:double><a:double>0</a:double></Value></Attribute></Attributes><ChildElements/><ElementName>origin</ElementName><required>false</required><RPYAttribute z:Ref="i19"/><XYZAttribute z:Ref="i18"/><isCustomized>false</isCustomized></URDFElement><URDFElement z:Id="i20" i:type="Geometry"><Attributes/><ChildElements><URDFElement z:Id="i21" i:type="Mesh"><Attributes><Attribute z:Id="i22"><AttributeType>filename</AttributeType><IsRequired>true</IsRequired><Value i:nil="true"/></Attribute></Attributes><ChildElements/><ElementName>mesh</ElementName><required>false</required><FilenameAttribute z:Ref="i22"/></URDFElement></ChildElements><ElementName>geometry</ElementName><required>true</required><Mesh z:Ref="i21"/></URDFElement><URDFElement z:Id="i23" i:type="Material"><Attributes><Attribute z:Id="i24"><AttributeType>name</AttributeType><IsRequired>true</IsRequired><Value i:type="a:string" xmlns:a="http://www.w3.org/2001/XMLSchema"/></Attribute></Attributes><ChildElements><URDFElement z:Id="i25" i:type="Color"><Attributes><Attribute z:Id="i26"><AttributeType>rgba</AttributeType><IsRequired>true</IsRequired><Value i:type="a:ArrayOfdouble" xmlns:a="http://schemas.microsoft.com/2003/10/Serialization/Arrays"><a:double>1</a:double><a:double>1</a:double><a:double>1</a:double><a:double>1</a:double></Value></Attribute></Attributes><ChildElements/><ElementName>color</ElementName><required>false</required><RGBAAttribute z:Ref="i26"/></URDFElement><URDFElement z:Id="i27" i:type="Texture"><Attributes><Attribute z:Id="i28"><AttributeType>filename</AttributeType><IsRequired>true</IsRequired><Value i:nil="true"/></Attribute></Attributes><ChildElements/><ElementName>texture</ElementName><required>false</required><FilenameAttribute z:Ref="i28"/><wFilename/></URDFElement></ChildElements><ElementName>material</ElementName><required>false</required><Color z:Ref="i25"/><NameAttribute z:Ref="i24"/><Texture z:Ref="i27"/></URDFElement></ChildElements><ElementName>visual</ElementName><required>false</required><Geometry z:Ref="i20"/><Material z:Ref="i23"/><Origin z:Ref="i17"/></URDFElement><URDFElement z:Id="i29" i:type="Collision"><Attributes/><ChildElements><URDFElement z:Id="i30" i:type="Origin"><Attributes><Attribute z:Id="i31"><AttributeType>xyz</AttributeType><IsRequired>true</IsRequired><Value i:type="a:ArrayOfdouble" xmlns:a="http://schemas.microsoft.com/2003/10/Serialization/Arrays"><a:double>0</a:double><a:double>0</a:double><a:double>0</a:double></Value></Attribute><Attribute z:Id="i32"><AttributeType>rpy</AttributeType><IsRequired>true</IsRequired><Value i:type="a:ArrayOfdouble" xmlns:a="http://schemas.microsoft.com/2003/10/Serialization/Arrays"><a:double>0</a:double><a:double>0</a:double><a:double>0</a:double></Value></Attribute></Attributes><ChildElements/><ElementName>origin</ElementName><required>false</required><RPYAttribute z:Ref="i32"/><XYZAttribute z:Ref="i31"/><isCustomized>false</isCustomized></URDFElement><URDFElement z:Id="i33" i:type="Geometry"><Attributes/><ChildElements><URDFElement z:Id="i34" i:type="Mesh"><Attributes><Attribute z:Id="i35"><AttributeType>filename</AttributeType><IsRequired>true</IsRequired><Value i:nil="true"/></Attribute></Attributes><ChildElements/><ElementName>mesh</ElementName><required>false</required><FilenameAttribute z:Ref="i35"/></URDFElement></ChildElements><ElementName>geometry</ElementName><required>true</required><Mesh z:Ref="i34"/></URDFElement></ChildElements><ElementName>collision</ElementName><required>false</required><Geometry z:Ref="i33"/><Origin z:Ref="i30"/></URDFElement><URDFElement z:Id="i36" i:type="Joint"><Attributes><Attribute z:Id="i37"><AttributeType>name</AttributeType><IsRequired>true</IsRequired><Value i:type="a:string" xmlns:a="http://www.w3.org/2001/XMLSchema"/></Attribute><Attribute z:Id="i38"><AttributeType>type</AttributeType><IsRequired>true</IsRequired><Value i:type="a:string" xmlns:a="http://www.w3.org/2001/XMLSchema"/></Attribute></Attributes><ChildElements><URDFElement z:Id="i39" i:type="Origin"><Attributes><Attribute z:Id="i40"><AttributeType>xyz</AttributeType><IsRequired>true</IsRequired><Value i:type="a:ArrayOfdouble" xmlns:a="http://schemas.microsoft.com/2003/10/Serialization/Arrays"><a:double>0</a:double><a:double>0</a:double><a:double>0</a:double></Value></Attribute><Attribute z:Id="i41"><AttributeType>rpy</AttributeType><IsRequired>true</IsRequired><Value i:type="a:ArrayOfdouble" xmlns:a="http://schemas.microsoft.com/2003/10/Serialization/Arrays"><a:double>0</a:double><a:double>0</a:double><a:double>0</a:double></Value></Attribute></Attributes><ChildElements/><ElementName>origin</ElementName><required>false</required><RPYAttribute z:Ref="i41"/><XYZAttribute z:Ref="i40"/><isCustomized>false</isCustomized></URDFElement><URDFElement z:Id="i42" i:type="ParentLink"><Attributes><Attribute z:Id="i43"><AttributeType>link</AttributeType><IsRequired>true</IsRequired><Value i:type="a:string" xmlns:a="http://www.w3.org/2001/XMLSchema"/></Attribute></Attributes><ChildElements/><ElementName>parent</ElementName><required>true</required><NameAttribute z:Ref="i43"/></URDFElement><URDFElement z:Id="i44" i:type="ChildLink"><Attributes><Attribute z:Id="i45"><AttributeType>link</AttributeType><IsRequired>true</IsRequired><Value i:type="a:string" xmlns:a="http://www.w3.org/2001/XMLSchema"/></Attribute></Attributes><ChildElements/><ElementName>child</ElementName><required>true</required><NameAttribute z:Ref="i45"/></URDFElement><URDFElement z:Id="i46" i:type="Axis"><Attributes><Attribute z:Id="i47"><AttributeType>xyz</AttributeType><IsRequired>true</IsRequired><Value i:type="a:ArrayOfdouble" xmlns:a="http://schemas.microsoft.com/2003/10/Serialization/Arrays"><a:double>0</a:double><a:double>0</a:double><a:double>0</a:double></Value></Attribute></Attributes><ChildElements/><ElementName>axis</ElementName><required>false</required><XYZAttribute z:Ref="i47"/></URDFElement><URDFElement z:Id="i48" i:type="Limit"><Attributes><Attribute z:Id="i49"><AttributeType>lower</AttributeType><IsRequired>false</IsRequired><Value i:nil="true"/></Attribute><Attribute z:Id="i50"><AttributeType>upper</AttributeType><IsRequired>false</IsRequired><Value i:nil="true"/></Attribute><Attribute z:Id="i51"><AttributeType>effort</AttributeType><IsRequired>true</IsRequired><Value i:nil="true"/></Attribute><Attribute z:Id="i52"><AttributeType>velocity</AttributeType><IsRequired>true</IsRequired><Value i:nil="true"/></Attribute></Attributes><ChildElements/><ElementName>limit</ElementName><required>false</required><EffortAttribute z:Ref="i51"/><LowerAttribute z:Ref="i49"/><UpperAttribute z:Ref="i50"/><VelocityAttribute z:Ref="i52"/></URDFElement><URDFElement z:Id="i53" i:type="Calibration"><Attributes><Attribute z:Id="i54"><AttributeType>rising</AttributeType><IsRequired>false</IsRequired><Value i:nil="true"/></Attribute><Attribute z:Id="i55"><AttributeType>falling</AttributeType><IsRequired>false</IsRequired><Value i:nil="true"/></Attribute></Attributes><ChildElements/><ElementName>calibration</ElementName><required>false</required><FallingAttribute z:Ref="i55"/><RisingAttribute z:Ref="i54"/></URDFElement><URDFElement z:Id="i56" i:type="Dynamics"><Attributes><Attribute z:Id="i57"><AttributeType>damping</AttributeType><IsRequired>false</IsRequired><Value i:nil="true"/></Attribute><Attribute z:Id="i58"><AttributeType>friction</AttributeType><IsRequired>false</IsRequired><Value i:nil="true"/></Attribute></Attributes><ChildElements/><ElementName>dynamics</ElementName><required>false</required><DampingAttribute z:Ref="i57"/><FrictionAttribute z:Ref="i58"/></URDFElement><URDFElement z:Id="i59" i:type="SafetyController"><Attributes><Attribute z:Id="i60"><AttributeType>soft_upper_limit</AttributeType><IsRequired>false</IsRequired><Value i:nil="true"/></Attribute><Attribute z:Id="i61"><AttributeType>soft_lower_limit</AttributeType><IsRequired>false</IsRequired><Value i:nil="true"/></Attribute><Attribute z:Id="i62"><AttributeType>k_position</AttributeType><IsRequired>false</IsRequired><Value i:nil="true"/></Attribute><Attribute z:Id="i63"><AttributeType>k_velocity</AttributeType><IsRequired>true</IsRequired><Value i:nil="true"/></Attribute></Attributes><ChildElements/><ElementName>safety_controller</ElementName><required>false</required><KPositionAttribute z:Ref="i62"/><KVelocityAttribute z:Ref="i63"/><SoftLowerAttribute z:Ref="i61"/><SoftUpperAttribute z:Ref="i60"/></URDFElement><URDFElement z:Id="i64" i:type="Mimic"><Attributes><Attribute z:Id="i65"><AttributeType>joint</AttributeType><IsRequired>true</IsRequired><Value i:nil="true"/></Attribute><Attribute z:Id="i66"><AttributeType>multiplier</AttributeType><IsRequired>false</IsRequired><Value i:nil="true"/></Attribute><Attribute z:Id="i67"><AttributeType>offset</AttributeType><IsRequired>false</IsRequired><Value i:nil="true"/></Attribute></Attributes><ChildElements/><ElementName>mimic</ElementName><required>false</required><JointNameAttribute z:Ref="i65"/><MultiplierAttribute z:Ref="i66"/><OffsetAttribute z:Ref="i67"/></URDFElement></ChildElements><ElementName>joint</ElementName><required>false</required><Axis z:Ref="i46"/><AxisName/><Calibration z:Ref="i53"/><Child z:Ref="i44"/><CoordinateSystemName>?????????_base</CoordinateSystemName><Dynamics z:Ref="i56"/><Limit z:Ref="i48"/><Mimic z:Ref="i64"/><NameAttribute z:Ref="i37"/><Origin z:Ref="i39"/><Parent z:Ref="i42"/><Safety z:Ref="i59"/><TypeAttribute z:Ref="i38"/></URDFElement></ChildElements><ElementName>link</ElementName><required>true</required><Children/><Collision z:Ref="i29"/><Inertial z:Ref="i3"/><Joint z:Ref="i36"/><NameAttribute z:Ref="i2"/><Parent i:nil="true"/><STLQualityFine>false</STLQualityFine><SWComponentPIDs xmlns:a="http://schemas.microsoft.com/2003/10/Serialization/Arrays"><a:base64Binary>aEIAAAUAAAD//v8SJ1mVXqdeLQAxAEAAQwBvAHUAYwBvAHUAYQByAG0AXwB2ADUABAAAABAAAAABAAAAAQAAAB0AAAA=</a:base64Binary><a:base64Binary>aEIAAAUAAAD//v8Uc1GCgjEA3U+kYi0AMgBAAEMAbwB1AGMAbwB1AGEAcgBtAF8AdgA1AAQAAAAQAAAAAQAAAAEAAAAfAAAA</a:base64Binary><a:base64Binary>aEIAAAUAAAD//v8VNAAzADEAMACaW1BbLQAyAEAAQwBvAHUAYwBvAHUAYQByAG0AXwB2ADUABAAAABAAAAABAAAAAQAAADYAAAA=</a:base64Binary><a:base64Binary>aEIAAAUAAAD//v8VNAAzADEAMABsj1BbLQAyAEAAQwBvAHUAYwBvAHUAYQByAG0AXwB2ADUABAAAABAAAAABAAAAAQAAAEoAAAA=</a:base64Binary></SWComponentPIDs><SWMainComponentPID i:nil="true"/><Visual z:Ref="i16"/><isFixedFrame>false</isFixedFrame><isIncomplete>false</isIncomplete></Link>
2026-07-01 16:18:09,567 INFO  LinkNode.cs: 35 - Building node base_link
2026-07-01 16:18:09,567 INFO  CommonSwOperations.cs: 221 - Loading SolidWorks components for base_link from E:\3工作后学习\0 达妙电机控制学习\1 机械臂模型\六自由度模型_适用三自由度\V5 step文件\v5_sldprt\装配体\Coucouarm_v5.SLDASM
2026-07-01 16:18:09,567 INFO  CommonSwOperations.cs: 245 - Loading component with PID hB     ???'Y?^?^- 1 @ C o u c o u a r m _ v 5                
2026-07-01 16:18:09,567 INFO  CommonSwOperations.cs: 254 - Successfully loaded component E:\3工作后学习\0 达妙电机控制学习\1 机械臂模型\六自由度模型_适用三自由度\V5 step文件\v5_sldprt\装配体\大底座.SLDPRT
2026-07-01 16:18:09,567 INFO  CommonSwOperations.cs: 245 - Loading component with PID hB     ???sQ??1 ?O?b- 2 @ C o u c o u a r m _ v 5                
2026-07-01 16:18:09,568 INFO  CommonSwOperations.cs: 254 - Successfully loaded component E:\3工作后学习\0 达妙电机控制学习\1 机械臂模型\六自由度模型_适用三自由度\V5 step文件\v5_sldprt\关节1保护.SLDPRT
2026-07-01 16:18:09,568 INFO  CommonSwOperations.cs: 245 - Loading component with PID hB     ???4 3 1 0 ?[P[- 2 @ C o u c o u a r m _ v 5             6   
2026-07-01 16:18:09,568 INFO  CommonSwOperations.cs: 254 - Successfully loaded component E:\3工作后学习\0 达妙电机控制学习\1 机械臂模型\六自由度模型_适用三自由度\V5 step文件\v5_sldprt\4310定子.SLDPRT
2026-07-01 16:18:09,569 INFO  CommonSwOperations.cs: 245 - Loading component with PID hB     ???4 3 1 0 l?P[- 2 @ C o u c o u a r m _ v 5             J   
2026-07-01 16:18:09,569 INFO  CommonSwOperations.cs: 254 - Successfully loaded component E:\3工作后学习\0 达妙电机控制学习\1 机械臂模型\六自由度模型_适用三自由度\V5 step文件\v5_sldprt\4310转子.SLDPRT
2026-07-01 16:18:09,569 INFO  CommonSwOperations.cs: 230 - Loaded 4 components for link base_link
2026-07-01 16:18:09,598 INFO  SwAddin.cs: 344 - Showing property manager
2026-07-01 16:18:16,090 INFO  ExportPropertyManager.cs: 1136 - OnNumberBoxTrackingCompleted called. This method no longer throws an Exception. It just silently does nothing. Ok, except for this logging message
2026-07-01 16:18:33,933 INFO  ExportPropertyManager.cs: 416 - Configuration canceled
2026-07-01 16:18:34,027 INFO  ExportPropertyManager.cs: 1142 - AfterClose called. This method no longer throws an Exception. It just silently does nothing. Ok, except for this logging message
2026-07-01 16:20:13,659 INFO  SwAddin.cs: 294 - Assembly export called for file Coucouarm_v5.SLDASM
2026-07-01 16:20:15,382 INFO  SwAddin.cs: 313 - Saving assembly
2026-07-01 16:20:16,514 INFO  SwAddin.cs: 316 - Opening property manager
2026-07-01 16:20:16,514 INFO  ExportHelperExtension.cs: 1125 - Retrieving features of type [CoordSys] from Coucouarm_v5.SLDASM
2026-07-01 16:20:16,515 INFO  ExportHelperExtension.cs: 1136 - Found 163 in Coucouarm_v5.SLDASM
2026-07-01 16:20:16,516 INFO  ExportHelperExtension.cs: 1145 - Found 7 features of type [CoordSys] in Coucouarm_v5.SLDASM
2026-07-01 16:20:16,517 INFO  ExportHelperExtension.cs: 1148 - Proceeding through assembly components
2026-07-01 16:20:16,517 INFO  ExportHelperExtension.cs: 1160 - 27 components to check
2026-07-01 16:20:16,517 INFO  ExportHelperExtension.cs: 1125 - Retrieving features of type [CoordSys] from 4310转子-3
2026-07-01 16:20:16,518 INFO  ExportHelperExtension.cs: 1136 - Found 35 in 4310转子-3
2026-07-01 16:20:16,518 INFO  ExportHelperExtension.cs: 1145 - Found 0 features of type [CoordSys] in 4310转子-3
2026-07-01 16:20:16,518 INFO  ExportHelperExtension.cs: 1125 - Retrieving features of type [CoordSys] from 4310定子-4
2026-07-01 16:20:16,520 INFO  ExportHelperExtension.cs: 1136 - Found 29 in 4310定子-4
2026-07-01 16:20:16,520 INFO  ExportHelperExtension.cs: 1145 - Found 0 features of type [CoordSys] in 4310定子-4
2026-07-01 16:20:16,520 INFO  ExportHelperExtension.cs: 1125 - Retrieving features of type [CoordSys] from 关节4转关节5 大-1
2026-07-01 16:20:16,520 INFO  ExportHelperExtension.cs: 1136 - Found 40 in 关节4转关节5 大-1
2026-07-01 16:20:16,521 INFO  ExportHelperExtension.cs: 1145 - Found 0 features of type [CoordSys] in 关节4转关节5 大-1
2026-07-01 16:20:16,521 INFO  ExportHelperExtension.cs: 1125 - Retrieving features of type [CoordSys] from 关节3转关节4 大-1
2026-07-01 16:20:16,521 INFO  ExportHelperExtension.cs: 1136 - Found 40 in 关节3转关节4 大-1
2026-07-01 16:20:16,521 INFO  ExportHelperExtension.cs: 1145 - Found 0 features of type [CoordSys] in 关节3转关节4 大-1
2026-07-01 16:20:16,521 INFO  ExportHelperExtension.cs: 1125 - Retrieving features of type [CoordSys] from 4340p转子-1
2026-07-01 16:20:16,522 INFO  ExportHelperExtension.cs: 1136 - Found 33 in 4340p转子-1
2026-07-01 16:20:16,522 INFO  ExportHelperExtension.cs: 1145 - Found 0 features of type [CoordSys] in 4340p转子-1
2026-07-01 16:20:16,522 INFO  ExportHelperExtension.cs: 1125 - Retrieving features of type [CoordSys] from 轴承-2
2026-07-01 16:20:16,523 INFO  ExportHelperExtension.cs: 1136 - Found 40 in 轴承-2
2026-07-01 16:20:16,523 INFO  ExportHelperExtension.cs: 1145 - Found 0 features of type [CoordSys] in 轴承-2
2026-07-01 16:20:16,524 INFO  ExportHelperExtension.cs: 1125 - Retrieving features of type [CoordSys] from 关节3转关节4 小-1
2026-07-01 16:20:16,524 INFO  ExportHelperExtension.cs: 1136 - Found 40 in 关节3转关节4 小-1
2026-07-01 16:20:16,524 INFO  ExportHelperExtension.cs: 1145 - Found 0 features of type [CoordSys] in 关节3转关节4 小-1
2026-07-01 16:20:16,524 INFO  ExportHelperExtension.cs: 1125 - Retrieving features of type [CoordSys] from 4340p定子-1
2026-07-01 16:20:16,526 INFO  ExportHelperExtension.cs: 1136 - Found 45 in 4340p定子-1
2026-07-01 16:20:16,526 INFO  ExportHelperExtension.cs: 1145 - Found 0 features of type [CoordSys] in 4340p定子-1
2026-07-01 16:20:16,526 INFO  ExportHelperExtension.cs: 1125 - Retrieving features of type [CoordSys] from 4310定子-3
2026-07-01 16:20:16,527 INFO  ExportHelperExtension.cs: 1136 - Found 29 in 4310定子-3
2026-07-01 16:20:16,527 INFO  ExportHelperExtension.cs: 1145 - Found 0 features of type [CoordSys] in 4310定子-3
2026-07-01 16:20:16,527 INFO  ExportHelperExtension.cs: 1125 - Retrieving features of type [CoordSys] from 轴承-3
2026-07-01 16:20:16,527 INFO  ExportHelperExtension.cs: 1136 - Found 40 in 轴承-3
2026-07-01 16:20:16,528 INFO  ExportHelperExtension.cs: 1145 - Found 0 features of type [CoordSys] in 轴承-3
2026-07-01 16:20:16,528 INFO  ExportHelperExtension.cs: 1125 - Retrieving features of type [CoordSys] from 关节5转关节6 大-1
2026-07-01 16:20:16,529 INFO  ExportHelperExtension.cs: 1136 - Found 40 in 关节5转关节6 大-1
2026-07-01 16:20:16,532 INFO  ExportHelperExtension.cs: 1145 - Found 0 features of type [CoordSys] in 关节5转关节6 大-1
2026-07-01 16:20:16,532 INFO  ExportHelperExtension.cs: 1125 - Retrieving features of type [CoordSys] from 关节5转关节6 小最新版-1
2026-07-01 16:20:16,632 INFO  ExportHelperExtension.cs: 1136 - Found 40 in 关节5转关节6 小最新版-1
2026-07-01 16:20:16,633 INFO  ExportHelperExtension.cs: 1145 - Found 0 features of type [CoordSys] in 关节5转关节6 小最新版-1
2026-07-01 16:20:16,633 INFO  ExportHelperExtension.cs: 1125 - Retrieving features of type [CoordSys] from 4310定子-5
2026-07-01 16:20:16,633 INFO  ExportHelperExtension.cs: 1136 - Found 29 in 4310定子-5
2026-07-01 16:20:16,634 INFO  ExportHelperExtension.cs: 1145 - Found 0 features of type [CoordSys] in 4310定子-5
2026-07-01 16:20:16,634 INFO  ExportHelperExtension.cs: 1125 - Retrieving features of type [CoordSys] from 4310转子-4
2026-07-01 16:20:16,635 INFO  ExportHelperExtension.cs: 1136 - Found 35 in 4310转子-4
2026-07-01 16:20:16,635 INFO  ExportHelperExtension.cs: 1145 - Found 0 features of type [CoordSys] in 4310转子-4
2026-07-01 16:20:16,635 INFO  ExportHelperExtension.cs: 1125 - Retrieving features of type [CoordSys] from 末端指示带圆球最新-1
2026-07-01 16:20:16,636 INFO  ExportHelperExtension.cs: 1136 - Found 29 in 末端指示带圆球最新-1
2026-07-01 16:20:16,636 INFO  ExportHelperExtension.cs: 1145 - Found 0 features of type [CoordSys] in 末端指示带圆球最新-1
2026-07-01 16:20:16,636 INFO  ExportHelperExtension.cs: 1125 - Retrieving features of type [CoordSys] from 4310转子-5
2026-07-01 16:20:16,637 INFO  ExportHelperExtension.cs: 1136 - Found 35 in 4310转子-5
2026-07-01 16:20:16,637 INFO  ExportHelperExtension.cs: 1145 - Found 0 features of type [CoordSys] in 4310转子-5
2026-07-01 16:20:16,637 INFO  ExportHelperExtension.cs: 1125 - Retrieving features of type [CoordSys] from 4310转子-2
2026-07-01 16:20:16,637 INFO  ExportHelperExtension.cs: 1136 - Found 35 in 4310转子-2
2026-07-01 16:20:16,637 INFO  ExportHelperExtension.cs: 1145 - Found 0 features of type [CoordSys] in 4310转子-2
2026-07-01 16:20:16,637 INFO  ExportHelperExtension.cs: 1125 - Retrieving features of type [CoordSys] from 大底座-1
2026-07-01 16:20:16,638 INFO  ExportHelperExtension.cs: 1136 - Found 40 in 大底座-1
2026-07-01 16:20:16,638 INFO  ExportHelperExtension.cs: 1145 - Found 0 features of type [CoordSys] in 大底座-1
2026-07-01 16:20:16,638 INFO  ExportHelperExtension.cs: 1125 - Retrieving features of type [CoordSys] from 关节1保护-2
2026-07-01 16:20:16,639 INFO  ExportHelperExtension.cs: 1136 - Found 28 in 关节1保护-2
2026-07-01 16:20:16,639 INFO  ExportHelperExtension.cs: 1145 - Found 0 features of type [CoordSys] in 关节1保护-2
2026-07-01 16:20:16,640 INFO  ExportHelperExtension.cs: 1125 - Retrieving features of type [CoordSys] from 关节1转关节2底座-1
2026-07-01 16:20:16,640 INFO  ExportHelperExtension.cs: 1136 - Found 40 in 关节1转关节2底座-1
2026-07-01 16:20:16,640 INFO  ExportHelperExtension.cs: 1145 - Found 0 features of type [CoordSys] in 关节1转关节2底座-1
2026-07-01 16:20:16,640 INFO  ExportHelperExtension.cs: 1125 - Retrieving features of type [CoordSys] from 4340定子-1
2026-07-01 16:20:16,642 INFO  ExportHelperExtension.cs: 1136 - Found 45 in 4340定子-1
2026-07-01 16:20:16,642 INFO  ExportHelperExtension.cs: 1145 - Found 0 features of type [CoordSys] in 4340定子-1
2026-07-01 16:20:16,642 INFO  ExportHelperExtension.cs: 1125 - Retrieving features of type [CoordSys] from 4340转子-1
2026-07-01 16:20:16,643 INFO  ExportHelperExtension.cs: 1136 - Found 35 in 4340转子-1
2026-07-01 16:20:16,643 INFO  ExportHelperExtension.cs: 1145 - Found 0 features of type [CoordSys] in 4340转子-1
2026-07-01 16:20:16,643 INFO  ExportHelperExtension.cs: 1125 - Retrieving features of type [CoordSys] from 4310定子-2
2026-07-01 16:20:16,644 INFO  ExportHelperExtension.cs: 1136 - Found 29 in 4310定子-2
2026-07-01 16:20:16,644 INFO  ExportHelperExtension.cs: 1145 - Found 0 features of type [CoordSys] in 4310定子-2
2026-07-01 16:20:16,644 INFO  ExportHelperExtension.cs: 1125 - Retrieving features of type [CoordSys] from 关节2转关节3 大-1
2026-07-01 16:20:16,645 INFO  ExportHelperExtension.cs: 1136 - Found 28 in 关节2转关节3 大-1
2026-07-01 16:20:16,645 INFO  ExportHelperExtension.cs: 1145 - Found 0 features of type [CoordSys] in 关节2转关节3 大-1
2026-07-01 16:20:16,645 INFO  ExportHelperExtension.cs: 1125 - Retrieving features of type [CoordSys] from 轴承-1
2026-07-01 16:20:16,646 INFO  ExportHelperExtension.cs: 1136 - Found 40 in 轴承-1
2026-07-01 16:20:16,646 INFO  ExportHelperExtension.cs: 1145 - Found 0 features of type [CoordSys] in 轴承-1
2026-07-01 16:20:16,647 INFO  ExportHelperExtension.cs: 1125 - Retrieving features of type [CoordSys] from 关节2转关节3 小-1
2026-07-01 16:20:16,647 INFO  ExportHelperExtension.cs: 1136 - Found 40 in 关节2转关节3 小-1
2026-07-01 16:20:16,647 INFO  ExportHelperExtension.cs: 1145 - Found 0 features of type [CoordSys] in 关节2转关节3 小-1
2026-07-01 16:20:16,648 INFO  ExportHelperExtension.cs: 1125 - Retrieving features of type [CoordSys] from 关节4转关节5 小-2
2026-07-01 16:20:16,648 INFO  ExportHelperExtension.cs: 1136 - Found 28 in 关节4转关节5 小-2
2026-07-01 16:20:16,648 INFO  ExportHelperExtension.cs: 1145 - Found 0 features of type [CoordSys] in 关节4转关节5 小-2
2026-07-01 16:20:16,649 INFO  ExportHelperExtension.cs: 1125 - Retrieving features of type [RefAxis] from Coucouarm_v5.SLDASM
2026-07-01 16:20:16,649 INFO  ExportHelperExtension.cs: 1136 - Found 163 in Coucouarm_v5.SLDASM
2026-07-01 16:20:16,651 INFO  ExportHelperExtension.cs: 1145 - Found 7 features of type [RefAxis] in Coucouarm_v5.SLDASM
2026-07-01 16:20:16,651 INFO  ExportHelperExtension.cs: 1148 - Proceeding through assembly components
2026-07-01 16:20:16,651 INFO  ExportHelperExtension.cs: 1160 - 27 components to check
2026-07-01 16:20:16,652 INFO  ExportHelperExtension.cs: 1125 - Retrieving features of type [RefAxis] from 4310转子-3
2026-07-01 16:20:16,652 INFO  ExportHelperExtension.cs: 1136 - Found 35 in 4310转子-3
2026-07-01 16:20:16,653 INFO  ExportHelperExtension.cs: 1145 - Found 0 features of type [RefAxis] in 4310转子-3
2026-07-01 16:20:16,653 INFO  ExportHelperExtension.cs: 1125 - Retrieving features of type [RefAxis] from 4310定子-4
2026-07-01 16:20:16,653 INFO  ExportHelperExtension.cs: 1136 - Found 29 in 4310定子-4
2026-07-01 16:20:16,654 INFO  ExportHelperExtension.cs: 1145 - Found 0 features of type [RefAxis] in 4310定子-4
2026-07-01 16:20:16,654 INFO  ExportHelperExtension.cs: 1125 - Retrieving features of type [RefAxis] from 关节4转关节5 大-1
2026-07-01 16:20:16,655 INFO  ExportHelperExtension.cs: 1136 - Found 40 in 关节4转关节5 大-1
2026-07-01 16:20:16,655 INFO  ExportHelperExtension.cs: 1145 - Found 0 features of type [RefAxis] in 关节4转关节5 大-1
2026-07-01 16:20:16,655 INFO  ExportHelperExtension.cs: 1125 - Retrieving features of type [RefAxis] from 关节3转关节4 大-1
2026-07-01 16:20:16,656 INFO  ExportHelperExtension.cs: 1136 - Found 40 in 关节3转关节4 大-1
2026-07-01 16:20:16,656 INFO  ExportHelperExtension.cs: 1145 - Found 0 features of type [RefAxis] in 关节3转关节4 大-1
2026-07-01 16:20:16,657 INFO  ExportHelperExtension.cs: 1125 - Retrieving features of type [RefAxis] from 4340p转子-1
2026-07-01 16:20:16,657 INFO  ExportHelperExtension.cs: 1136 - Found 33 in 4340p转子-1
2026-07-01 16:20:16,658 INFO  ExportHelperExtension.cs: 1145 - Found 0 features of type [RefAxis] in 4340p转子-1
2026-07-01 16:20:16,658 INFO  ExportHelperExtension.cs: 1125 - Retrieving features of type [RefAxis] from 轴承-2
2026-07-01 16:20:16,658 INFO  ExportHelperExtension.cs: 1136 - Found 40 in 轴承-2
2026-07-01 16:20:16,659 INFO  ExportHelperExtension.cs: 1145 - Found 0 features of type [RefAxis] in 轴承-2
2026-07-01 16:20:16,659 INFO  ExportHelperExtension.cs: 1125 - Retrieving features of type [RefAxis] from 关节3转关节4 小-1
2026-07-01 16:20:16,659 INFO  ExportHelperExtension.cs: 1136 - Found 40 in 关节3转关节4 小-1
2026-07-01 16:20:16,660 INFO  ExportHelperExtension.cs: 1145 - Found 0 features of type [RefAxis] in 关节3转关节4 小-1
2026-07-01 16:20:16,660 INFO  ExportHelperExtension.cs: 1125 - Retrieving features of type [RefAxis] from 4340p定子-1
2026-07-01 16:20:16,660 INFO  ExportHelperExtension.cs: 1136 - Found 45 in 4340p定子-1
2026-07-01 16:20:16,661 INFO  ExportHelperExtension.cs: 1145 - Found 0 features of type [RefAxis] in 4340p定子-1
2026-07-01 16:20:16,661 INFO  ExportHelperExtension.cs: 1125 - Retrieving features of type [RefAxis] from 4310定子-3
2026-07-01 16:20:16,662 INFO  ExportHelperExtension.cs: 1136 - Found 29 in 4310定子-3
2026-07-01 16:20:16,662 INFO  ExportHelperExtension.cs: 1145 - Found 0 features of type [RefAxis] in 4310定子-3
2026-07-01 16:20:16,662 INFO  ExportHelperExtension.cs: 1125 - Retrieving features of type [RefAxis] from 轴承-3
2026-07-01 16:20:16,663 INFO  ExportHelperExtension.cs: 1136 - Found 40 in 轴承-3
2026-07-01 16:20:16,663 INFO  ExportHelperExtension.cs: 1145 - Found 0 features of type [RefAxis] in 轴承-3
2026-07-01 16:20:16,663 INFO  ExportHelperExtension.cs: 1125 - Retrieving features of type [RefAxis] from 关节5转关节6 大-1
2026-07-01 16:20:16,663 INFO  ExportHelperExtension.cs: 1136 - Found 40 in 关节5转关节6 大-1
2026-07-01 16:20:16,664 INFO  ExportHelperExtension.cs: 1145 - Found 0 features of type [RefAxis] in 关节5转关节6 大-1
2026-07-01 16:20:16,664 INFO  ExportHelperExtension.cs: 1125 - Retrieving features of type [RefAxis] from 关节5转关节6 小最新版-1
2026-07-01 16:20:16,664 INFO  ExportHelperExtension.cs: 1136 - Found 40 in 关节5转关节6 小最新版-1
2026-07-01 16:20:16,665 INFO  ExportHelperExtension.cs: 1145 - Found 0 features of type [RefAxis] in 关节5转关节6 小最新版-1
2026-07-01 16:20:16,665 INFO  ExportHelperExtension.cs: 1125 - Retrieving features of type [RefAxis] from 4310定子-5
2026-07-01 16:20:16,665 INFO  ExportHelperExtension.cs: 1136 - Found 29 in 4310定子-5
2026-07-01 16:20:16,665 INFO  ExportHelperExtension.cs: 1145 - Found 0 features of type [RefAxis] in 4310定子-5
2026-07-01 16:20:16,666 INFO  ExportHelperExtension.cs: 1125 - Retrieving features of type [RefAxis] from 4310转子-4
2026-07-01 16:20:16,666 INFO  ExportHelperExtension.cs: 1136 - Found 35 in 4310转子-4
2026-07-01 16:20:16,666 INFO  ExportHelperExtension.cs: 1145 - Found 0 features of type [RefAxis] in 4310转子-4
2026-07-01 16:20:16,666 INFO  ExportHelperExtension.cs: 1125 - Retrieving features of type [RefAxis] from 末端指示带圆球最新-1
2026-07-01 16:20:16,666 INFO  ExportHelperExtension.cs: 1136 - Found 29 in 末端指示带圆球最新-1
2026-07-01 16:20:16,668 INFO  ExportHelperExtension.cs: 1145 - Found 0 features of type [RefAxis] in 末端指示带圆球最新-1
2026-07-01 16:20:16,668 INFO  ExportHelperExtension.cs: 1125 - Retrieving features of type [RefAxis] from 4310转子-5
2026-07-01 16:20:16,668 INFO  ExportHelperExtension.cs: 1136 - Found 35 in 4310转子-5
2026-07-01 16:20:16,669 INFO  ExportHelperExtension.cs: 1145 - Found 0 features of type [RefAxis] in 4310转子-5
2026-07-01 16:20:16,669 INFO  ExportHelperExtension.cs: 1125 - Retrieving features of type [RefAxis] from 4310转子-2
2026-07-01 16:20:16,669 INFO  ExportHelperExtension.cs: 1136 - Found 35 in 4310转子-2
2026-07-01 16:20:16,669 INFO  ExportHelperExtension.cs: 1145 - Found 0 features of type [RefAxis] in 4310转子-2
2026-07-01 16:20:16,670 INFO  ExportHelperExtension.cs: 1125 - Retrieving features of type [RefAxis] from 大底座-1
2026-07-01 16:20:16,670 INFO  ExportHelperExtension.cs: 1136 - Found 40 in 大底座-1
2026-07-01 16:20:16,671 INFO  ExportHelperExtension.cs: 1145 - Found 0 features of type [RefAxis] in 大底座-1
2026-07-01 16:20:16,671 INFO  ExportHelperExtension.cs: 1125 - Retrieving features of type [RefAxis] from 关节1保护-2
2026-07-01 16:20:16,671 INFO  ExportHelperExtension.cs: 1136 - Found 28 in 关节1保护-2
2026-07-01 16:20:16,672 INFO  ExportHelperExtension.cs: 1145 - Found 0 features of type [RefAxis] in 关节1保护-2
2026-07-01 16:20:16,672 INFO  ExportHelperExtension.cs: 1125 - Retrieving features of type [RefAxis] from 关节1转关节2底座-1
2026-07-01 16:20:16,672 INFO  ExportHelperExtension.cs: 1136 - Found 40 in 关节1转关节2底座-1
2026-07-01 16:20:16,673 INFO  ExportHelperExtension.cs: 1145 - Found 0 features of type [RefAxis] in 关节1转关节2底座-1
2026-07-01 16:20:16,673 INFO  ExportHelperExtension.cs: 1125 - Retrieving features of type [RefAxis] from 4340定子-1
2026-07-01 16:20:16,673 INFO  ExportHelperExtension.cs: 1136 - Found 45 in 4340定子-1
2026-07-01 16:20:16,675 INFO  ExportHelperExtension.cs: 1145 - Found 0 features of type [RefAxis] in 4340定子-1
2026-07-01 16:20:16,675 INFO  ExportHelperExtension.cs: 1125 - Retrieving features of type [RefAxis] from 4340转子-1
2026-07-01 16:20:16,675 INFO  ExportHelperExtension.cs: 1136 - Found 35 in 4340转子-1
2026-07-01 16:20:16,676 INFO  ExportHelperExtension.cs: 1145 - Found 0 features of type [RefAxis] in 4340转子-1
2026-07-01 16:20:16,676 INFO  ExportHelperExtension.cs: 1125 - Retrieving features of type [RefAxis] from 4310定子-2
2026-07-01 16:20:16,676 INFO  ExportHelperExtension.cs: 1136 - Found 29 in 4310定子-2
2026-07-01 16:20:16,676 INFO  ExportHelperExtension.cs: 1145 - Found 0 features of type [RefAxis] in 4310定子-2
2026-07-01 16:20:16,677 INFO  ExportHelperExtension.cs: 1125 - Retrieving features of type [RefAxis] from 关节2转关节3 大-1
2026-07-01 16:20:16,677 INFO  ExportHelperExtension.cs: 1136 - Found 28 in 关节2转关节3 大-1
2026-07-01 16:20:16,677 INFO  ExportHelperExtension.cs: 1145 - Found 0 features of type [RefAxis] in 关节2转关节3 大-1
2026-07-01 16:20:16,678 INFO  ExportHelperExtension.cs: 1125 - Retrieving features of type [RefAxis] from 轴承-1
2026-07-01 16:20:16,678 INFO  ExportHelperExtension.cs: 1136 - Found 40 in 轴承-1
2026-07-01 16:20:16,678 INFO  ExportHelperExtension.cs: 1145 - Found 0 features of type [RefAxis] in 轴承-1
2026-07-01 16:20:16,679 INFO  ExportHelperExtension.cs: 1125 - Retrieving features of type [RefAxis] from 关节2转关节3 小-1
2026-07-01 16:20:16,679 INFO  ExportHelperExtension.cs: 1136 - Found 40 in 关节2转关节3 小-1
2026-07-01 16:20:16,679 INFO  ExportHelperExtension.cs: 1145 - Found 0 features of type [RefAxis] in 关节2转关节3 小-1
2026-07-01 16:20:16,680 INFO  ExportHelperExtension.cs: 1125 - Retrieving features of type [RefAxis] from 关节4转关节5 小-2
2026-07-01 16:20:16,680 INFO  ExportHelperExtension.cs: 1136 - Found 28 in 关节4转关节5 小-2
2026-07-01 16:20:16,681 INFO  ExportHelperExtension.cs: 1145 - Found 0 features of type [RefAxis] in 关节4转关节5 小-2
2026-07-01 16:20:16,734 INFO  SwAddin.cs: 339 - Loading config tree
2026-07-01 16:20:16,735 INFO  ConfigurationSerialization.cs: 276 - URDF Configuration found
<Link z:Id="i1" xmlns="http://schemas.datacontract.org/2004/07/SW2URDF" xmlns:i="http://www.w3.org/2001/XMLSchema-instance" xmlns:z="http://schemas.microsoft.com/2003/10/Serialization/"><Attributes><Attribute z:Id="i2"><AttributeType>name</AttributeType><IsRequired>true</IsRequired><Value i:type="a:string" xmlns:a="http://www.w3.org/2001/XMLSchema">base_link</Value></Attribute></Attributes><ChildElements><URDFElement z:Id="i3" i:type="Inertial"><Attributes/><ChildElements><URDFElement z:Id="i4" i:type="Origin"><Attributes><Attribute z:Id="i5"><AttributeType>xyz</AttributeType><IsRequired>true</IsRequired><Value i:type="a:ArrayOfdouble" xmlns:a="http://schemas.microsoft.com/2003/10/Serialization/Arrays"><a:double>0</a:double><a:double>0</a:double><a:double>0</a:double></Value></Attribute><Attribute z:Id="i6"><AttributeType>rpy</AttributeType><IsRequired>true</IsRequired><Value i:type="a:ArrayOfdouble" xmlns:a="http://schemas.microsoft.com/2003/10/Serialization/Arrays"><a:double>0</a:double><a:double>0</a:double><a:double>0</a:double></Value></Attribute></Attributes><ChildElements/><ElementName>origin</ElementName><required>false</required><RPYAttribute z:Ref="i6"/><XYZAttribute z:Ref="i5"/><isCustomized>false</isCustomized></URDFElement><URDFElement z:Id="i7" i:type="Mass"><Attributes><Attribute z:Id="i8"><AttributeType>value</AttributeType><IsRequired>true</IsRequired><Value i:type="a:double" xmlns:a="http://www.w3.org/2001/XMLSchema">0</Value></Attribute></Attributes><ChildElements/><ElementName>mass</ElementName><required>false</required><ValueAttribute z:Ref="i8"/></URDFElement><URDFElement z:Id="i9" i:type="Inertia"><Attributes><Attribute z:Id="i10"><AttributeType>ixx</AttributeType><IsRequired>true</IsRequired><Value i:type="a:double" xmlns:a="http://www.w3.org/2001/XMLSchema">0</Value></Attribute><Attribute z:Id="i11"><AttributeType>ixy</AttributeType><IsRequired>true</IsRequired><Value i:type="a:double" xmlns:a="http://www.w3.org/2001/XMLSchema">0</Value></Attribute><Attribute z:Id="i12"><AttributeType>ixz</AttributeType><IsRequired>true</IsRequired><Value i:type="a:double" xmlns:a="http://www.w3.org/2001/XMLSchema">0</Value></Attribute><Attribute z:Id="i13"><AttributeType>iyy</AttributeType><IsRequired>true</IsRequired><Value i:type="a:double" xmlns:a="http://www.w3.org/2001/XMLSchema">0</Value></Attribute><Attribute z:Id="i14"><AttributeType>iyz</AttributeType><IsRequired>true</IsRequired><Value i:type="a:double" xmlns:a="http://www.w3.org/2001/XMLSchema">0</Value></Attribute><Attribute z:Id="i15"><AttributeType>izz</AttributeType><IsRequired>true</IsRequired><Value i:type="a:double" xmlns:a="http://www.w3.org/2001/XMLSchema">0</Value></Attribute></Attributes><ChildElements/><ElementName>inertia</ElementName><required>false</required><IxxAttribute z:Ref="i10"/><IxyAttribute z:Ref="i11"/><IxzAttribute z:Ref="i12"/><IyyAttribute z:Ref="i13"/><IyzAttribute z:Ref="i14"/><IzzAttribute z:Ref="i15"/></URDFElement></ChildElements><ElementName>inertial</ElementName><required>false</required><Inertia z:Ref="i9"/><Mass z:Ref="i7"/><Origin z:Ref="i4"/></URDFElement><URDFElement z:Id="i16" i:type="Visual"><Attributes/><ChildElements><URDFElement z:Id="i17" i:type="Origin"><Attributes><Attribute z:Id="i18"><AttributeType>xyz</AttributeType><IsRequired>true</IsRequired><Value i:type="a:ArrayOfdouble" xmlns:a="http://schemas.microsoft.com/2003/10/Serialization/Arrays"><a:double>0</a:double><a:double>0</a:double><a:double>0</a:double></Value></Attribute><Attribute z:Id="i19"><AttributeType>rpy</AttributeType><IsRequired>true</IsRequired><Value i:type="a:ArrayOfdouble" xmlns:a="http://schemas.microsoft.com/2003/10/Serialization/Arrays"><a:double>0</a:double><a:double>0</a:double><a:double>0</a:double></Value></Attribute></Attributes><ChildElements/><ElementName>origin</ElementName><required>false</required><RPYAttribute z:Ref="i19"/><XYZAttribute z:Ref="i18"/><isCustomized>false</isCustomized></URDFElement><URDFElement z:Id="i20" i:type="Geometry"><Attributes/><ChildElements><URDFElement z:Id="i21" i:type="Mesh"><Attributes><Attribute z:Id="i22"><AttributeType>filename</AttributeType><IsRequired>true</IsRequired><Value i:nil="true"/></Attribute></Attributes><ChildElements/><ElementName>mesh</ElementName><required>false</required><FilenameAttribute z:Ref="i22"/></URDFElement></ChildElements><ElementName>geometry</ElementName><required>true</required><Mesh z:Ref="i21"/></URDFElement><URDFElement z:Id="i23" i:type="Material"><Attributes><Attribute z:Id="i24"><AttributeType>name</AttributeType><IsRequired>true</IsRequired><Value i:type="a:string" xmlns:a="http://www.w3.org/2001/XMLSchema"/></Attribute></Attributes><ChildElements><URDFElement z:Id="i25" i:type="Color"><Attributes><Attribute z:Id="i26"><AttributeType>rgba</AttributeType><IsRequired>true</IsRequired><Value i:type="a:ArrayOfdouble" xmlns:a="http://schemas.microsoft.com/2003/10/Serialization/Arrays"><a:double>1</a:double><a:double>1</a:double><a:double>1</a:double><a:double>1</a:double></Value></Attribute></Attributes><ChildElements/><ElementName>color</ElementName><required>false</required><RGBAAttribute z:Ref="i26"/></URDFElement><URDFElement z:Id="i27" i:type="Texture"><Attributes><Attribute z:Id="i28"><AttributeType>filename</AttributeType><IsRequired>true</IsRequired><Value i:nil="true"/></Attribute></Attributes><ChildElements/><ElementName>texture</ElementName><required>false</required><FilenameAttribute z:Ref="i28"/><wFilename/></URDFElement></ChildElements><ElementName>material</ElementName><required>false</required><Color z:Ref="i25"/><NameAttribute z:Ref="i24"/><Texture z:Ref="i27"/></URDFElement></ChildElements><ElementName>visual</ElementName><required>false</required><Geometry z:Ref="i20"/><Material z:Ref="i23"/><Origin z:Ref="i17"/></URDFElement><URDFElement z:Id="i29" i:type="Collision"><Attributes/><ChildElements><URDFElement z:Id="i30" i:type="Origin"><Attributes><Attribute z:Id="i31"><AttributeType>xyz</AttributeType><IsRequired>true</IsRequired><Value i:type="a:ArrayOfdouble" xmlns:a="http://schemas.microsoft.com/2003/10/Serialization/Arrays"><a:double>0</a:double><a:double>0</a:double><a:double>0</a:double></Value></Attribute><Attribute z:Id="i32"><AttributeType>rpy</AttributeType><IsRequired>true</IsRequired><Value i:type="a:ArrayOfdouble" xmlns:a="http://schemas.microsoft.com/2003/10/Serialization/Arrays"><a:double>0</a:double><a:double>0</a:double><a:double>0</a:double></Value></Attribute></Attributes><ChildElements/><ElementName>origin</ElementName><required>false</required><RPYAttribute z:Ref="i32"/><XYZAttribute z:Ref="i31"/><isCustomized>false</isCustomized></URDFElement><URDFElement z:Id="i33" i:type="Geometry"><Attributes/><ChildElements><URDFElement z:Id="i34" i:type="Mesh"><Attributes><Attribute z:Id="i35"><AttributeType>filename</AttributeType><IsRequired>true</IsRequired><Value i:nil="true"/></Attribute></Attributes><ChildElements/><ElementName>mesh</ElementName><required>false</required><FilenameAttribute z:Ref="i35"/></URDFElement></ChildElements><ElementName>geometry</ElementName><required>true</required><Mesh z:Ref="i34"/></URDFElement></ChildElements><ElementName>collision</ElementName><required>false</required><Geometry z:Ref="i33"/><Origin z:Ref="i30"/></URDFElement><URDFElement z:Id="i36" i:type="Joint"><Attributes><Attribute z:Id="i37"><AttributeType>name</AttributeType><IsRequired>true</IsRequired><Value i:type="a:string" xmlns:a="http://www.w3.org/2001/XMLSchema"/></Attribute><Attribute z:Id="i38"><AttributeType>type</AttributeType><IsRequired>true</IsRequired><Value i:type="a:string" xmlns:a="http://www.w3.org/2001/XMLSchema"/></Attribute></Attributes><ChildElements><URDFElement z:Id="i39" i:type="Origin"><Attributes><Attribute z:Id="i40"><AttributeType>xyz</AttributeType><IsRequired>true</IsRequired><Value i:type="a:ArrayOfdouble" xmlns:a="http://schemas.microsoft.com/2003/10/Serialization/Arrays"><a:double>0</a:double><a:double>0</a:double><a:double>0</a:double></Value></Attribute><Attribute z:Id="i41"><AttributeType>rpy</AttributeType><IsRequired>true</IsRequired><Value i:type="a:ArrayOfdouble" xmlns:a="http://schemas.microsoft.com/2003/10/Serialization/Arrays"><a:double>0</a:double><a:double>0</a:double><a:double>0</a:double></Value></Attribute></Attributes><ChildElements/><ElementName>origin</ElementName><required>false</required><RPYAttribute z:Ref="i41"/><XYZAttribute z:Ref="i40"/><isCustomized>false</isCustomized></URDFElement><URDFElement z:Id="i42" i:type="ParentLink"><Attributes><Attribute z:Id="i43"><AttributeType>link</AttributeType><IsRequired>true</IsRequired><Value i:type="a:string" xmlns:a="http://www.w3.org/2001/XMLSchema"/></Attribute></Attributes><ChildElements/><ElementName>parent</ElementName><required>true</required><NameAttribute z:Ref="i43"/></URDFElement><URDFElement z:Id="i44" i:type="ChildLink"><Attributes><Attribute z:Id="i45"><AttributeType>link</AttributeType><IsRequired>true</IsRequired><Value i:type="a:string" xmlns:a="http://www.w3.org/2001/XMLSchema"/></Attribute></Attributes><ChildElements/><ElementName>child</ElementName><required>true</required><NameAttribute z:Ref="i45"/></URDFElement><URDFElement z:Id="i46" i:type="Axis"><Attributes><Attribute z:Id="i47"><AttributeType>xyz</AttributeType><IsRequired>true</IsRequired><Value i:type="a:ArrayOfdouble" xmlns:a="http://schemas.microsoft.com/2003/10/Serialization/Arrays"><a:double>0</a:double><a:double>0</a:double><a:double>0</a:double></Value></Attribute></Attributes><ChildElements/><ElementName>axis</ElementName><required>false</required><XYZAttribute z:Ref="i47"/></URDFElement><URDFElement z:Id="i48" i:type="Limit"><Attributes><Attribute z:Id="i49"><AttributeType>lower</AttributeType><IsRequired>false</IsRequired><Value i:nil="true"/></Attribute><Attribute z:Id="i50"><AttributeType>upper</AttributeType><IsRequired>false</IsRequired><Value i:nil="true"/></Attribute><Attribute z:Id="i51"><AttributeType>effort</AttributeType><IsRequired>true</IsRequired><Value i:nil="true"/></Attribute><Attribute z:Id="i52"><AttributeType>velocity</AttributeType><IsRequired>true</IsRequired><Value i:nil="true"/></Attribute></Attributes><ChildElements/><ElementName>limit</ElementName><required>false</required><EffortAttribute z:Ref="i51"/><LowerAttribute z:Ref="i49"/><UpperAttribute z:Ref="i50"/><VelocityAttribute z:Ref="i52"/></URDFElement><URDFElement z:Id="i53" i:type="Calibration"><Attributes><Attribute z:Id="i54"><AttributeType>rising</AttributeType><IsRequired>false</IsRequired><Value i:nil="true"/></Attribute><Attribute z:Id="i55"><AttributeType>falling</AttributeType><IsRequired>false</IsRequired><Value i:nil="true"/></Attribute></Attributes><ChildElements/><ElementName>calibration</ElementName><required>false</required><FallingAttribute z:Ref="i55"/><RisingAttribute z:Ref="i54"/></URDFElement><URDFElement z:Id="i56" i:type="Dynamics"><Attributes><Attribute z:Id="i57"><AttributeType>damping</AttributeType><IsRequired>false</IsRequired><Value i:nil="true"/></Attribute><Attribute z:Id="i58"><AttributeType>friction</AttributeType><IsRequired>false</IsRequired><Value i:nil="true"/></Attribute></Attributes><ChildElements/><ElementName>dynamics</ElementName><required>false</required><DampingAttribute z:Ref="i57"/><FrictionAttribute z:Ref="i58"/></URDFElement><URDFElement z:Id="i59" i:type="SafetyController"><Attributes><Attribute z:Id="i60"><AttributeType>soft_upper_limit</AttributeType><IsRequired>false</IsRequired><Value i:nil="true"/></Attribute><Attribute z:Id="i61"><AttributeType>soft_lower_limit</AttributeType><IsRequired>false</IsRequired><Value i:nil="true"/></Attribute><Attribute z:Id="i62"><AttributeType>k_position</AttributeType><IsRequired>false</IsRequired><Value i:nil="true"/></Attribute><Attribute z:Id="i63"><AttributeType>k_velocity</AttributeType><IsRequired>true</IsRequired><Value i:nil="true"/></Attribute></Attributes><ChildElements/><ElementName>safety_controller</ElementName><required>false</required><KPositionAttribute z:Ref="i62"/><KVelocityAttribute z:Ref="i63"/><SoftLowerAttribute z:Ref="i61"/><SoftUpperAttribute z:Ref="i60"/></URDFElement><URDFElement z:Id="i64" i:type="Mimic"><Attributes><Attribute z:Id="i65"><AttributeType>joint</AttributeType><IsRequired>true</IsRequired><Value i:nil="true"/></Attribute><Attribute z:Id="i66"><AttributeType>multiplier</AttributeType><IsRequired>false</IsRequired><Value i:nil="true"/></Attribute><Attribute z:Id="i67"><AttributeType>offset</AttributeType><IsRequired>false</IsRequired><Value i:nil="true"/></Attribute></Attributes><ChildElements/><ElementName>mimic</ElementName><required>false</required><JointNameAttribute z:Ref="i65"/><MultiplierAttribute z:Ref="i66"/><OffsetAttribute z:Ref="i67"/></URDFElement></ChildElements><ElementName>joint</ElementName><required>false</required><Axis z:Ref="i46"/><AxisName/><Calibration z:Ref="i53"/><Child z:Ref="i44"/><CoordinateSystemName>?????????_base</CoordinateSystemName><Dynamics z:Ref="i56"/><Limit z:Ref="i48"/><Mimic z:Ref="i64"/><NameAttribute z:Ref="i37"/><Origin z:Ref="i39"/><Parent z:Ref="i42"/><Safety z:Ref="i59"/><TypeAttribute z:Ref="i38"/></URDFElement></ChildElements><ElementName>link</ElementName><required>true</required><Children/><Collision z:Ref="i29"/><Inertial z:Ref="i3"/><Joint z:Ref="i36"/><NameAttribute z:Ref="i2"/><Parent i:nil="true"/><STLQualityFine>false</STLQualityFine><SWComponentPIDs xmlns:a="http://schemas.microsoft.com/2003/10/Serialization/Arrays"><a:base64Binary>aEIAAAUAAAD//v8SJ1mVXqdeLQAxAEAAQwBvAHUAYwBvAHUAYQByAG0AXwB2ADUABAAAABAAAAABAAAAAQAAAB0AAAA=</a:base64Binary><a:base64Binary>aEIAAAUAAAD//v8Uc1GCgjEA3U+kYi0AMgBAAEMAbwB1AGMAbwB1AGEAcgBtAF8AdgA1AAQAAAAQAAAAAQAAAAEAAAAfAAAA</a:base64Binary><a:base64Binary>aEIAAAUAAAD//v8VNAAzADEAMACaW1BbLQAyAEAAQwBvAHUAYwBvAHUAYQByAG0AXwB2ADUABAAAABAAAAABAAAAAQAAADYAAAA=</a:base64Binary><a:base64Binary>aEIAAAUAAAD//v8VNAAzADEAMABsj1BbLQAyAEAAQwBvAHUAYwBvAHUAYQByAG0AXwB2ADUABAAAABAAAAABAAAAAQAAAEoAAAA=</a:base64Binary></SWComponentPIDs><SWMainComponentPID i:nil="true"/><Visual z:Ref="i16"/><isFixedFrame>false</isFixedFrame><isIncomplete>false</isIncomplete></Link>
2026-07-01 16:20:16,736 INFO  LinkNode.cs: 35 - Building node base_link
2026-07-01 16:20:16,737 INFO  CommonSwOperations.cs: 221 - Loading SolidWorks components for base_link from E:\3工作后学习\0 达妙电机控制学习\1 机械臂模型\六自由度模型_适用三自由度\V5 step文件\v5_sldprt\装配体\Coucouarm_v5.SLDASM
2026-07-01 16:20:16,737 INFO  CommonSwOperations.cs: 245 - Loading component with PID hB     ???'Y?^?^- 1 @ C o u c o u a r m _ v 5                
2026-07-01 16:20:16,738 INFO  CommonSwOperations.cs: 254 - Successfully loaded component E:\3工作后学习\0 达妙电机控制学习\1 机械臂模型\六自由度模型_适用三自由度\V5 step文件\v5_sldprt\装配体\大底座.SLDPRT
2026-07-01 16:20:16,738 INFO  CommonSwOperations.cs: 245 - Loading component with PID hB     ???sQ??1 ?O?b- 2 @ C o u c o u a r m _ v 5                
2026-07-01 16:20:16,738 INFO  CommonSwOperations.cs: 254 - Successfully loaded component E:\3工作后学习\0 达妙电机控制学习\1 机械臂模型\六自由度模型_适用三自由度\V5 step文件\v5_sldprt\关节1保护.SLDPRT
2026-07-01 16:20:16,738 INFO  CommonSwOperations.cs: 245 - Loading component with PID hB     ???4 3 1 0 ?[P[- 2 @ C o u c o u a r m _ v 5             6   
2026-07-01 16:20:16,739 INFO  CommonSwOperations.cs: 254 - Successfully loaded component E:\3工作后学习\0 达妙电机控制学习\1 机械臂模型\六自由度模型_适用三自由度\V5 step文件\v5_sldprt\4310定子.SLDPRT
2026-07-01 16:20:16,739 INFO  CommonSwOperations.cs: 245 - Loading component with PID hB     ???4 3 1 0 l?P[- 2 @ C o u c o u a r m _ v 5             J   
2026-07-01 16:20:16,739 INFO  CommonSwOperations.cs: 254 - Successfully loaded component E:\3工作后学习\0 达妙电机控制学习\1 机械臂模型\六自由度模型_适用三自由度\V5 step文件\v5_sldprt\4310转子.SLDPRT
2026-07-01 16:20:16,739 INFO  CommonSwOperations.cs: 230 - Loaded 4 components for link base_link
2026-07-01 16:20:16,776 INFO  SwAddin.cs: 344 - Showing property manager
2026-07-01 16:20:21,165 INFO  ExportPropertyManager.cs: 1136 - OnNumberBoxTrackingCompleted called. This method no longer throws an Exception. It just silently does nothing. Ok, except for this logging message
2026-07-01 16:20:37,245 INFO  ExportPropertyManager.cs: 1018 - OnComboboxSelectionChanged called. This method no longer throws an Exception. It just silently does nothing. Ok, except for this logging message
2026-07-01 16:20:38,971 INFO  ExportPropertyManager.cs: 1018 - OnComboboxSelectionChanged called. This method no longer throws an Exception. It just silently does nothing. Ok, except for this logging message
2026-07-01 16:20:41,681 INFO  ExportPropertyManager.cs: 1018 - OnComboboxSelectionChanged called. This method no longer throws an Exception. It just silently does nothing. Ok, except for this logging message
2026-07-01 16:21:04,227 INFO  ExportPropertyManager.cs: 1136 - OnNumberBoxTrackingCompleted called. This method no longer throws an Exception. It just silently does nothing. Ok, except for this logging message
2026-07-01 16:21:17,191 INFO  ExportPropertyManager.cs: 1018 - OnComboboxSelectionChanged called. This method no longer throws an Exception. It just silently does nothing. Ok, except for this logging message
2026-07-01 16:21:18,968 INFO  ExportPropertyManager.cs: 1018 - OnComboboxSelectionChanged called. This method no longer throws an Exception. It just silently does nothing. Ok, except for this logging message
2026-07-01 16:21:21,992 INFO  ExportPropertyManager.cs: 1018 - OnComboboxSelectionChanged called. This method no longer throws an Exception. It just silently does nothing. Ok, except for this logging message
2026-07-01 16:21:56,183 INFO  ExportPropertyManager.cs: 1136 - OnNumberBoxTrackingCompleted called. This method no longer throws an Exception. It just silently does nothing. Ok, except for this logging message
2026-07-01 16:22:08,407 INFO  ExportPropertyManager.cs: 1018 - OnComboboxSelectionChanged called. This method no longer throws an Exception. It just silently does nothing. Ok, except for this logging message
2026-07-01 16:22:09,870 INFO  ExportPropertyManager.cs: 1018 - OnComboboxSelectionChanged called. This method no longer throws an Exception. It just silently does nothing. Ok, except for this logging message
2026-07-01 16:22:13,181 INFO  ExportPropertyManager.cs: 1018 - OnComboboxSelectionChanged called. This method no longer throws an Exception. It just silently does nothing. Ok, except for this logging message
2026-07-01 16:22:30,751 INFO  ExportPropertyManager.cs: 1136 - OnNumberBoxTrackingCompleted called. This method no longer throws an Exception. It just silently does nothing. Ok, except for this logging message
2026-07-01 16:22:42,920 INFO  ExportPropertyManager.cs: 1018 - OnComboboxSelectionChanged called. This method no longer throws an Exception. It just silently does nothing. Ok, except for this logging message
2026-07-01 16:22:46,006 INFO  ExportPropertyManager.cs: 1018 - OnComboboxSelectionChanged called. This method no longer throws an Exception. It just silently does nothing. Ok, except for this logging message
2026-07-01 16:22:48,199 INFO  ExportPropertyManager.cs: 1018 - OnComboboxSelectionChanged called. This method no longer throws an Exception. It just silently does nothing. Ok, except for this logging message
2026-07-01 16:23:03,918 INFO  ExportPropertyManager.cs: 1136 - OnNumberBoxTrackingCompleted called. This method no longer throws an Exception. It just silently does nothing. Ok, except for this logging message
2026-07-01 16:23:17,694 INFO  ExportPropertyManager.cs: 1018 - OnComboboxSelectionChanged called. This method no longer throws an Exception. It just silently does nothing. Ok, except for this logging message
2026-07-01 16:23:19,268 INFO  ExportPropertyManager.cs: 1018 - OnComboboxSelectionChanged called. This method no longer throws an Exception. It just silently does nothing. Ok, except for this logging message
2026-07-01 16:23:20,840 INFO  ExportPropertyManager.cs: 1018 - OnComboboxSelectionChanged called. This method no longer throws an Exception. It just silently does nothing. Ok, except for this logging message
2026-07-01 16:23:22,522 INFO  ExportPropertyManager.cs: 1018 - OnComboboxSelectionChanged called. This method no longer throws an Exception. It just silently does nothing. Ok, except for this logging message
2026-07-01 16:23:38,127 INFO  ExportPropertyManager.cs: 1136 - OnNumberBoxTrackingCompleted called. This method no longer throws an Exception. It just silently does nothing. Ok, except for this logging message
2026-07-01 16:23:58,074 INFO  ExportPropertyManager.cs: 1018 - OnComboboxSelectionChanged called. This method no longer throws an Exception. It just silently does nothing. Ok, except for this logging message
2026-07-01 16:23:59,805 INFO  ExportPropertyManager.cs: 1018 - OnComboboxSelectionChanged called. This method no longer throws an Exception. It just silently does nothing. Ok, except for this logging message
2026-07-01 16:24:02,249 INFO  ExportPropertyManager.cs: 1018 - OnComboboxSelectionChanged called. This method no longer throws an Exception. It just silently does nothing. Ok, except for this logging message
2026-07-01 16:25:57,166 INFO  ExportPropertyManager.cs: 422 - Configuration saved
2026-07-01 16:25:57,170 INFO  ConfigurationSerialization.cs: 276 - URDF Configuration found
<Link z:Id="i1" xmlns="http://schemas.datacontract.org/2004/07/SW2URDF" xmlns:i="http://www.w3.org/2001/XMLSchema-instance" xmlns:z="http://schemas.microsoft.com/2003/10/Serialization/"><Attributes><Attribute z:Id="i2"><AttributeType>name</AttributeType><IsRequired>true</IsRequired><Value i:type="a:string" xmlns:a="http://www.w3.org/2001/XMLSchema">base_link</Value></Attribute></Attributes><ChildElements><URDFElement z:Id="i3" i:type="Inertial"><Attributes/><ChildElements><URDFElement z:Id="i4" i:type="Origin"><Attributes><Attribute z:Id="i5"><AttributeType>xyz</AttributeType><IsRequired>true</IsRequired><Value i:type="a:ArrayOfdouble" xmlns:a="http://schemas.microsoft.com/2003/10/Serialization/Arrays"><a:double>0</a:double><a:double>0</a:double><a:double>0</a:double></Value></Attribute><Attribute z:Id="i6"><AttributeType>rpy</AttributeType><IsRequired>true</IsRequired><Value i:type="a:ArrayOfdouble" xmlns:a="http://schemas.microsoft.com/2003/10/Serialization/Arrays"><a:double>0</a:double><a:double>0</a:double><a:double>0</a:double></Value></Attribute></Attributes><ChildElements/><ElementName>origin</ElementName><required>false</required><RPYAttribute z:Ref="i6"/><XYZAttribute z:Ref="i5"/><isCustomized>false</isCustomized></URDFElement><URDFElement z:Id="i7" i:type="Mass"><Attributes><Attribute z:Id="i8"><AttributeType>value</AttributeType><IsRequired>true</IsRequired><Value i:type="a:double" xmlns:a="http://www.w3.org/2001/XMLSchema">0</Value></Attribute></Attributes><ChildElements/><ElementName>mass</ElementName><required>false</required><ValueAttribute z:Ref="i8"/></URDFElement><URDFElement z:Id="i9" i:type="Inertia"><Attributes><Attribute z:Id="i10"><AttributeType>ixx</AttributeType><IsRequired>true</IsRequired><Value i:type="a:double" xmlns:a="http://www.w3.org/2001/XMLSchema">0</Value></Attribute><Attribute z:Id="i11"><AttributeType>ixy</AttributeType><IsRequired>true</IsRequired><Value i:type="a:double" xmlns:a="http://www.w3.org/2001/XMLSchema">0</Value></Attribute><Attribute z:Id="i12"><AttributeType>ixz</AttributeType><IsRequired>true</IsRequired><Value i:type="a:double" xmlns:a="http://www.w3.org/2001/XMLSchema">0</Value></Attribute><Attribute z:Id="i13"><AttributeType>iyy</AttributeType><IsRequired>true</IsRequired><Value i:type="a:double" xmlns:a="http://www.w3.org/2001/XMLSchema">0</Value></Attribute><Attribute z:Id="i14"><AttributeType>iyz</AttributeType><IsRequired>true</IsRequired><Value i:type="a:double" xmlns:a="http://www.w3.org/2001/XMLSchema">0</Value></Attribute><Attribute z:Id="i15"><AttributeType>izz</AttributeType><IsRequired>true</IsRequired><Value i:type="a:double" xmlns:a="http://www.w3.org/2001/XMLSchema">0</Value></Attribute></Attributes><ChildElements/><ElementName>inertia</ElementName><required>false</required><IxxAttribute z:Ref="i10"/><IxyAttribute z:Ref="i11"/><IxzAttribute z:Ref="i12"/><IyyAttribute z:Ref="i13"/><IyzAttribute z:Ref="i14"/><IzzAttribute z:Ref="i15"/></URDFElement></ChildElements><ElementName>inertial</ElementName><required>false</required><Inertia z:Ref="i9"/><Mass z:Ref="i7"/><Origin z:Ref="i4"/></URDFElement><URDFElement z:Id="i16" i:type="Visual"><Attributes/><ChildElements><URDFElement z:Id="i17" i:type="Origin"><Attributes><Attribute z:Id="i18"><AttributeType>xyz</AttributeType><IsRequired>true</IsRequired><Value i:type="a:ArrayOfdouble" xmlns:a="http://schemas.microsoft.com/2003/10/Serialization/Arrays"><a:double>0</a:double><a:double>0</a:double><a:double>0</a:double></Value></Attribute><Attribute z:Id="i19"><AttributeType>rpy</AttributeType><IsRequired>true</IsRequired><Value i:type="a:ArrayOfdouble" xmlns:a="http://schemas.microsoft.com/2003/10/Serialization/Arrays"><a:double>0</a:double><a:double>0</a:double><a:double>0</a:double></Value></Attribute></Attributes><ChildElements/><ElementName>origin</ElementName><required>false</required><RPYAttribute z:Ref="i19"/><XYZAttribute z:Ref="i18"/><isCustomized>false</isCustomized></URDFElement><URDFElement z:Id="i20" i:type="Geometry"><Attributes/><ChildElements><URDFElement z:Id="i21" i:type="Mesh"><Attributes><Attribute z:Id="i22"><AttributeType>filename</AttributeType><IsRequired>true</IsRequired><Value i:nil="true"/></Attribute></Attributes><ChildElements/><ElementName>mesh</ElementName><required>false</required><FilenameAttribute z:Ref="i22"/></URDFElement></ChildElements><ElementName>geometry</ElementName><required>true</required><Mesh z:Ref="i21"/></URDFElement><URDFElement z:Id="i23" i:type="Material"><Attributes><Attribute z:Id="i24"><AttributeType>name</AttributeType><IsRequired>true</IsRequired><Value i:type="a:string" xmlns:a="http://www.w3.org/2001/XMLSchema"/></Attribute></Attributes><ChildElements><URDFElement z:Id="i25" i:type="Color"><Attributes><Attribute z:Id="i26"><AttributeType>rgba</AttributeType><IsRequired>true</IsRequired><Value i:type="a:ArrayOfdouble" xmlns:a="http://schemas.microsoft.com/2003/10/Serialization/Arrays"><a:double>1</a:double><a:double>1</a:double><a:double>1</a:double><a:double>1</a:double></Value></Attribute></Attributes><ChildElements/><ElementName>color</ElementName><required>false</required><RGBAAttribute z:Ref="i26"/></URDFElement><URDFElement z:Id="i27" i:type="Texture"><Attributes><Attribute z:Id="i28"><AttributeType>filename</AttributeType><IsRequired>true</IsRequired><Value i:nil="true"/></Attribute></Attributes><ChildElements/><ElementName>texture</ElementName><required>false</required><FilenameAttribute z:Ref="i28"/><wFilename/></URDFElement></ChildElements><ElementName>material</ElementName><required>false</required><Color z:Ref="i25"/><NameAttribute z:Ref="i24"/><Texture z:Ref="i27"/></URDFElement></ChildElements><ElementName>visual</ElementName><required>false</required><Geometry z:Ref="i20"/><Material z:Ref="i23"/><Origin z:Ref="i17"/></URDFElement><URDFElement z:Id="i29" i:type="Collision"><Attributes/><ChildElements><URDFElement z:Id="i30" i:type="Origin"><Attributes><Attribute z:Id="i31"><AttributeType>xyz</AttributeType><IsRequired>true</IsRequired><Value i:type="a:ArrayOfdouble" xmlns:a="http://schemas.microsoft.com/2003/10/Serialization/Arrays"><a:double>0</a:double><a:double>0</a:double><a:double>0</a:double></Value></Attribute><Attribute z:Id="i32"><AttributeType>rpy</AttributeType><IsRequired>true</IsRequired><Value i:type="a:ArrayOfdouble" xmlns:a="http://schemas.microsoft.com/2003/10/Serialization/Arrays"><a:double>0</a:double><a:double>0</a:double><a:double>0</a:double></Value></Attribute></Attributes><ChildElements/><ElementName>origin</ElementName><required>false</required><RPYAttribute z:Ref="i32"/><XYZAttribute z:Ref="i31"/><isCustomized>false</isCustomized></URDFElement><URDFElement z:Id="i33" i:type="Geometry"><Attributes/><ChildElements><URDFElement z:Id="i34" i:type="Mesh"><Attributes><Attribute z:Id="i35"><AttributeType>filename</AttributeType><IsRequired>true</IsRequired><Value i:nil="true"/></Attribute></Attributes><ChildElements/><ElementName>mesh</ElementName><required>false</required><FilenameAttribute z:Ref="i35"/></URDFElement></ChildElements><ElementName>geometry</ElementName><required>true</required><Mesh z:Ref="i34"/></URDFElement></ChildElements><ElementName>collision</ElementName><required>false</required><Geometry z:Ref="i33"/><Origin z:Ref="i30"/></URDFElement><URDFElement z:Id="i36" i:type="Joint"><Attributes><Attribute z:Id="i37"><AttributeType>name</AttributeType><IsRequired>true</IsRequired><Value i:type="a:string" xmlns:a="http://www.w3.org/2001/XMLSchema"/></Attribute><Attribute z:Id="i38"><AttributeType>type</AttributeType><IsRequired>true</IsRequired><Value i:type="a:string" xmlns:a="http://www.w3.org/2001/XMLSchema"/></Attribute></Attributes><ChildElements><URDFElement z:Id="i39" i:type="Origin"><Attributes><Attribute z:Id="i40"><AttributeType>xyz</AttributeType><IsRequired>true</IsRequired><Value i:type="a:ArrayOfdouble" xmlns:a="http://schemas.microsoft.com/2003/10/Serialization/Arrays"><a:double>0</a:double><a:double>0</a:double><a:double>0</a:double></Value></Attribute><Attribute z:Id="i41"><AttributeType>rpy</AttributeType><IsRequired>true</IsRequired><Value i:type="a:ArrayOfdouble" xmlns:a="http://schemas.microsoft.com/2003/10/Serialization/Arrays"><a:double>0</a:double><a:double>0</a:double><a:double>0</a:double></Value></Attribute></Attributes><ChildElements/><ElementName>origin</ElementName><required>false</required><RPYAttribute z:Ref="i41"/><XYZAttribute z:Ref="i40"/><isCustomized>false</isCustomized></URDFElement><URDFElement z:Id="i42" i:type="ParentLink"><Attributes><Attribute z:Id="i43"><AttributeType>link</AttributeType><IsRequired>true</IsRequired><Value i:type="a:string" xmlns:a="http://www.w3.org/2001/XMLSchema"/></Attribute></Attributes><ChildElements/><ElementName>parent</ElementName><required>true</required><NameAttribute z:Ref="i43"/></URDFElement><URDFElement z:Id="i44" i:type="ChildLink"><Attributes><Attribute z:Id="i45"><AttributeType>link</AttributeType><IsRequired>true</IsRequired><Value i:type="a:string" xmlns:a="http://www.w3.org/2001/XMLSchema"/></Attribute></Attributes><ChildElements/><ElementName>child</ElementName><required>true</required><NameAttribute z:Ref="i45"/></URDFElement><URDFElement z:Id="i46" i:type="Axis"><Attributes><Attribute z:Id="i47"><AttributeType>xyz</AttributeType><IsRequired>true</IsRequired><Value i:type="a:ArrayOfdouble" xmlns:a="http://schemas.microsoft.com/2003/10/Serialization/Arrays"><a:double>0</a:double><a:double>0</a:double><a:double>0</a:double></Value></Attribute></Attributes><ChildElements/><ElementName>axis</ElementName><required>false</required><XYZAttribute z:Ref="i47"/></URDFElement><URDFElement z:Id="i48" i:type="Limit"><Attributes><Attribute z:Id="i49"><AttributeType>lower</AttributeType><IsRequired>false</IsRequired><Value i:nil="true"/></Attribute><Attribute z:Id="i50"><AttributeType>upper</AttributeType><IsRequired>false</IsRequired><Value i:nil="true"/></Attribute><Attribute z:Id="i51"><AttributeType>effort</AttributeType><IsRequired>true</IsRequired><Value i:nil="true"/></Attribute><Attribute z:Id="i52"><AttributeType>velocity</AttributeType><IsRequired>true</IsRequired><Value i:nil="true"/></Attribute></Attributes><ChildElements/><ElementName>limit</ElementName><required>false</required><EffortAttribute z:Ref="i51"/><LowerAttribute z:Ref="i49"/><UpperAttribute z:Ref="i50"/><VelocityAttribute z:Ref="i52"/></URDFElement><URDFElement z:Id="i53" i:type="Calibration"><Attributes><Attribute z:Id="i54"><AttributeType>rising</AttributeType><IsRequired>false</IsRequired><Value i:nil="true"/></Attribute><Attribute z:Id="i55"><AttributeType>falling</AttributeType><IsRequired>false</IsRequired><Value i:nil="true"/></Attribute></Attributes><ChildElements/><ElementName>calibration</ElementName><required>false</required><FallingAttribute z:Ref="i55"/><RisingAttribute z:Ref="i54"/></URDFElement><URDFElement z:Id="i56" i:type="Dynamics"><Attributes><Attribute z:Id="i57"><AttributeType>damping</AttributeType><IsRequired>false</IsRequired><Value i:nil="true"/></Attribute><Attribute z:Id="i58"><AttributeType>friction</AttributeType><IsRequired>false</IsRequired><Value i:nil="true"/></Attribute></Attributes><ChildElements/><ElementName>dynamics</ElementName><required>false</required><DampingAttribute z:Ref="i57"/><FrictionAttribute z:Ref="i58"/></URDFElement><URDFElement z:Id="i59" i:type="SafetyController"><Attributes><Attribute z:Id="i60"><AttributeType>soft_upper_limit</AttributeType><IsRequired>false</IsRequired><Value i:nil="true"/></Attribute><Attribute z:Id="i61"><AttributeType>soft_lower_limit</AttributeType><IsRequired>false</IsRequired><Value i:nil="true"/></Attribute><Attribute z:Id="i62"><AttributeType>k_position</AttributeType><IsRequired>false</IsRequired><Value i:nil="true"/></Attribute><Attribute z:Id="i63"><AttributeType>k_velocity</AttributeType><IsRequired>true</IsRequired><Value i:nil="true"/></Attribute></Attributes><ChildElements/><ElementName>safety_controller</ElementName><required>false</required><KPositionAttribute z:Ref="i62"/><KVelocityAttribute z:Ref="i63"/><SoftLowerAttribute z:Ref="i61"/><SoftUpperAttribute z:Ref="i60"/></URDFElement><URDFElement z:Id="i64" i:type="Mimic"><Attributes><Attribute z:Id="i65"><AttributeType>joint</AttributeType><IsRequired>true</IsRequired><Value i:nil="true"/></Attribute><Attribute z:Id="i66"><AttributeType>multiplier</AttributeType><IsRequired>false</IsRequired><Value i:nil="true"/></Attribute><Attribute z:Id="i67"><AttributeType>offset</AttributeType><IsRequired>false</IsRequired><Value i:nil="true"/></Attribute></Attributes><ChildElements/><ElementName>mimic</ElementName><required>false</required><JointNameAttribute z:Ref="i65"/><MultiplierAttribute z:Ref="i66"/><OffsetAttribute z:Ref="i67"/></URDFElement></ChildElements><ElementName>joint</ElementName><required>false</required><Axis z:Ref="i46"/><AxisName/><Calibration z:Ref="i53"/><Child z:Ref="i44"/><CoordinateSystemName>?????????_base</CoordinateSystemName><Dynamics z:Ref="i56"/><Limit z:Ref="i48"/><Mimic z:Ref="i64"/><NameAttribute z:Ref="i37"/><Origin z:Ref="i39"/><Parent z:Ref="i42"/><Safety z:Ref="i59"/><TypeAttribute z:Ref="i38"/></URDFElement></ChildElements><ElementName>link</ElementName><required>true</required><Children/><Collision z:Ref="i29"/><Inertial z:Ref="i3"/><Joint z:Ref="i36"/><NameAttribute z:Ref="i2"/><Parent i:nil="true"/><STLQualityFine>false</STLQualityFine><SWComponentPIDs xmlns:a="http://schemas.microsoft.com/2003/10/Serialization/Arrays"><a:base64Binary>aEIAAAUAAAD//v8SJ1mVXqdeLQAxAEAAQwBvAHUAYwBvAHUAYQByAG0AXwB2ADUABAAAABAAAAABAAAAAQAAAB0AAAA=</a:base64Binary><a:base64Binary>aEIAAAUAAAD//v8Uc1GCgjEA3U+kYi0AMgBAAEMAbwB1AGMAbwB1AGEAcgBtAF8AdgA1AAQAAAAQAAAAAQAAAAEAAAAfAAAA</a:base64Binary><a:base64Binary>aEIAAAUAAAD//v8VNAAzADEAMACaW1BbLQAyAEAAQwBvAHUAYwBvAHUAYQByAG0AXwB2ADUABAAAABAAAAABAAAAAQAAADYAAAA=</a:base64Binary><a:base64Binary>aEIAAAUAAAD//v8VNAAzADEAMABsj1BbLQAyAEAAQwBvAHUAYwBvAHUAYQByAG0AXwB2ADUABAAAABAAAAABAAAAAQAAAEoAAAA=</a:base64Binary></SWComponentPIDs><SWMainComponentPID i:nil="true"/><Visual z:Ref="i16"/><isFixedFrame>false</isFixedFrame><isIncomplete>false</isIncomplete></Link>
2026-07-01 16:26:01,907 INFO  ExportHelperExtension.cs: 347 - Creating joint link_1
2026-07-01 16:26:02,118 WARN  ExportHelperExtension.cs: 351 - Creating joint from parent base_link to child link_1 failed
2026-07-01 16:26:03,929 INFO  ExportHelperExtension.cs: 347 - Creating joint link_2
2026-07-01 16:26:04,112 WARN  ExportHelperExtension.cs: 351 - Creating joint from parent link_1 to child link_2 failed
2026-07-01 16:26:05,262 INFO  ExportHelperExtension.cs: 347 - Creating joint link_3
2026-07-01 16:26:05,392 WARN  ExportHelperExtension.cs: 351 - Creating joint from parent link_2 to child link_3 failed
2026-07-01 16:26:07,298 INFO  ExportHelperExtension.cs: 347 - Creating joint link_4
2026-07-01 16:26:07,428 WARN  ExportHelperExtension.cs: 351 - Creating joint from parent link_3 to child link_4 failed
2026-07-01 16:26:09,223 INFO  ExportHelperExtension.cs: 347 - Creating joint link_5
2026-07-01 16:26:09,361 WARN  ExportHelperExtension.cs: 351 - Creating joint from parent link_4 to child link_5 failed
2026-07-01 16:26:11,211 INFO  ExportHelperExtension.cs: 347 - Creating joint link_6
2026-07-01 16:26:11,391 WARN  ExportHelperExtension.cs: 351 - Creating joint from parent link_5 to child link_6 failed
2026-07-01 16:26:11,507 INFO  ExportHelperExtension.cs: 1125 - Retrieving features of type [CoordSys] from Coucouarm_v5.SLDASM
2026-07-01 16:26:11,509 INFO  ExportHelperExtension.cs: 1136 - Found 165 in Coucouarm_v5.SLDASM
2026-07-01 16:26:11,509 INFO  ExportHelperExtension.cs: 1145 - Found 8 features of type [CoordSys] in Coucouarm_v5.SLDASM
2026-07-01 16:26:11,510 INFO  ExportHelperExtension.cs: 1148 - Proceeding through assembly components
2026-07-01 16:26:11,510 INFO  ExportHelperExtension.cs: 1160 - 27 components to check
2026-07-01 16:26:11,511 INFO  ExportHelperExtension.cs: 1125 - Retrieving features of type [CoordSys] from 4310转子-3
2026-07-01 16:26:11,511 INFO  ExportHelperExtension.cs: 1136 - Found 35 in 4310转子-3
2026-07-01 16:26:11,511 INFO  ExportHelperExtension.cs: 1145 - Found 0 features of type [CoordSys] in 4310转子-3
2026-07-01 16:26:11,512 INFO  ExportHelperExtension.cs: 1125 - Retrieving features of type [CoordSys] from 4310定子-4
2026-07-01 16:26:11,512 INFO  ExportHelperExtension.cs: 1136 - Found 29 in 4310定子-4
2026-07-01 16:26:11,512 INFO  ExportHelperExtension.cs: 1145 - Found 0 features of type [CoordSys] in 4310定子-4
2026-07-01 16:26:11,513 INFO  ExportHelperExtension.cs: 1125 - Retrieving features of type [CoordSys] from 关节4转关节5 大-1
2026-07-01 16:26:11,513 INFO  ExportHelperExtension.cs: 1136 - Found 40 in 关节4转关节5 大-1
2026-07-01 16:26:11,513 INFO  ExportHelperExtension.cs: 1145 - Found 0 features of type [CoordSys] in 关节4转关节5 大-1
2026-07-01 16:26:11,514 INFO  ExportHelperExtension.cs: 1125 - Retrieving features of type [CoordSys] from 关节3转关节4 大-1
2026-07-01 16:26:11,514 INFO  ExportHelperExtension.cs: 1136 - Found 40 in 关节3转关节4 大-1
2026-07-01 16:26:11,521 INFO  ExportHelperExtension.cs: 1145 - Found 0 features of type [CoordSys] in 关节3转关节4 大-1
2026-07-01 16:26:11,521 INFO  ExportHelperExtension.cs: 1125 - Retrieving features of type [CoordSys] from 4340p转子-1
2026-07-01 16:26:11,553 INFO  ExportHelperExtension.cs: 1136 - Found 33 in 4340p转子-1
2026-07-01 16:26:11,554 INFO  ExportHelperExtension.cs: 1145 - Found 0 features of type [CoordSys] in 4340p转子-1
2026-07-01 16:26:11,554 INFO  ExportHelperExtension.cs: 1125 - Retrieving features of type [CoordSys] from 轴承-2
2026-07-01 16:26:11,555 INFO  ExportHelperExtension.cs: 1136 - Found 40 in 轴承-2
2026-07-01 16:26:11,555 INFO  ExportHelperExtension.cs: 1145 - Found 0 features of type [CoordSys] in 轴承-2
2026-07-01 16:26:11,556 INFO  ExportHelperExtension.cs: 1125 - Retrieving features of type [CoordSys] from 关节3转关节4 小-1
2026-07-01 16:26:11,556 INFO  ExportHelperExtension.cs: 1136 - Found 40 in 关节3转关节4 小-1
2026-07-01 16:26:11,556 INFO  ExportHelperExtension.cs: 1145 - Found 0 features of type [CoordSys] in 关节3转关节4 小-1
2026-07-01 16:26:11,556 INFO  ExportHelperExtension.cs: 1125 - Retrieving features of type [CoordSys] from 4340p定子-1
2026-07-01 16:26:11,557 INFO  ExportHelperExtension.cs: 1136 - Found 45 in 4340p定子-1
2026-07-01 16:26:11,557 INFO  ExportHelperExtension.cs: 1145 - Found 0 features of type [CoordSys] in 4340p定子-1
2026-07-01 16:26:11,557 INFO  ExportHelperExtension.cs: 1125 - Retrieving features of type [CoordSys] from 4310定子-3
2026-07-01 16:26:11,558 INFO  ExportHelperExtension.cs: 1136 - Found 29 in 4310定子-3
2026-07-01 16:26:11,558 INFO  ExportHelperExtension.cs: 1145 - Found 0 features of type [CoordSys] in 4310定子-3
2026-07-01 16:26:11,558 INFO  ExportHelperExtension.cs: 1125 - Retrieving features of type [CoordSys] from 轴承-3
2026-07-01 16:26:11,559 INFO  ExportHelperExtension.cs: 1136 - Found 40 in 轴承-3
2026-07-01 16:26:11,559 INFO  ExportHelperExtension.cs: 1145 - Found 0 features of type [CoordSys] in 轴承-3
2026-07-01 16:26:11,559 INFO  ExportHelperExtension.cs: 1125 - Retrieving features of type [CoordSys] from 关节5转关节6 大-1
2026-07-01 16:26:11,559 INFO  ExportHelperExtension.cs: 1136 - Found 40 in 关节5转关节6 大-1
2026-07-01 16:26:11,559 INFO  ExportHelperExtension.cs: 1145 - Found 0 features of type [CoordSys] in 关节5转关节6 大-1
2026-07-01 16:26:11,560 INFO  ExportHelperExtension.cs: 1125 - Retrieving features of type [CoordSys] from 关节5转关节6 小最新版-1
2026-07-01 16:26:11,560 INFO  ExportHelperExtension.cs: 1136 - Found 40 in 关节5转关节6 小最新版-1
2026-07-01 16:26:11,561 INFO  ExportHelperExtension.cs: 1145 - Found 0 features of type [CoordSys] in 关节5转关节6 小最新版-1
2026-07-01 16:26:11,561 INFO  ExportHelperExtension.cs: 1125 - Retrieving features of type [CoordSys] from 4310定子-5
2026-07-01 16:26:11,561 INFO  ExportHelperExtension.cs: 1136 - Found 29 in 4310定子-5
2026-07-01 16:26:11,561 INFO  ExportHelperExtension.cs: 1145 - Found 0 features of type [CoordSys] in 4310定子-5
2026-07-01 16:26:11,562 INFO  ExportHelperExtension.cs: 1125 - Retrieving features of type [CoordSys] from 4310转子-4
2026-07-01 16:26:11,562 INFO  ExportHelperExtension.cs: 1136 - Found 35 in 4310转子-4
2026-07-01 16:26:11,562 INFO  ExportHelperExtension.cs: 1145 - Found 0 features of type [CoordSys] in 4310转子-4
2026-07-01 16:26:11,562 INFO  ExportHelperExtension.cs: 1125 - Retrieving features of type [CoordSys] from 末端指示带圆球最新-1
2026-07-01 16:26:11,562 INFO  ExportHelperExtension.cs: 1136 - Found 29 in 末端指示带圆球最新-1
2026-07-01 16:26:11,563 INFO  ExportHelperExtension.cs: 1145 - Found 0 features of type [CoordSys] in 末端指示带圆球最新-1
2026-07-01 16:26:11,563 INFO  ExportHelperExtension.cs: 1125 - Retrieving features of type [CoordSys] from 4310转子-5
2026-07-01 16:26:11,563 INFO  ExportHelperExtension.cs: 1136 - Found 35 in 4310转子-5
2026-07-01 16:26:11,564 INFO  ExportHelperExtension.cs: 1145 - Found 0 features of type [CoordSys] in 4310转子-5
2026-07-01 16:26:11,564 INFO  ExportHelperExtension.cs: 1125 - Retrieving features of type [CoordSys] from 4310转子-2
2026-07-01 16:26:11,564 INFO  ExportHelperExtension.cs: 1136 - Found 35 in 4310转子-2
2026-07-01 16:26:11,565 INFO  ExportHelperExtension.cs: 1145 - Found 0 features of type [CoordSys] in 4310转子-2
2026-07-01 16:26:11,565 INFO  ExportHelperExtension.cs: 1125 - Retrieving features of type [CoordSys] from 大底座-1
2026-07-01 16:26:11,565 INFO  ExportHelperExtension.cs: 1136 - Found 40 in 大底座-1
2026-07-01 16:26:11,565 INFO  ExportHelperExtension.cs: 1145 - Found 0 features of type [CoordSys] in 大底座-1
2026-07-01 16:26:11,565 INFO  ExportHelperExtension.cs: 1125 - Retrieving features of type [CoordSys] from 关节1保护-2
2026-07-01 16:26:11,567 INFO  ExportHelperExtension.cs: 1136 - Found 28 in 关节1保护-2
2026-07-01 16:26:11,567 INFO  ExportHelperExtension.cs: 1145 - Found 0 features of type [CoordSys] in 关节1保护-2
2026-07-01 16:26:11,567 INFO  ExportHelperExtension.cs: 1125 - Retrieving features of type [CoordSys] from 关节1转关节2底座-1
2026-07-01 16:26:11,568 INFO  ExportHelperExtension.cs: 1136 - Found 40 in 关节1转关节2底座-1
2026-07-01 16:26:11,568 INFO  ExportHelperExtension.cs: 1145 - Found 0 features of type [CoordSys] in 关节1转关节2底座-1
2026-07-01 16:26:11,568 INFO  ExportHelperExtension.cs: 1125 - Retrieving features of type [CoordSys] from 4340定子-1
2026-07-01 16:26:11,569 INFO  ExportHelperExtension.cs: 1136 - Found 45 in 4340定子-1
2026-07-01 16:26:11,569 INFO  ExportHelperExtension.cs: 1145 - Found 0 features of type [CoordSys] in 4340定子-1
2026-07-01 16:26:11,569 INFO  ExportHelperExtension.cs: 1125 - Retrieving features of type [CoordSys] from 4340转子-1
2026-07-01 16:26:11,569 INFO  ExportHelperExtension.cs: 1136 - Found 35 in 4340转子-1
2026-07-01 16:26:11,570 INFO  ExportHelperExtension.cs: 1145 - Found 0 features of type [CoordSys] in 4340转子-1
2026-07-01 16:26:11,570 INFO  ExportHelperExtension.cs: 1125 - Retrieving features of type [CoordSys] from 4310定子-2
2026-07-01 16:26:11,570 INFO  ExportHelperExtension.cs: 1136 - Found 29 in 4310定子-2
2026-07-01 16:26:11,571 INFO  ExportHelperExtension.cs: 1145 - Found 0 features of type [CoordSys] in 4310定子-2
2026-07-01 16:26:11,571 INFO  ExportHelperExtension.cs: 1125 - Retrieving features of type [CoordSys] from 关节2转关节3 大-1
2026-07-01 16:26:11,571 INFO  ExportHelperExtension.cs: 1136 - Found 28 in 关节2转关节3 大-1
2026-07-01 16:26:11,572 INFO  ExportHelperExtension.cs: 1145 - Found 0 features of type [CoordSys] in 关节2转关节3 大-1
2026-07-01 16:26:11,572 INFO  ExportHelperExtension.cs: 1125 - Retrieving features of type [CoordSys] from 轴承-1
2026-07-01 16:26:11,572 INFO  ExportHelperExtension.cs: 1136 - Found 40 in 轴承-1
2026-07-01 16:26:11,572 INFO  ExportHelperExtension.cs: 1145 - Found 0 features of type [CoordSys] in 轴承-1
2026-07-01 16:26:11,573 INFO  ExportHelperExtension.cs: 1125 - Retrieving features of type [CoordSys] from 关节2转关节3 小-1
2026-07-01 16:26:11,573 INFO  ExportHelperExtension.cs: 1136 - Found 40 in 关节2转关节3 小-1
2026-07-01 16:26:11,573 INFO  ExportHelperExtension.cs: 1145 - Found 0 features of type [CoordSys] in 关节2转关节3 小-1
2026-07-01 16:26:11,574 INFO  ExportHelperExtension.cs: 1125 - Retrieving features of type [CoordSys] from 关节4转关节5 小-2
2026-07-01 16:26:11,574 INFO  ExportHelperExtension.cs: 1136 - Found 28 in 关节4转关节5 小-2
2026-07-01 16:26:11,574 INFO  ExportHelperExtension.cs: 1145 - Found 0 features of type [CoordSys] in 关节4转关节5 小-2
2026-07-01 16:26:11,575 INFO  ExportHelperExtension.cs: 1125 - Retrieving features of type [RefAxis] from Coucouarm_v5.SLDASM
2026-07-01 16:26:11,575 INFO  ExportHelperExtension.cs: 1136 - Found 165 in Coucouarm_v5.SLDASM
2026-07-01 16:26:11,576 INFO  ExportHelperExtension.cs: 1145 - Found 7 features of type [RefAxis] in Coucouarm_v5.SLDASM
2026-07-01 16:26:11,576 INFO  ExportHelperExtension.cs: 1148 - Proceeding through assembly components
2026-07-01 16:26:11,576 INFO  ExportHelperExtension.cs: 1160 - 27 components to check
2026-07-01 16:26:11,576 INFO  ExportHelperExtension.cs: 1125 - Retrieving features of type [RefAxis] from 4310转子-3
2026-07-01 16:26:11,577 INFO  ExportHelperExtension.cs: 1136 - Found 35 in 4310转子-3
2026-07-01 16:26:11,577 INFO  ExportHelperExtension.cs: 1145 - Found 0 features of type [RefAxis] in 4310转子-3
2026-07-01 16:26:11,577 INFO  ExportHelperExtension.cs: 1125 - Retrieving features of type [RefAxis] from 4310定子-4
2026-07-01 16:26:11,578 INFO  ExportHelperExtension.cs: 1136 - Found 29 in 4310定子-4
2026-07-01 16:26:11,578 INFO  ExportHelperExtension.cs: 1145 - Found 0 features of type [RefAxis] in 4310定子-4
2026-07-01 16:26:11,578 INFO  ExportHelperExtension.cs: 1125 - Retrieving features of type [RefAxis] from 关节4转关节5 大-1
2026-07-01 16:26:11,579 INFO  ExportHelperExtension.cs: 1136 - Found 40 in 关节4转关节5 大-1
2026-07-01 16:26:11,579 INFO  ExportHelperExtension.cs: 1145 - Found 0 features of type [RefAxis] in 关节4转关节5 大-1
2026-07-01 16:26:11,579 INFO  ExportHelperExtension.cs: 1125 - Retrieving features of type [RefAxis] from 关节3转关节4 大-1
2026-07-01 16:26:11,579 INFO  ExportHelperExtension.cs: 1136 - Found 40 in 关节3转关节4 大-1
2026-07-01 16:26:11,581 INFO  ExportHelperExtension.cs: 1145 - Found 0 features of type [RefAxis] in 关节3转关节4 大-1
2026-07-01 16:26:11,581 INFO  ExportHelperExtension.cs: 1125 - Retrieving features of type [RefAxis] from 4340p转子-1
2026-07-01 16:26:11,581 INFO  ExportHelperExtension.cs: 1136 - Found 33 in 4340p转子-1
2026-07-01 16:26:11,581 INFO  ExportHelperExtension.cs: 1145 - Found 0 features of type [RefAxis] in 4340p转子-1
2026-07-01 16:26:11,581 INFO  ExportHelperExtension.cs: 1125 - Retrieving features of type [RefAxis] from 轴承-2
2026-07-01 16:26:11,582 INFO  ExportHelperExtension.cs: 1136 - Found 40 in 轴承-2
2026-07-01 16:26:11,582 INFO  ExportHelperExtension.cs: 1145 - Found 0 features of type [RefAxis] in 轴承-2
2026-07-01 16:26:11,582 INFO  ExportHelperExtension.cs: 1125 - Retrieving features of type [RefAxis] from 关节3转关节4 小-1
2026-07-01 16:26:11,583 INFO  ExportHelperExtension.cs: 1136 - Found 40 in 关节3转关节4 小-1
2026-07-01 16:26:11,583 INFO  ExportHelperExtension.cs: 1145 - Found 0 features of type [RefAxis] in 关节3转关节4 小-1
2026-07-01 16:26:11,583 INFO  ExportHelperExtension.cs: 1125 - Retrieving features of type [RefAxis] from 4340p定子-1
2026-07-01 16:26:11,583 INFO  ExportHelperExtension.cs: 1136 - Found 45 in 4340p定子-1
2026-07-01 16:26:11,584 INFO  ExportHelperExtension.cs: 1145 - Found 0 features of type [RefAxis] in 4340p定子-1
2026-07-01 16:26:11,584 INFO  ExportHelperExtension.cs: 1125 - Retrieving features of type [RefAxis] from 4310定子-3
2026-07-01 16:26:11,584 INFO  ExportHelperExtension.cs: 1136 - Found 29 in 4310定子-3
2026-07-01 16:26:11,584 INFO  ExportHelperExtension.cs: 1145 - Found 0 features of type [RefAxis] in 4310定子-3
2026-07-01 16:26:11,586 INFO  ExportHelperExtension.cs: 1125 - Retrieving features of type [RefAxis] from 轴承-3
2026-07-01 16:26:11,586 INFO  ExportHelperExtension.cs: 1136 - Found 40 in 轴承-3
2026-07-01 16:26:11,586 INFO  ExportHelperExtension.cs: 1145 - Found 0 features of type [RefAxis] in 轴承-3
2026-07-01 16:26:11,586 INFO  ExportHelperExtension.cs: 1125 - Retrieving features of type [RefAxis] from 关节5转关节6 大-1
2026-07-01 16:26:11,587 INFO  ExportHelperExtension.cs: 1136 - Found 40 in 关节5转关节6 大-1
2026-07-01 16:26:11,587 INFO  ExportHelperExtension.cs: 1145 - Found 0 features of type [RefAxis] in 关节5转关节6 大-1
2026-07-01 16:26:11,587 INFO  ExportHelperExtension.cs: 1125 - Retrieving features of type [RefAxis] from 关节5转关节6 小最新版-1
2026-07-01 16:26:11,588 INFO  ExportHelperExtension.cs: 1136 - Found 40 in 关节5转关节6 小最新版-1
2026-07-01 16:26:11,588 INFO  ExportHelperExtension.cs: 1145 - Found 0 features of type [RefAxis] in 关节5转关节6 小最新版-1
2026-07-01 16:26:11,588 INFO  ExportHelperExtension.cs: 1125 - Retrieving features of type [RefAxis] from 4310定子-5
2026-07-01 16:26:11,588 INFO  ExportHelperExtension.cs: 1136 - Found 29 in 4310定子-5
2026-07-01 16:26:11,592 INFO  ExportHelperExtension.cs: 1145 - Found 0 features of type [RefAxis] in 4310定子-5
2026-07-01 16:26:11,593 INFO  ExportHelperExtension.cs: 1125 - Retrieving features of type [RefAxis] from 4310转子-4
2026-07-01 16:26:11,605 INFO  ExportHelperExtension.cs: 1136 - Found 35 in 4310转子-4
2026-07-01 16:26:11,606 INFO  ExportHelperExtension.cs: 1145 - Found 0 features of type [RefAxis] in 4310转子-4
2026-07-01 16:26:11,606 INFO  ExportHelperExtension.cs: 1125 - Retrieving features of type [RefAxis] from 末端指示带圆球最新-1
2026-07-01 16:26:11,607 INFO  ExportHelperExtension.cs: 1136 - Found 29 in 末端指示带圆球最新-1
2026-07-01 16:26:11,607 INFO  ExportHelperExtension.cs: 1145 - Found 0 features of type [RefAxis] in 末端指示带圆球最新-1
2026-07-01 16:26:11,609 INFO  ExportHelperExtension.cs: 1125 - Retrieving features of type [RefAxis] from 4310转子-5
2026-07-01 16:26:11,609 INFO  ExportHelperExtension.cs: 1136 - Found 35 in 4310转子-5
2026-07-01 16:26:11,609 INFO  ExportHelperExtension.cs: 1145 - Found 0 features of type [RefAxis] in 4310转子-5
2026-07-01 16:26:11,609 INFO  ExportHelperExtension.cs: 1125 - Retrieving features of type [RefAxis] from 4310转子-2
2026-07-01 16:26:11,610 INFO  ExportHelperExtension.cs: 1136 - Found 35 in 4310转子-2
2026-07-01 16:26:11,610 INFO  ExportHelperExtension.cs: 1145 - Found 0 features of type [RefAxis] in 4310转子-2
2026-07-01 16:26:11,610 INFO  ExportHelperExtension.cs: 1125 - Retrieving features of type [RefAxis] from 大底座-1
2026-07-01 16:26:11,611 INFO  ExportHelperExtension.cs: 1136 - Found 40 in 大底座-1
2026-07-01 16:26:11,611 INFO  ExportHelperExtension.cs: 1145 - Found 0 features of type [RefAxis] in 大底座-1
2026-07-01 16:26:11,611 INFO  ExportHelperExtension.cs: 1125 - Retrieving features of type [RefAxis] from 关节1保护-2
2026-07-01 16:26:11,611 INFO  ExportHelperExtension.cs: 1136 - Found 28 in 关节1保护-2
2026-07-01 16:26:11,612 INFO  ExportHelperExtension.cs: 1145 - Found 0 features of type [RefAxis] in 关节1保护-2
2026-07-01 16:26:11,612 INFO  ExportHelperExtension.cs: 1125 - Retrieving features of type [RefAxis] from 关节1转关节2底座-1
2026-07-01 16:26:11,612 INFO  ExportHelperExtension.cs: 1136 - Found 40 in 关节1转关节2底座-1
2026-07-01 16:26:11,613 INFO  ExportHelperExtension.cs: 1145 - Found 0 features of type [RefAxis] in 关节1转关节2底座-1
2026-07-01 16:26:11,613 INFO  ExportHelperExtension.cs: 1125 - Retrieving features of type [RefAxis] from 4340定子-1
2026-07-01 16:26:11,613 INFO  ExportHelperExtension.cs: 1136 - Found 45 in 4340定子-1
2026-07-01 16:26:11,614 INFO  ExportHelperExtension.cs: 1145 - Found 0 features of type [RefAxis] in 4340定子-1
2026-07-01 16:26:11,614 INFO  ExportHelperExtension.cs: 1125 - Retrieving features of type [RefAxis] from 4340转子-1
2026-07-01 16:26:11,614 INFO  ExportHelperExtension.cs: 1136 - Found 35 in 4340转子-1
2026-07-01 16:26:11,614 INFO  ExportHelperExtension.cs: 1145 - Found 0 features of type [RefAxis] in 4340转子-1
2026-07-01 16:26:11,615 INFO  ExportHelperExtension.cs: 1125 - Retrieving features of type [RefAxis] from 4310定子-2
2026-07-01 16:26:11,615 INFO  ExportHelperExtension.cs: 1136 - Found 29 in 4310定子-2
2026-07-01 16:26:11,615 INFO  ExportHelperExtension.cs: 1145 - Found 0 features of type [RefAxis] in 4310定子-2
2026-07-01 16:26:11,615 INFO  ExportHelperExtension.cs: 1125 - Retrieving features of type [RefAxis] from 关节2转关节3 大-1
2026-07-01 16:26:11,616 INFO  ExportHelperExtension.cs: 1136 - Found 28 in 关节2转关节3 大-1
2026-07-01 16:26:11,616 INFO  ExportHelperExtension.cs: 1145 - Found 0 features of type [RefAxis] in 关节2转关节3 大-1
2026-07-01 16:26:11,616 INFO  ExportHelperExtension.cs: 1125 - Retrieving features of type [RefAxis] from 轴承-1
2026-07-01 16:26:11,617 INFO  ExportHelperExtension.cs: 1136 - Found 40 in 轴承-1
2026-07-01 16:26:11,617 INFO  ExportHelperExtension.cs: 1145 - Found 0 features of type [RefAxis] in 轴承-1
2026-07-01 16:26:11,617 INFO  ExportHelperExtension.cs: 1125 - Retrieving features of type [RefAxis] from 关节2转关节3 小-1
2026-07-01 16:26:11,618 INFO  ExportHelperExtension.cs: 1136 - Found 40 in 关节2转关节3 小-1
2026-07-01 16:26:11,618 INFO  ExportHelperExtension.cs: 1145 - Found 0 features of type [RefAxis] in 关节2转关节3 小-1
2026-07-01 16:26:11,618 INFO  ExportHelperExtension.cs: 1125 - Retrieving features of type [RefAxis] from 关节4转关节5 小-2
2026-07-01 16:26:11,618 INFO  ExportHelperExtension.cs: 1136 - Found 28 in 关节4转关节5 小-2
2026-07-01 16:26:11,619 INFO  ExportHelperExtension.cs: 1145 - Found 0 features of type [RefAxis] in 关节4转关节5 小-2
2026-07-01 16:26:11,715 INFO  ExportPropertyManager.cs: 1142 - AfterClose called. This method no longer throws an Exception. It just silently does nothing. Ok, except for this logging message
2026-07-01 16:58:55,594 INFO  SwAddin.cs: 294 - Assembly export called for file Coucouarm_v5.SLDASM
2026-07-01 16:58:55,594 INFO  SwAddin.cs: 299 - Save is required
2026-07-01 16:58:55,595 INFO  SwAddin.cs: 313 - Saving assembly
2026-07-01 16:58:57,250 INFO  SwAddin.cs: 316 - Opening property manager
2026-07-01 16:58:57,251 INFO  ExportHelperExtension.cs: 1125 - Retrieving features of type [CoordSys] from Coucouarm_v5.SLDASM
2026-07-01 16:58:57,252 INFO  ExportHelperExtension.cs: 1136 - Found 162 in Coucouarm_v5.SLDASM
2026-07-01 16:58:57,252 INFO  ExportHelperExtension.cs: 1145 - Found 7 features of type [CoordSys] in Coucouarm_v5.SLDASM
2026-07-01 16:58:57,253 INFO  ExportHelperExtension.cs: 1148 - Proceeding through assembly components
2026-07-01 16:58:57,253 INFO  ExportHelperExtension.cs: 1160 - 27 components to check
2026-07-01 16:58:57,253 INFO  ExportHelperExtension.cs: 1125 - Retrieving features of type [CoordSys] from 4310转子-3
2026-07-01 16:58:57,253 INFO  ExportHelperExtension.cs: 1136 - Found 35 in 4310转子-3
2026-07-01 16:58:57,254 INFO  ExportHelperExtension.cs: 1145 - Found 0 features of type [CoordSys] in 4310转子-3
2026-07-01 16:58:57,254 INFO  ExportHelperExtension.cs: 1125 - Retrieving features of type [CoordSys] from 4310定子-4
2026-07-01 16:58:57,254 INFO  ExportHelperExtension.cs: 1136 - Found 29 in 4310定子-4
2026-07-01 16:58:57,254 INFO  ExportHelperExtension.cs: 1145 - Found 0 features of type [CoordSys] in 4310定子-4
2026-07-01 16:58:57,254 INFO  ExportHelperExtension.cs: 1125 - Retrieving features of type [CoordSys] from 关节4转关节5 大-1
2026-07-01 16:58:57,256 INFO  ExportHelperExtension.cs: 1136 - Found 40 in 关节4转关节5 大-1
2026-07-01 16:58:57,256 INFO  ExportHelperExtension.cs: 1145 - Found 0 features of type [CoordSys] in 关节4转关节5 大-1
2026-07-01 16:58:57,257 INFO  ExportHelperExtension.cs: 1125 - Retrieving features of type [CoordSys] from 关节3转关节4 大-1
2026-07-01 16:58:57,257 INFO  ExportHelperExtension.cs: 1136 - Found 40 in 关节3转关节4 大-1
2026-07-01 16:58:57,257 INFO  ExportHelperExtension.cs: 1145 - Found 0 features of type [CoordSys] in 关节3转关节4 大-1
2026-07-01 16:58:57,257 INFO  ExportHelperExtension.cs: 1125 - Retrieving features of type [CoordSys] from 4340p转子-1
2026-07-01 16:58:57,258 INFO  ExportHelperExtension.cs: 1136 - Found 33 in 4340p转子-1
2026-07-01 16:58:57,258 INFO  ExportHelperExtension.cs: 1145 - Found 0 features of type [CoordSys] in 4340p转子-1
2026-07-01 16:58:57,258 INFO  ExportHelperExtension.cs: 1125 - Retrieving features of type [CoordSys] from 轴承-2
2026-07-01 16:58:57,259 INFO  ExportHelperExtension.cs: 1136 - Found 40 in 轴承-2
2026-07-01 16:58:57,259 INFO  ExportHelperExtension.cs: 1145 - Found 0 features of type [CoordSys] in 轴承-2
2026-07-01 16:58:57,259 INFO  ExportHelperExtension.cs: 1125 - Retrieving features of type [CoordSys] from 关节3转关节4 小-1
2026-07-01 16:58:57,366 INFO  ExportHelperExtension.cs: 1136 - Found 40 in 关节3转关节4 小-1
2026-07-01 16:58:57,367 INFO  ExportHelperExtension.cs: 1145 - Found 0 features of type [CoordSys] in 关节3转关节4 小-1
2026-07-01 16:58:57,367 INFO  ExportHelperExtension.cs: 1125 - Retrieving features of type [CoordSys] from 4340p定子-1
2026-07-01 16:58:57,368 INFO  ExportHelperExtension.cs: 1136 - Found 45 in 4340p定子-1
2026-07-01 16:58:57,368 INFO  ExportHelperExtension.cs: 1145 - Found 0 features of type [CoordSys] in 4340p定子-1
2026-07-01 16:58:57,368 INFO  ExportHelperExtension.cs: 1125 - Retrieving features of type [CoordSys] from 4310定子-3
2026-07-01 16:58:57,369 INFO  ExportHelperExtension.cs: 1136 - Found 29 in 4310定子-3
2026-07-01 16:58:57,369 INFO  ExportHelperExtension.cs: 1145 - Found 0 features of type [CoordSys] in 4310定子-3
2026-07-01 16:58:57,369 INFO  ExportHelperExtension.cs: 1125 - Retrieving features of type [CoordSys] from 轴承-3
2026-07-01 16:58:57,369 INFO  ExportHelperExtension.cs: 1136 - Found 40 in 轴承-3
2026-07-01 16:58:57,370 INFO  ExportHelperExtension.cs: 1145 - Found 0 features of type [CoordSys] in 轴承-3
2026-07-01 16:58:57,370 INFO  ExportHelperExtension.cs: 1125 - Retrieving features of type [CoordSys] from 关节5转关节6 大-1
2026-07-01 16:58:57,370 INFO  ExportHelperExtension.cs: 1136 - Found 40 in 关节5转关节6 大-1
2026-07-01 16:58:57,372 INFO  ExportHelperExtension.cs: 1145 - Found 0 features of type [CoordSys] in 关节5转关节6 大-1
2026-07-01 16:58:57,372 INFO  ExportHelperExtension.cs: 1125 - Retrieving features of type [CoordSys] from 关节5转关节6 小最新版-1
2026-07-01 16:58:57,372 INFO  ExportHelperExtension.cs: 1136 - Found 40 in 关节5转关节6 小最新版-1
2026-07-01 16:58:57,372 INFO  ExportHelperExtension.cs: 1145 - Found 0 features of type [CoordSys] in 关节5转关节6 小最新版-1
2026-07-01 16:58:57,373 INFO  ExportHelperExtension.cs: 1125 - Retrieving features of type [CoordSys] from 4310定子-5
2026-07-01 16:58:57,373 INFO  ExportHelperExtension.cs: 1136 - Found 29 in 4310定子-5
2026-07-01 16:58:57,373 INFO  ExportHelperExtension.cs: 1145 - Found 0 features of type [CoordSys] in 4310定子-5
2026-07-01 16:58:57,373 INFO  ExportHelperExtension.cs: 1125 - Retrieving features of type [CoordSys] from 4310转子-4
2026-07-01 16:58:57,374 INFO  ExportHelperExtension.cs: 1136 - Found 35 in 4310转子-4
2026-07-01 16:58:57,374 INFO  ExportHelperExtension.cs: 1145 - Found 0 features of type [CoordSys] in 4310转子-4
2026-07-01 16:58:57,374 INFO  ExportHelperExtension.cs: 1125 - Retrieving features of type [CoordSys] from 末端指示带圆球最新-1
2026-07-01 16:58:57,375 INFO  ExportHelperExtension.cs: 1136 - Found 29 in 末端指示带圆球最新-1
2026-07-01 16:58:57,375 INFO  ExportHelperExtension.cs: 1145 - Found 0 features of type [CoordSys] in 末端指示带圆球最新-1
2026-07-01 16:58:57,375 INFO  ExportHelperExtension.cs: 1125 - Retrieving features of type [CoordSys] from 4310转子-5
2026-07-01 16:58:57,375 INFO  ExportHelperExtension.cs: 1136 - Found 35 in 4310转子-5
2026-07-01 16:58:57,376 INFO  ExportHelperExtension.cs: 1145 - Found 0 features of type [CoordSys] in 4310转子-5
2026-07-01 16:58:57,376 INFO  ExportHelperExtension.cs: 1125 - Retrieving features of type [CoordSys] from 4310转子-2
2026-07-01 16:58:57,376 INFO  ExportHelperExtension.cs: 1136 - Found 35 in 4310转子-2
2026-07-01 16:58:57,376 INFO  ExportHelperExtension.cs: 1145 - Found 0 features of type [CoordSys] in 4310转子-2
2026-07-01 16:58:57,377 INFO  ExportHelperExtension.cs: 1125 - Retrieving features of type [CoordSys] from 大底座-1
2026-07-01 16:58:57,377 INFO  ExportHelperExtension.cs: 1136 - Found 40 in 大底座-1
2026-07-01 16:58:57,377 INFO  ExportHelperExtension.cs: 1145 - Found 0 features of type [CoordSys] in 大底座-1
2026-07-01 16:58:57,377 INFO  ExportHelperExtension.cs: 1125 - Retrieving features of type [CoordSys] from 关节1保护-2
2026-07-01 16:58:57,378 INFO  ExportHelperExtension.cs: 1136 - Found 28 in 关节1保护-2
2026-07-01 16:58:57,378 INFO  ExportHelperExtension.cs: 1145 - Found 0 features of type [CoordSys] in 关节1保护-2
2026-07-01 16:58:57,378 INFO  ExportHelperExtension.cs: 1125 - Retrieving features of type [CoordSys] from 关节1转关节2底座-1
2026-07-01 16:58:57,378 INFO  ExportHelperExtension.cs: 1136 - Found 40 in 关节1转关节2底座-1
2026-07-01 16:58:57,379 INFO  ExportHelperExtension.cs: 1145 - Found 0 features of type [CoordSys] in 关节1转关节2底座-1
2026-07-01 16:58:57,379 INFO  ExportHelperExtension.cs: 1125 - Retrieving features of type [CoordSys] from 4340定子-1
2026-07-01 16:58:57,379 INFO  ExportHelperExtension.cs: 1136 - Found 45 in 4340定子-1
2026-07-01 16:58:57,380 INFO  ExportHelperExtension.cs: 1145 - Found 0 features of type [CoordSys] in 4340定子-1
2026-07-01 16:58:57,380 INFO  ExportHelperExtension.cs: 1125 - Retrieving features of type [CoordSys] from 4340转子-1
2026-07-01 16:58:57,380 INFO  ExportHelperExtension.cs: 1136 - Found 35 in 4340转子-1
2026-07-01 16:58:57,380 INFO  ExportHelperExtension.cs: 1145 - Found 0 features of type [CoordSys] in 4340转子-1
2026-07-01 16:58:57,381 INFO  ExportHelperExtension.cs: 1125 - Retrieving features of type [CoordSys] from 4310定子-2
2026-07-01 16:58:57,381 INFO  ExportHelperExtension.cs: 1136 - Found 29 in 4310定子-2
2026-07-01 16:58:57,381 INFO  ExportHelperExtension.cs: 1145 - Found 0 features of type [CoordSys] in 4310定子-2
2026-07-01 16:58:57,381 INFO  ExportHelperExtension.cs: 1125 - Retrieving features of type [CoordSys] from 关节2转关节3 大-1
2026-07-01 16:58:57,382 INFO  ExportHelperExtension.cs: 1136 - Found 28 in 关节2转关节3 大-1
2026-07-01 16:58:57,382 INFO  ExportHelperExtension.cs: 1145 - Found 0 features of type [CoordSys] in 关节2转关节3 大-1
2026-07-01 16:58:57,382 INFO  ExportHelperExtension.cs: 1125 - Retrieving features of type [CoordSys] from 轴承-1
2026-07-01 16:58:57,383 INFO  ExportHelperExtension.cs: 1136 - Found 40 in 轴承-1
2026-07-01 16:58:57,383 INFO  ExportHelperExtension.cs: 1145 - Found 0 features of type [CoordSys] in 轴承-1
2026-07-01 16:58:57,383 INFO  ExportHelperExtension.cs: 1125 - Retrieving features of type [CoordSys] from 关节2转关节3 小-1
2026-07-01 16:58:57,383 INFO  ExportHelperExtension.cs: 1136 - Found 40 in 关节2转关节3 小-1
2026-07-01 16:58:57,384 INFO  ExportHelperExtension.cs: 1145 - Found 0 features of type [CoordSys] in 关节2转关节3 小-1
2026-07-01 16:58:57,384 INFO  ExportHelperExtension.cs: 1125 - Retrieving features of type [CoordSys] from 关节4转关节5 小-2
2026-07-01 16:58:57,384 INFO  ExportHelperExtension.cs: 1136 - Found 28 in 关节4转关节5 小-2
2026-07-01 16:58:57,384 INFO  ExportHelperExtension.cs: 1145 - Found 0 features of type [CoordSys] in 关节4转关节5 小-2
2026-07-01 16:58:57,385 INFO  ExportHelperExtension.cs: 1125 - Retrieving features of type [RefAxis] from Coucouarm_v5.SLDASM
2026-07-01 16:58:57,385 INFO  ExportHelperExtension.cs: 1136 - Found 162 in Coucouarm_v5.SLDASM
2026-07-01 16:58:57,386 INFO  ExportHelperExtension.cs: 1145 - Found 7 features of type [RefAxis] in Coucouarm_v5.SLDASM
2026-07-01 16:58:57,386 INFO  ExportHelperExtension.cs: 1148 - Proceeding through assembly components
2026-07-01 16:58:57,386 INFO  ExportHelperExtension.cs: 1160 - 27 components to check
2026-07-01 16:58:57,386 INFO  ExportHelperExtension.cs: 1125 - Retrieving features of type [RefAxis] from 4310转子-3
2026-07-01 16:58:57,387 INFO  ExportHelperExtension.cs: 1136 - Found 35 in 4310转子-3
2026-07-01 16:58:57,387 INFO  ExportHelperExtension.cs: 1145 - Found 0 features of type [RefAxis] in 4310转子-3
2026-07-01 16:58:57,387 INFO  ExportHelperExtension.cs: 1125 - Retrieving features of type [RefAxis] from 4310定子-4
2026-07-01 16:58:57,387 INFO  ExportHelperExtension.cs: 1136 - Found 29 in 4310定子-4
2026-07-01 16:58:57,388 INFO  ExportHelperExtension.cs: 1145 - Found 0 features of type [RefAxis] in 4310定子-4
2026-07-01 16:58:57,388 INFO  ExportHelperExtension.cs: 1125 - Retrieving features of type [RefAxis] from 关节4转关节5 大-1
2026-07-01 16:58:57,388 INFO  ExportHelperExtension.cs: 1136 - Found 40 in 关节4转关节5 大-1
2026-07-01 16:58:57,389 INFO  ExportHelperExtension.cs: 1145 - Found 0 features of type [RefAxis] in 关节4转关节5 大-1
2026-07-01 16:58:57,389 INFO  ExportHelperExtension.cs: 1125 - Retrieving features of type [RefAxis] from 关节3转关节4 大-1
2026-07-01 16:58:57,389 INFO  ExportHelperExtension.cs: 1136 - Found 40 in 关节3转关节4 大-1
2026-07-01 16:58:57,389 INFO  ExportHelperExtension.cs: 1145 - Found 0 features of type [RefAxis] in 关节3转关节4 大-1
2026-07-01 16:58:57,390 INFO  ExportHelperExtension.cs: 1125 - Retrieving features of type [RefAxis] from 4340p转子-1
2026-07-01 16:58:57,390 INFO  ExportHelperExtension.cs: 1136 - Found 33 in 4340p转子-1
2026-07-01 16:58:57,390 INFO  ExportHelperExtension.cs: 1145 - Found 0 features of type [RefAxis] in 4340p转子-1
2026-07-01 16:58:57,390 INFO  ExportHelperExtension.cs: 1125 - Retrieving features of type [RefAxis] from 轴承-2
2026-07-01 16:58:57,391 INFO  ExportHelperExtension.cs: 1136 - Found 40 in 轴承-2
2026-07-01 16:58:57,391 INFO  ExportHelperExtension.cs: 1145 - Found 0 features of type [RefAxis] in 轴承-2
2026-07-01 16:58:57,391 INFO  ExportHelperExtension.cs: 1125 - Retrieving features of type [RefAxis] from 关节3转关节4 小-1
2026-07-01 16:58:57,392 INFO  ExportHelperExtension.cs: 1136 - Found 40 in 关节3转关节4 小-1
2026-07-01 16:58:57,392 INFO  ExportHelperExtension.cs: 1145 - Found 0 features of type [RefAxis] in 关节3转关节4 小-1
2026-07-01 16:58:57,392 INFO  ExportHelperExtension.cs: 1125 - Retrieving features of type [RefAxis] from 4340p定子-1
2026-07-01 16:58:57,392 INFO  ExportHelperExtension.cs: 1136 - Found 45 in 4340p定子-1
2026-07-01 16:58:57,393 INFO  ExportHelperExtension.cs: 1145 - Found 0 features of type [RefAxis] in 4340p定子-1
2026-07-01 16:58:57,393 INFO  ExportHelperExtension.cs: 1125 - Retrieving features of type [RefAxis] from 4310定子-3
2026-07-01 16:58:57,393 INFO  ExportHelperExtension.cs: 1136 - Found 29 in 4310定子-3
2026-07-01 16:58:57,393 INFO  ExportHelperExtension.cs: 1145 - Found 0 features of type [RefAxis] in 4310定子-3
2026-07-01 16:58:57,394 INFO  ExportHelperExtension.cs: 1125 - Retrieving features of type [RefAxis] from 轴承-3
2026-07-01 16:58:57,394 INFO  ExportHelperExtension.cs: 1136 - Found 40 in 轴承-3
2026-07-01 16:58:57,394 INFO  ExportHelperExtension.cs: 1145 - Found 0 features of type [RefAxis] in 轴承-3
2026-07-01 16:58:57,394 INFO  ExportHelperExtension.cs: 1125 - Retrieving features of type [RefAxis] from 关节5转关节6 大-1
2026-07-01 16:58:57,395 INFO  ExportHelperExtension.cs: 1136 - Found 40 in 关节5转关节6 大-1
2026-07-01 16:58:57,395 INFO  ExportHelperExtension.cs: 1145 - Found 0 features of type [RefAxis] in 关节5转关节6 大-1
2026-07-01 16:58:57,395 INFO  ExportHelperExtension.cs: 1125 - Retrieving features of type [RefAxis] from 关节5转关节6 小最新版-1
2026-07-01 16:58:57,396 INFO  ExportHelperExtension.cs: 1136 - Found 40 in 关节5转关节6 小最新版-1
2026-07-01 16:58:57,396 INFO  ExportHelperExtension.cs: 1145 - Found 0 features of type [RefAxis] in 关节5转关节6 小最新版-1
2026-07-01 16:58:57,396 INFO  ExportHelperExtension.cs: 1125 - Retrieving features of type [RefAxis] from 4310定子-5
2026-07-01 16:58:57,396 INFO  ExportHelperExtension.cs: 1136 - Found 29 in 4310定子-5
2026-07-01 16:58:57,397 INFO  ExportHelperExtension.cs: 1145 - Found 0 features of type [RefAxis] in 4310定子-5
2026-07-01 16:58:57,397 INFO  ExportHelperExtension.cs: 1125 - Retrieving features of type [RefAxis] from 4310转子-4
2026-07-01 16:58:57,397 INFO  ExportHelperExtension.cs: 1136 - Found 35 in 4310转子-4
2026-07-01 16:58:57,397 INFO  ExportHelperExtension.cs: 1145 - Found 0 features of type [RefAxis] in 4310转子-4
2026-07-01 16:58:57,398 INFO  ExportHelperExtension.cs: 1125 - Retrieving features of type [RefAxis] from 末端指示带圆球最新-1
2026-07-01 16:58:57,398 INFO  ExportHelperExtension.cs: 1136 - Found 29 in 末端指示带圆球最新-1
2026-07-01 16:58:57,398 INFO  ExportHelperExtension.cs: 1145 - Found 0 features of type [RefAxis] in 末端指示带圆球最新-1
2026-07-01 16:58:57,398 INFO  ExportHelperExtension.cs: 1125 - Retrieving features of type [RefAxis] from 4310转子-5
2026-07-01 16:58:57,399 INFO  ExportHelperExtension.cs: 1136 - Found 35 in 4310转子-5
2026-07-01 16:58:57,399 INFO  ExportHelperExtension.cs: 1145 - Found 0 features of type [RefAxis] in 4310转子-5
2026-07-01 16:58:57,399 INFO  ExportHelperExtension.cs: 1125 - Retrieving features of type [RefAxis] from 4310转子-2
2026-07-01 16:58:57,399 INFO  ExportHelperExtension.cs: 1136 - Found 35 in 4310转子-2
2026-07-01 16:58:57,400 INFO  ExportHelperExtension.cs: 1145 - Found 0 features of type [RefAxis] in 4310转子-2
2026-07-01 16:58:57,400 INFO  ExportHelperExtension.cs: 1125 - Retrieving features of type [RefAxis] from 大底座-1
2026-07-01 16:58:57,400 INFO  ExportHelperExtension.cs: 1136 - Found 40 in 大底座-1
2026-07-01 16:58:57,401 INFO  ExportHelperExtension.cs: 1145 - Found 0 features of type [RefAxis] in 大底座-1
2026-07-01 16:58:57,401 INFO  ExportHelperExtension.cs: 1125 - Retrieving features of type [RefAxis] from 关节1保护-2
2026-07-01 16:58:57,401 INFO  ExportHelperExtension.cs: 1136 - Found 28 in 关节1保护-2
2026-07-01 16:58:57,401 INFO  ExportHelperExtension.cs: 1145 - Found 0 features of type [RefAxis] in 关节1保护-2
2026-07-01 16:58:57,402 INFO  ExportHelperExtension.cs: 1125 - Retrieving features of type [RefAxis] from 关节1转关节2底座-1
2026-07-01 16:58:57,402 INFO  ExportHelperExtension.cs: 1136 - Found 40 in 关节1转关节2底座-1
2026-07-01 16:58:57,402 INFO  ExportHelperExtension.cs: 1145 - Found 0 features of type [RefAxis] in 关节1转关节2底座-1
2026-07-01 16:58:57,402 INFO  ExportHelperExtension.cs: 1125 - Retrieving features of type [RefAxis] from 4340定子-1
2026-07-01 16:58:57,403 INFO  ExportHelperExtension.cs: 1136 - Found 45 in 4340定子-1
2026-07-01 16:58:57,403 INFO  ExportHelperExtension.cs: 1145 - Found 0 features of type [RefAxis] in 4340定子-1
2026-07-01 16:58:57,403 INFO  ExportHelperExtension.cs: 1125 - Retrieving features of type [RefAxis] from 4340转子-1
2026-07-01 16:58:57,403 INFO  ExportHelperExtension.cs: 1136 - Found 35 in 4340转子-1
2026-07-01 16:58:57,404 INFO  ExportHelperExtension.cs: 1145 - Found 0 features of type [RefAxis] in 4340转子-1
2026-07-01 16:58:57,404 INFO  ExportHelperExtension.cs: 1125 - Retrieving features of type [RefAxis] from 4310定子-2
2026-07-01 16:58:57,404 INFO  ExportHelperExtension.cs: 1136 - Found 29 in 4310定子-2
2026-07-01 16:58:57,404 INFO  ExportHelperExtension.cs: 1145 - Found 0 features of type [RefAxis] in 4310定子-2
2026-07-01 16:58:57,405 INFO  ExportHelperExtension.cs: 1125 - Retrieving features of type [RefAxis] from 关节2转关节3 大-1
2026-07-01 16:58:57,405 INFO  ExportHelperExtension.cs: 1136 - Found 28 in 关节2转关节3 大-1
2026-07-01 16:58:57,405 INFO  ExportHelperExtension.cs: 1145 - Found 0 features of type [RefAxis] in 关节2转关节3 大-1
2026-07-01 16:58:57,405 INFO  ExportHelperExtension.cs: 1125 - Retrieving features of type [RefAxis] from 轴承-1
2026-07-01 16:58:57,406 INFO  ExportHelperExtension.cs: 1136 - Found 40 in 轴承-1
2026-07-01 16:58:57,406 INFO  ExportHelperExtension.cs: 1145 - Found 0 features of type [RefAxis] in 轴承-1
2026-07-01 16:58:57,406 INFO  ExportHelperExtension.cs: 1125 - Retrieving features of type [RefAxis] from 关节2转关节3 小-1
2026-07-01 16:58:57,407 INFO  ExportHelperExtension.cs: 1136 - Found 40 in 关节2转关节3 小-1
2026-07-01 16:58:57,407 INFO  ExportHelperExtension.cs: 1145 - Found 0 features of type [RefAxis] in 关节2转关节3 小-1
2026-07-01 16:58:57,407 INFO  ExportHelperExtension.cs: 1125 - Retrieving features of type [RefAxis] from 关节4转关节5 小-2
2026-07-01 16:58:57,407 INFO  ExportHelperExtension.cs: 1136 - Found 28 in 关节4转关节5 小-2
2026-07-01 16:58:57,408 INFO  ExportHelperExtension.cs: 1145 - Found 0 features of type [RefAxis] in 关节4转关节5 小-2
2026-07-01 16:58:57,814 INFO  SwAddin.cs: 339 - Loading config tree
2026-07-01 16:58:57,815 INFO  ExportPropertyManagerExtension.cs: 520 - Starting new configuration
2026-07-01 16:58:57,817 INFO  SwAddin.cs: 344 - Showing property manager
2026-07-01 16:59:02,488 INFO  ExportPropertyManager.cs: 1018 - OnComboboxSelectionChanged called. This method no longer throws an Exception. It just silently does nothing. Ok, except for this logging message
2026-07-01 16:59:06,842 INFO  ExportPropertyManager.cs: 1142 - AfterClose called. This method no longer throws an Exception. It just silently does nothing. Ok, except for this logging message
2026-07-01 16:59:17,714 INFO  SwAddin.cs: 294 - Assembly export called for file Coucouarm_v5.SLDASM
2026-07-01 17:03:31,346 INFO  SwAddin.cs: 313 - Saving assembly
2026-07-01 17:03:32,407 INFO  SwAddin.cs: 316 - Opening property manager
2026-07-01 17:03:32,407 INFO  ExportHelperExtension.cs: 1125 - Retrieving features of type [CoordSys] from Coucouarm_v5.SLDASM
2026-07-01 17:03:32,408 INFO  ExportHelperExtension.cs: 1136 - Found 162 in Coucouarm_v5.SLDASM
2026-07-01 17:03:32,408 INFO  ExportHelperExtension.cs: 1145 - Found 7 features of type [CoordSys] in Coucouarm_v5.SLDASM
2026-07-01 17:03:32,409 INFO  ExportHelperExtension.cs: 1148 - Proceeding through assembly components
2026-07-01 17:03:32,409 INFO  ExportHelperExtension.cs: 1160 - 27 components to check
2026-07-01 17:03:32,409 INFO  ExportHelperExtension.cs: 1125 - Retrieving features of type [CoordSys] from 4310转子-3
2026-07-01 17:03:32,409 INFO  ExportHelperExtension.cs: 1136 - Found 35 in 4310转子-3
2026-07-01 17:03:32,409 INFO  ExportHelperExtension.cs: 1145 - Found 0 features of type [CoordSys] in 4310转子-3
2026-07-01 17:03:32,410 INFO  ExportHelperExtension.cs: 1125 - Retrieving features of type [CoordSys] from 4310定子-4
2026-07-01 17:03:32,410 INFO  ExportHelperExtension.cs: 1136 - Found 29 in 4310定子-4
2026-07-01 17:03:32,410 INFO  ExportHelperExtension.cs: 1145 - Found 0 features of type [CoordSys] in 4310定子-4
2026-07-01 17:03:32,410 INFO  ExportHelperExtension.cs: 1125 - Retrieving features of type [CoordSys] from 关节4转关节5 大-1
2026-07-01 17:03:32,411 INFO  ExportHelperExtension.cs: 1136 - Found 40 in 关节4转关节5 大-1
2026-07-01 17:03:32,411 INFO  ExportHelperExtension.cs: 1145 - Found 0 features of type [CoordSys] in 关节4转关节5 大-1
2026-07-01 17:03:32,412 INFO  ExportHelperExtension.cs: 1125 - Retrieving features of type [CoordSys] from 关节3转关节4 大-1
2026-07-01 17:03:32,412 INFO  ExportHelperExtension.cs: 1136 - Found 40 in 关节3转关节4 大-1
2026-07-01 17:03:32,412 INFO  ExportHelperExtension.cs: 1145 - Found 0 features of type [CoordSys] in 关节3转关节4 大-1
2026-07-01 17:03:32,413 INFO  ExportHelperExtension.cs: 1125 - Retrieving features of type [CoordSys] from 4340p转子-1
2026-07-01 17:03:32,413 INFO  ExportHelperExtension.cs: 1136 - Found 33 in 4340p转子-1
2026-07-01 17:03:32,413 INFO  ExportHelperExtension.cs: 1145 - Found 0 features of type [CoordSys] in 4340p转子-1
2026-07-01 17:03:32,413 INFO  ExportHelperExtension.cs: 1125 - Retrieving features of type [CoordSys] from 轴承-2
2026-07-01 17:03:32,413 INFO  ExportHelperExtension.cs: 1136 - Found 40 in 轴承-2
2026-07-01 17:03:32,415 INFO  ExportHelperExtension.cs: 1145 - Found 0 features of type [CoordSys] in 轴承-2
2026-07-01 17:03:32,415 INFO  ExportHelperExtension.cs: 1125 - Retrieving features of type [CoordSys] from 关节3转关节4 小-1
2026-07-01 17:03:32,415 INFO  ExportHelperExtension.cs: 1136 - Found 40 in 关节3转关节4 小-1
2026-07-01 17:03:32,415 INFO  ExportHelperExtension.cs: 1145 - Found 0 features of type [CoordSys] in 关节3转关节4 小-1
2026-07-01 17:03:32,415 INFO  ExportHelperExtension.cs: 1125 - Retrieving features of type [CoordSys] from 4340p定子-1
2026-07-01 17:03:32,416 INFO  ExportHelperExtension.cs: 1136 - Found 45 in 4340p定子-1
2026-07-01 17:03:32,416 INFO  ExportHelperExtension.cs: 1145 - Found 0 features of type [CoordSys] in 4340p定子-1
2026-07-01 17:03:32,416 INFO  ExportHelperExtension.cs: 1125 - Retrieving features of type [CoordSys] from 4310定子-3
2026-07-01 17:03:32,416 INFO  ExportHelperExtension.cs: 1136 - Found 29 in 4310定子-3
2026-07-01 17:03:32,417 INFO  ExportHelperExtension.cs: 1145 - Found 0 features of type [CoordSys] in 4310定子-3
2026-07-01 17:03:32,417 INFO  ExportHelperExtension.cs: 1125 - Retrieving features of type [CoordSys] from 轴承-3
2026-07-01 17:03:32,417 INFO  ExportHelperExtension.cs: 1136 - Found 40 in 轴承-3
2026-07-01 17:03:32,417 INFO  ExportHelperExtension.cs: 1145 - Found 0 features of type [CoordSys] in 轴承-3
2026-07-01 17:03:32,417 INFO  ExportHelperExtension.cs: 1125 - Retrieving features of type [CoordSys] from 关节5转关节6 大-1
2026-07-01 17:03:32,418 INFO  ExportHelperExtension.cs: 1136 - Found 40 in 关节5转关节6 大-1
2026-07-01 17:03:32,418 INFO  ExportHelperExtension.cs: 1145 - Found 0 features of type [CoordSys] in 关节5转关节6 大-1
2026-07-01 17:03:32,418 INFO  ExportHelperExtension.cs: 1125 - Retrieving features of type [CoordSys] from 关节5转关节6 小最新版-1
2026-07-01 17:03:32,418 INFO  ExportHelperExtension.cs: 1136 - Found 40 in 关节5转关节6 小最新版-1
2026-07-01 17:03:32,418 INFO  ExportHelperExtension.cs: 1145 - Found 0 features of type [CoordSys] in 关节5转关节6 小最新版-1
2026-07-01 17:03:32,420 INFO  ExportHelperExtension.cs: 1125 - Retrieving features of type [CoordSys] from 4310定子-5
2026-07-01 17:03:32,420 INFO  ExportHelperExtension.cs: 1136 - Found 29 in 4310定子-5
2026-07-01 17:03:32,420 INFO  ExportHelperExtension.cs: 1145 - Found 0 features of type [CoordSys] in 4310定子-5
2026-07-01 17:03:32,420 INFO  ExportHelperExtension.cs: 1125 - Retrieving features of type [CoordSys] from 4310转子-4
2026-07-01 17:03:32,421 INFO  ExportHelperExtension.cs: 1136 - Found 35 in 4310转子-4
2026-07-01 17:03:32,421 INFO  ExportHelperExtension.cs: 1145 - Found 0 features of type [CoordSys] in 4310转子-4
2026-07-01 17:03:32,421 INFO  ExportHelperExtension.cs: 1125 - Retrieving features of type [CoordSys] from 末端指示带圆球最新-1
2026-07-01 17:03:32,421 INFO  ExportHelperExtension.cs: 1136 - Found 29 in 末端指示带圆球最新-1
2026-07-01 17:03:32,422 INFO  ExportHelperExtension.cs: 1145 - Found 0 features of type [CoordSys] in 末端指示带圆球最新-1
2026-07-01 17:03:32,422 INFO  ExportHelperExtension.cs: 1125 - Retrieving features of type [CoordSys] from 4310转子-5
2026-07-01 17:03:32,422 INFO  ExportHelperExtension.cs: 1136 - Found 35 in 4310转子-5
2026-07-01 17:03:32,422 INFO  ExportHelperExtension.cs: 1145 - Found 0 features of type [CoordSys] in 4310转子-5
2026-07-01 17:03:32,422 INFO  ExportHelperExtension.cs: 1125 - Retrieving features of type [CoordSys] from 4310转子-2
2026-07-01 17:03:32,423 INFO  ExportHelperExtension.cs: 1136 - Found 35 in 4310转子-2
2026-07-01 17:03:32,423 INFO  ExportHelperExtension.cs: 1145 - Found 0 features of type [CoordSys] in 4310转子-2
2026-07-01 17:03:32,423 INFO  ExportHelperExtension.cs: 1125 - Retrieving features of type [CoordSys] from 大底座-1
2026-07-01 17:03:32,423 INFO  ExportHelperExtension.cs: 1136 - Found 40 in 大底座-1
2026-07-01 17:03:32,424 INFO  ExportHelperExtension.cs: 1145 - Found 0 features of type [CoordSys] in 大底座-1
2026-07-01 17:03:32,424 INFO  ExportHelperExtension.cs: 1125 - Retrieving features of type [CoordSys] from 关节1保护-2
2026-07-01 17:03:32,424 INFO  ExportHelperExtension.cs: 1136 - Found 28 in 关节1保护-2
2026-07-01 17:03:32,425 INFO  ExportHelperExtension.cs: 1145 - Found 0 features of type [CoordSys] in 关节1保护-2
2026-07-01 17:03:32,425 INFO  ExportHelperExtension.cs: 1125 - Retrieving features of type [CoordSys] from 关节1转关节2底座-1
2026-07-01 17:03:32,425 INFO  ExportHelperExtension.cs: 1136 - Found 40 in 关节1转关节2底座-1
2026-07-01 17:03:32,425 INFO  ExportHelperExtension.cs: 1145 - Found 0 features of type [CoordSys] in 关节1转关节2底座-1
2026-07-01 17:03:32,426 INFO  ExportHelperExtension.cs: 1125 - Retrieving features of type [CoordSys] from 4340定子-1
2026-07-01 17:03:32,426 INFO  ExportHelperExtension.cs: 1136 - Found 45 in 4340定子-1
2026-07-01 17:03:32,426 INFO  ExportHelperExtension.cs: 1145 - Found 0 features of type [CoordSys] in 4340定子-1
2026-07-01 17:03:32,427 INFO  ExportHelperExtension.cs: 1125 - Retrieving features of type [CoordSys] from 4340转子-1
2026-07-01 17:03:32,427 INFO  ExportHelperExtension.cs: 1136 - Found 35 in 4340转子-1
2026-07-01 17:03:32,427 INFO  ExportHelperExtension.cs: 1145 - Found 0 features of type [CoordSys] in 4340转子-1
2026-07-01 17:03:32,428 INFO  ExportHelperExtension.cs: 1125 - Retrieving features of type [CoordSys] from 4310定子-2
2026-07-01 17:03:32,428 INFO  ExportHelperExtension.cs: 1136 - Found 29 in 4310定子-2
2026-07-01 17:03:32,428 INFO  ExportHelperExtension.cs: 1145 - Found 0 features of type [CoordSys] in 4310定子-2
2026-07-01 17:03:32,428 INFO  ExportHelperExtension.cs: 1125 - Retrieving features of type [CoordSys] from 关节2转关节3 大-1
2026-07-01 17:03:32,430 INFO  ExportHelperExtension.cs: 1136 - Found 28 in 关节2转关节3 大-1
2026-07-01 17:03:32,430 INFO  ExportHelperExtension.cs: 1145 - Found 0 features of type [CoordSys] in 关节2转关节3 大-1
2026-07-01 17:03:32,430 INFO  ExportHelperExtension.cs: 1125 - Retrieving features of type [CoordSys] from 轴承-1
2026-07-01 17:03:32,430 INFO  ExportHelperExtension.cs: 1136 - Found 40 in 轴承-1
2026-07-01 17:03:32,431 INFO  ExportHelperExtension.cs: 1145 - Found 0 features of type [CoordSys] in 轴承-1
2026-07-01 17:03:32,431 INFO  ExportHelperExtension.cs: 1125 - Retrieving features of type [CoordSys] from 关节2转关节3 小-1
2026-07-01 17:03:32,431 INFO  ExportHelperExtension.cs: 1136 - Found 40 in 关节2转关节3 小-1
2026-07-01 17:03:32,432 INFO  ExportHelperExtension.cs: 1145 - Found 0 features of type [CoordSys] in 关节2转关节3 小-1
2026-07-01 17:03:32,432 INFO  ExportHelperExtension.cs: 1125 - Retrieving features of type [CoordSys] from 关节4转关节5 小-2
2026-07-01 17:03:32,432 INFO  ExportHelperExtension.cs: 1136 - Found 28 in 关节4转关节5 小-2
2026-07-01 17:03:32,433 INFO  ExportHelperExtension.cs: 1145 - Found 0 features of type [CoordSys] in 关节4转关节5 小-2
2026-07-01 17:03:32,433 INFO  ExportHelperExtension.cs: 1125 - Retrieving features of type [RefAxis] from Coucouarm_v5.SLDASM
2026-07-01 17:03:32,433 INFO  ExportHelperExtension.cs: 1136 - Found 162 in Coucouarm_v5.SLDASM
2026-07-01 17:03:32,434 INFO  ExportHelperExtension.cs: 1145 - Found 7 features of type [RefAxis] in Coucouarm_v5.SLDASM
2026-07-01 17:03:32,434 INFO  ExportHelperExtension.cs: 1148 - Proceeding through assembly components
2026-07-01 17:03:32,435 INFO  ExportHelperExtension.cs: 1160 - 27 components to check
2026-07-01 17:03:32,435 INFO  ExportHelperExtension.cs: 1125 - Retrieving features of type [RefAxis] from 4310转子-3
2026-07-01 17:03:32,435 INFO  ExportHelperExtension.cs: 1136 - Found 35 in 4310转子-3
2026-07-01 17:03:32,435 INFO  ExportHelperExtension.cs: 1145 - Found 0 features of type [RefAxis] in 4310转子-3
2026-07-01 17:03:32,435 INFO  ExportHelperExtension.cs: 1125 - Retrieving features of type [RefAxis] from 4310定子-4
2026-07-01 17:03:32,436 INFO  ExportHelperExtension.cs: 1136 - Found 29 in 4310定子-4
2026-07-01 17:03:32,436 INFO  ExportHelperExtension.cs: 1145 - Found 0 features of type [RefAxis] in 4310定子-4
2026-07-01 17:03:32,436 INFO  ExportHelperExtension.cs: 1125 - Retrieving features of type [RefAxis] from 关节4转关节5 大-1
2026-07-01 17:03:32,437 INFO  ExportHelperExtension.cs: 1136 - Found 40 in 关节4转关节5 大-1
2026-07-01 17:03:32,437 INFO  ExportHelperExtension.cs: 1145 - Found 0 features of type [RefAxis] in 关节4转关节5 大-1
2026-07-01 17:03:32,437 INFO  ExportHelperExtension.cs: 1125 - Retrieving features of type [RefAxis] from 关节3转关节4 大-1
2026-07-01 17:03:32,438 INFO  ExportHelperExtension.cs: 1136 - Found 40 in 关节3转关节4 大-1
2026-07-01 17:03:32,438 INFO  ExportHelperExtension.cs: 1145 - Found 0 features of type [RefAxis] in 关节3转关节4 大-1
2026-07-01 17:03:32,438 INFO  ExportHelperExtension.cs: 1125 - Retrieving features of type [RefAxis] from 4340p转子-1
2026-07-01 17:03:32,438 INFO  ExportHelperExtension.cs: 1136 - Found 33 in 4340p转子-1
2026-07-01 17:03:32,438 INFO  ExportHelperExtension.cs: 1145 - Found 0 features of type [RefAxis] in 4340p转子-1
2026-07-01 17:03:32,438 INFO  ExportHelperExtension.cs: 1125 - Retrieving features of type [RefAxis] from 轴承-2
2026-07-01 17:03:32,439 INFO  ExportHelperExtension.cs: 1136 - Found 40 in 轴承-2
2026-07-01 17:03:32,439 INFO  ExportHelperExtension.cs: 1145 - Found 0 features of type [RefAxis] in 轴承-2
2026-07-01 17:03:32,439 INFO  ExportHelperExtension.cs: 1125 - Retrieving features of type [RefAxis] from 关节3转关节4 小-1
2026-07-01 17:03:32,440 INFO  ExportHelperExtension.cs: 1136 - Found 40 in 关节3转关节4 小-1
2026-07-01 17:03:32,440 INFO  ExportHelperExtension.cs: 1145 - Found 0 features of type [RefAxis] in 关节3转关节4 小-1
2026-07-01 17:03:32,440 INFO  ExportHelperExtension.cs: 1125 - Retrieving features of type [RefAxis] from 4340p定子-1
2026-07-01 17:03:32,440 INFO  ExportHelperExtension.cs: 1136 - Found 45 in 4340p定子-1
2026-07-01 17:03:32,442 INFO  ExportHelperExtension.cs: 1145 - Found 0 features of type [RefAxis] in 4340p定子-1
2026-07-01 17:03:32,442 INFO  ExportHelperExtension.cs: 1125 - Retrieving features of type [RefAxis] from 4310定子-3
2026-07-01 17:03:32,442 INFO  ExportHelperExtension.cs: 1136 - Found 29 in 4310定子-3
2026-07-01 17:03:32,443 INFO  ExportHelperExtension.cs: 1145 - Found 0 features of type [RefAxis] in 4310定子-3
2026-07-01 17:03:32,443 INFO  ExportHelperExtension.cs: 1125 - Retrieving features of type [RefAxis] from 轴承-3
2026-07-01 17:03:32,443 INFO  ExportHelperExtension.cs: 1136 - Found 40 in 轴承-3
2026-07-01 17:03:32,443 INFO  ExportHelperExtension.cs: 1145 - Found 0 features of type [RefAxis] in 轴承-3
2026-07-01 17:03:32,444 INFO  ExportHelperExtension.cs: 1125 - Retrieving features of type [RefAxis] from 关节5转关节6 大-1
2026-07-01 17:03:32,444 INFO  ExportHelperExtension.cs: 1136 - Found 40 in 关节5转关节6 大-1
2026-07-01 17:03:32,444 INFO  ExportHelperExtension.cs: 1145 - Found 0 features of type [RefAxis] in 关节5转关节6 大-1
2026-07-01 17:03:32,445 INFO  ExportHelperExtension.cs: 1125 - Retrieving features of type [RefAxis] from 关节5转关节6 小最新版-1
2026-07-01 17:03:32,445 INFO  ExportHelperExtension.cs: 1136 - Found 40 in 关节5转关节6 小最新版-1
2026-07-01 17:03:32,445 INFO  ExportHelperExtension.cs: 1145 - Found 0 features of type [RefAxis] in 关节5转关节6 小最新版-1
2026-07-01 17:03:32,445 INFO  ExportHelperExtension.cs: 1125 - Retrieving features of type [RefAxis] from 4310定子-5
2026-07-01 17:03:32,446 INFO  ExportHelperExtension.cs: 1136 - Found 29 in 4310定子-5
2026-07-01 17:03:32,446 INFO  ExportHelperExtension.cs: 1145 - Found 0 features of type [RefAxis] in 4310定子-5
2026-07-01 17:03:32,449 INFO  ExportHelperExtension.cs: 1125 - Retrieving features of type [RefAxis] from 4310转子-4
2026-07-01 17:03:32,578 INFO  ExportHelperExtension.cs: 1136 - Found 35 in 4310转子-4
2026-07-01 17:03:32,578 INFO  ExportHelperExtension.cs: 1145 - Found 0 features of type [RefAxis] in 4310转子-4
2026-07-01 17:03:32,579 INFO  ExportHelperExtension.cs: 1125 - Retrieving features of type [RefAxis] from 末端指示带圆球最新-1
2026-07-01 17:03:32,579 INFO  ExportHelperExtension.cs: 1136 - Found 29 in 末端指示带圆球最新-1
2026-07-01 17:03:32,579 INFO  ExportHelperExtension.cs: 1145 - Found 0 features of type [RefAxis] in 末端指示带圆球最新-1
2026-07-01 17:03:32,579 INFO  ExportHelperExtension.cs: 1125 - Retrieving features of type [RefAxis] from 4310转子-5
2026-07-01 17:03:32,581 INFO  ExportHelperExtension.cs: 1136 - Found 35 in 4310转子-5
2026-07-01 17:03:32,581 INFO  ExportHelperExtension.cs: 1145 - Found 0 features of type [RefAxis] in 4310转子-5
2026-07-01 17:03:32,581 INFO  ExportHelperExtension.cs: 1125 - Retrieving features of type [RefAxis] from 4310转子-2
2026-07-01 17:03:32,581 INFO  ExportHelperExtension.cs: 1136 - Found 35 in 4310转子-2
2026-07-01 17:03:32,582 INFO  ExportHelperExtension.cs: 1145 - Found 0 features of type [RefAxis] in 4310转子-2
2026-07-01 17:03:32,582 INFO  ExportHelperExtension.cs: 1125 - Retrieving features of type [RefAxis] from 大底座-1
2026-07-01 17:03:32,582 INFO  ExportHelperExtension.cs: 1136 - Found 40 in 大底座-1
2026-07-01 17:03:32,583 INFO  ExportHelperExtension.cs: 1145 - Found 0 features of type [RefAxis] in 大底座-1
2026-07-01 17:03:32,583 INFO  ExportHelperExtension.cs: 1125 - Retrieving features of type [RefAxis] from 关节1保护-2
2026-07-01 17:03:32,583 INFO  ExportHelperExtension.cs: 1136 - Found 28 in 关节1保护-2
2026-07-01 17:03:32,583 INFO  ExportHelperExtension.cs: 1145 - Found 0 features of type [RefAxis] in 关节1保护-2
2026-07-01 17:03:32,584 INFO  ExportHelperExtension.cs: 1125 - Retrieving features of type [RefAxis] from 关节1转关节2底座-1
2026-07-01 17:03:32,584 INFO  ExportHelperExtension.cs: 1136 - Found 40 in 关节1转关节2底座-1
2026-07-01 17:03:32,584 INFO  ExportHelperExtension.cs: 1145 - Found 0 features of type [RefAxis] in 关节1转关节2底座-1
2026-07-01 17:03:32,585 INFO  ExportHelperExtension.cs: 1125 - Retrieving features of type [RefAxis] from 4340定子-1
2026-07-01 17:03:32,585 INFO  ExportHelperExtension.cs: 1136 - Found 45 in 4340定子-1
2026-07-01 17:03:32,585 INFO  ExportHelperExtension.cs: 1145 - Found 0 features of type [RefAxis] in 4340定子-1
2026-07-01 17:03:32,585 INFO  ExportHelperExtension.cs: 1125 - Retrieving features of type [RefAxis] from 4340转子-1
2026-07-01 17:03:32,586 INFO  ExportHelperExtension.cs: 1136 - Found 35 in 4340转子-1
2026-07-01 17:03:32,586 INFO  ExportHelperExtension.cs: 1145 - Found 0 features of type [RefAxis] in 4340转子-1
2026-07-01 17:03:32,587 INFO  ExportHelperExtension.cs: 1125 - Retrieving features of type [RefAxis] from 4310定子-2
2026-07-01 17:03:32,587 INFO  ExportHelperExtension.cs: 1136 - Found 29 in 4310定子-2
2026-07-01 17:03:32,587 INFO  ExportHelperExtension.cs: 1145 - Found 0 features of type [RefAxis] in 4310定子-2
2026-07-01 17:03:32,588 INFO  ExportHelperExtension.cs: 1125 - Retrieving features of type [RefAxis] from 关节2转关节3 大-1
2026-07-01 17:03:32,588 INFO  ExportHelperExtension.cs: 1136 - Found 28 in 关节2转关节3 大-1
2026-07-01 17:03:32,588 INFO  ExportHelperExtension.cs: 1145 - Found 0 features of type [RefAxis] in 关节2转关节3 大-1
2026-07-01 17:03:32,588 INFO  ExportHelperExtension.cs: 1125 - Retrieving features of type [RefAxis] from 轴承-1
2026-07-01 17:03:32,589 INFO  ExportHelperExtension.cs: 1136 - Found 40 in 轴承-1
2026-07-01 17:03:32,589 INFO  ExportHelperExtension.cs: 1145 - Found 0 features of type [RefAxis] in 轴承-1
2026-07-01 17:03:32,589 INFO  ExportHelperExtension.cs: 1125 - Retrieving features of type [RefAxis] from 关节2转关节3 小-1
2026-07-01 17:03:32,590 INFO  ExportHelperExtension.cs: 1136 - Found 40 in 关节2转关节3 小-1
2026-07-01 17:03:32,590 INFO  ExportHelperExtension.cs: 1145 - Found 0 features of type [RefAxis] in 关节2转关节3 小-1
2026-07-01 17:03:32,590 INFO  ExportHelperExtension.cs: 1125 - Retrieving features of type [RefAxis] from 关节4转关节5 小-2
2026-07-01 17:03:32,590 INFO  ExportHelperExtension.cs: 1136 - Found 28 in 关节4转关节5 小-2
2026-07-01 17:03:32,591 INFO  ExportHelperExtension.cs: 1145 - Found 0 features of type [RefAxis] in 关节4转关节5 小-2
2026-07-01 17:03:32,650 INFO  SwAddin.cs: 339 - Loading config tree
2026-07-01 17:03:32,651 INFO  ExportPropertyManagerExtension.cs: 520 - Starting new configuration
2026-07-01 17:03:32,653 INFO  SwAddin.cs: 344 - Showing property manager
2026-07-01 17:03:50,419 INFO  ExportPropertyManager.cs: 1142 - AfterClose called. This method no longer throws an Exception. It just silently does nothing. Ok, except for this logging message
2026-07-01 17:06:31,605 INFO  SwAddin.cs: 294 - Assembly export called for file Coucouarm_v5.SLDASM
2026-07-01 17:06:59,791 INFO  SwAddin.cs: 313 - Saving assembly
2026-07-01 17:07:03,482 INFO  SwAddin.cs: 316 - Opening property manager
2026-07-01 17:07:03,484 INFO  ExportHelperExtension.cs: 1125 - Retrieving features of type [CoordSys] from Coucouarm_v5.SLDASM
2026-07-01 17:07:03,485 INFO  ExportHelperExtension.cs: 1136 - Found 162 in Coucouarm_v5.SLDASM
2026-07-01 17:07:03,486 INFO  ExportHelperExtension.cs: 1145 - Found 7 features of type [CoordSys] in Coucouarm_v5.SLDASM
2026-07-01 17:07:03,486 INFO  ExportHelperExtension.cs: 1148 - Proceeding through assembly components
2026-07-01 17:07:03,486 INFO  ExportHelperExtension.cs: 1160 - 27 components to check
2026-07-01 17:07:03,487 INFO  ExportHelperExtension.cs: 1125 - Retrieving features of type [CoordSys] from 4340定子-1
2026-07-01 17:07:03,487 INFO  ExportHelperExtension.cs: 1136 - Found 45 in 4340定子-1
2026-07-01 17:07:03,487 INFO  ExportHelperExtension.cs: 1145 - Found 0 features of type [CoordSys] in 4340定子-1
2026-07-01 17:07:03,488 INFO  ExportHelperExtension.cs: 1125 - Retrieving features of type [CoordSys] from 轴承-1
2026-07-01 17:07:03,488 INFO  ExportHelperExtension.cs: 1136 - Found 40 in 轴承-1
2026-07-01 17:07:03,488 INFO  ExportHelperExtension.cs: 1145 - Found 0 features of type [CoordSys] in 轴承-1
2026-07-01 17:07:03,489 INFO  ExportHelperExtension.cs: 1125 - Retrieving features of type [CoordSys] from 关节1保护-2
2026-07-01 17:07:03,489 INFO  ExportHelperExtension.cs: 1136 - Found 28 in 关节1保护-2
2026-07-01 17:07:03,489 INFO  ExportHelperExtension.cs: 1145 - Found 0 features of type [CoordSys] in 关节1保护-2
2026-07-01 17:07:03,489 INFO  ExportHelperExtension.cs: 1125 - Retrieving features of type [CoordSys] from 4310定子-2
2026-07-01 17:07:03,490 INFO  ExportHelperExtension.cs: 1136 - Found 29 in 4310定子-2
2026-07-01 17:07:03,490 INFO  ExportHelperExtension.cs: 1145 - Found 0 features of type [CoordSys] in 4310定子-2
2026-07-01 17:07:03,490 INFO  ExportHelperExtension.cs: 1125 - Retrieving features of type [CoordSys] from 大底座-1
2026-07-01 17:07:03,491 INFO  ExportHelperExtension.cs: 1136 - Found 40 in 大底座-1
2026-07-01 17:07:03,491 INFO  ExportHelperExtension.cs: 1145 - Found 0 features of type [CoordSys] in 大底座-1
2026-07-01 17:07:03,491 INFO  ExportHelperExtension.cs: 1125 - Retrieving features of type [CoordSys] from 4310转子-2
2026-07-01 17:07:03,491 INFO  ExportHelperExtension.cs: 1136 - Found 35 in 4310转子-2
2026-07-01 17:07:03,492 INFO  ExportHelperExtension.cs: 1145 - Found 0 features of type [CoordSys] in 4310转子-2
2026-07-01 17:07:03,492 INFO  ExportHelperExtension.cs: 1125 - Retrieving features of type [CoordSys] from 关节1转关节2底座-1
2026-07-01 17:07:03,492 INFO  ExportHelperExtension.cs: 1136 - Found 40 in 关节1转关节2底座-1
2026-07-01 17:07:03,493 INFO  ExportHelperExtension.cs: 1145 - Found 0 features of type [CoordSys] in 关节1转关节2底座-1
2026-07-01 17:07:03,493 INFO  ExportHelperExtension.cs: 1125 - Retrieving features of type [CoordSys] from 4340转子-1
2026-07-01 17:07:03,493 INFO  ExportHelperExtension.cs: 1136 - Found 35 in 4340转子-1
2026-07-01 17:07:03,494 INFO  ExportHelperExtension.cs: 1145 - Found 0 features of type [CoordSys] in 4340转子-1
2026-07-01 17:07:03,494 INFO  ExportHelperExtension.cs: 1125 - Retrieving features of type [CoordSys] from 关节2转关节3 大-1
2026-07-01 17:07:03,494 INFO  ExportHelperExtension.cs: 1136 - Found 28 in 关节2转关节3 大-1
2026-07-01 17:07:03,494 INFO  ExportHelperExtension.cs: 1145 - Found 0 features of type [CoordSys] in 关节2转关节3 大-1
2026-07-01 17:07:03,495 INFO  ExportHelperExtension.cs: 1125 - Retrieving features of type [CoordSys] from 关节3转关节4 小-1
2026-07-01 17:07:03,495 INFO  ExportHelperExtension.cs: 1136 - Found 40 in 关节3转关节4 小-1
2026-07-01 17:07:03,495 INFO  ExportHelperExtension.cs: 1145 - Found 0 features of type [CoordSys] in 关节3转关节4 小-1
2026-07-01 17:07:03,495 INFO  ExportHelperExtension.cs: 1125 - Retrieving features of type [CoordSys] from 关节4转关节5 大-1
2026-07-01 17:07:03,496 INFO  ExportHelperExtension.cs: 1136 - Found 40 in 关节4转关节5 大-1
2026-07-01 17:07:03,496 INFO  ExportHelperExtension.cs: 1145 - Found 0 features of type [CoordSys] in 关节4转关节5 大-1
2026-07-01 17:07:03,496 INFO  ExportHelperExtension.cs: 1125 - Retrieving features of type [CoordSys] from 关节2转关节3 小-1
2026-07-01 17:07:03,497 INFO  ExportHelperExtension.cs: 1136 - Found 40 in 关节2转关节3 小-1
2026-07-01 17:07:03,497 INFO  ExportHelperExtension.cs: 1145 - Found 0 features of type [CoordSys] in 关节2转关节3 小-1
2026-07-01 17:07:03,497 INFO  ExportHelperExtension.cs: 1125 - Retrieving features of type [CoordSys] from 4340p转子-1
2026-07-01 17:07:03,498 INFO  ExportHelperExtension.cs: 1136 - Found 33 in 4340p转子-1
2026-07-01 17:07:03,498 INFO  ExportHelperExtension.cs: 1145 - Found 0 features of type [CoordSys] in 4340p转子-1
2026-07-01 17:07:03,498 INFO  ExportHelperExtension.cs: 1125 - Retrieving features of type [CoordSys] from 关节3转关节4 大-1
2026-07-01 17:07:03,499 INFO  ExportHelperExtension.cs: 1136 - Found 40 in 关节3转关节4 大-1
2026-07-01 17:07:03,499 INFO  ExportHelperExtension.cs: 1145 - Found 0 features of type [CoordSys] in 关节3转关节4 大-1
2026-07-01 17:07:03,499 INFO  ExportHelperExtension.cs: 1125 - Retrieving features of type [CoordSys] from 4340p定子-1
2026-07-01 17:07:03,500 INFO  ExportHelperExtension.cs: 1136 - Found 45 in 4340p定子-1
2026-07-01 17:07:03,500 INFO  ExportHelperExtension.cs: 1145 - Found 0 features of type [CoordSys] in 4340p定子-1
2026-07-01 17:07:03,500 INFO  ExportHelperExtension.cs: 1125 - Retrieving features of type [CoordSys] from 4310转子-3
2026-07-01 17:07:03,500 INFO  ExportHelperExtension.cs: 1136 - Found 35 in 4310转子-3
2026-07-01 17:07:03,501 INFO  ExportHelperExtension.cs: 1145 - Found 0 features of type [CoordSys] in 4310转子-3
2026-07-01 17:07:03,501 INFO  ExportHelperExtension.cs: 1125 - Retrieving features of type [CoordSys] from 4310定子-3
2026-07-01 17:07:03,501 INFO  ExportHelperExtension.cs: 1136 - Found 29 in 4310定子-3
2026-07-01 17:07:03,501 INFO  ExportHelperExtension.cs: 1145 - Found 0 features of type [CoordSys] in 4310定子-3
2026-07-01 17:07:03,502 INFO  ExportHelperExtension.cs: 1125 - Retrieving features of type [CoordSys] from 关节4转关节5 小-2
2026-07-01 17:07:03,502 INFO  ExportHelperExtension.cs: 1136 - Found 28 in 关节4转关节5 小-2
2026-07-01 17:07:03,502 INFO  ExportHelperExtension.cs: 1145 - Found 0 features of type [CoordSys] in 关节4转关节5 小-2
2026-07-01 17:07:03,504 INFO  ExportHelperExtension.cs: 1125 - Retrieving features of type [CoordSys] from 轴承-2
2026-07-01 17:07:03,504 INFO  ExportHelperExtension.cs: 1136 - Found 40 in 轴承-2
2026-07-01 17:07:03,504 INFO  ExportHelperExtension.cs: 1145 - Found 0 features of type [CoordSys] in 轴承-2
2026-07-01 17:07:03,504 INFO  ExportHelperExtension.cs: 1125 - Retrieving features of type [CoordSys] from 4310定子-4
2026-07-01 17:07:03,505 INFO  ExportHelperExtension.cs: 1136 - Found 29 in 4310定子-4
2026-07-01 17:07:03,505 INFO  ExportHelperExtension.cs: 1145 - Found 0 features of type [CoordSys] in 4310定子-4
2026-07-01 17:07:03,505 INFO  ExportHelperExtension.cs: 1125 - Retrieving features of type [CoordSys] from 关节5转关节6 大-1
2026-07-01 17:07:03,506 INFO  ExportHelperExtension.cs: 1136 - Found 40 in 关节5转关节6 大-1
2026-07-01 17:07:03,506 INFO  ExportHelperExtension.cs: 1145 - Found 0 features of type [CoordSys] in 关节5转关节6 大-1
2026-07-01 17:07:03,506 INFO  ExportHelperExtension.cs: 1125 - Retrieving features of type [CoordSys] from 关节5转关节6 小最新版-1
2026-07-01 17:07:03,506 INFO  ExportHelperExtension.cs: 1136 - Found 40 in 关节5转关节6 小最新版-1
2026-07-01 17:07:03,507 INFO  ExportHelperExtension.cs: 1145 - Found 0 features of type [CoordSys] in 关节5转关节6 小最新版-1
2026-07-01 17:07:03,507 INFO  ExportHelperExtension.cs: 1125 - Retrieving features of type [CoordSys] from 4310转子-4
2026-07-01 17:07:03,507 INFO  ExportHelperExtension.cs: 1136 - Found 35 in 4310转子-4
2026-07-01 17:07:03,508 INFO  ExportHelperExtension.cs: 1145 - Found 0 features of type [CoordSys] in 4310转子-4
2026-07-01 17:07:03,508 INFO  ExportHelperExtension.cs: 1125 - Retrieving features of type [CoordSys] from 4310转子-5
2026-07-01 17:07:03,514 INFO  ExportHelperExtension.cs: 1136 - Found 35 in 4310转子-5
2026-07-01 17:07:03,514 INFO  ExportHelperExtension.cs: 1145 - Found 0 features of type [CoordSys] in 4310转子-5
2026-07-01 17:07:03,515 INFO  ExportHelperExtension.cs: 1125 - Retrieving features of type [CoordSys] from 轴承-3
2026-07-01 17:07:03,861 INFO  ExportHelperExtension.cs: 1136 - Found 40 in 轴承-3
2026-07-01 17:07:03,862 INFO  ExportHelperExtension.cs: 1145 - Found 0 features of type [CoordSys] in 轴承-3
2026-07-01 17:07:03,862 INFO  ExportHelperExtension.cs: 1125 - Retrieving features of type [CoordSys] from 4310定子-5
2026-07-01 17:07:03,863 INFO  ExportHelperExtension.cs: 1136 - Found 29 in 4310定子-5
2026-07-01 17:07:03,863 INFO  ExportHelperExtension.cs: 1145 - Found 0 features of type [CoordSys] in 4310定子-5
2026-07-01 17:07:03,863 INFO  ExportHelperExtension.cs: 1125 - Retrieving features of type [CoordSys] from 末端指示带圆球最新-1
2026-07-01 17:07:03,863 INFO  ExportHelperExtension.cs: 1136 - Found 29 in 末端指示带圆球最新-1
2026-07-01 17:07:03,864 INFO  ExportHelperExtension.cs: 1145 - Found 0 features of type [CoordSys] in 末端指示带圆球最新-1
2026-07-01 17:07:03,864 INFO  ExportHelperExtension.cs: 1125 - Retrieving features of type [RefAxis] from Coucouarm_v5.SLDASM
2026-07-01 17:07:03,864 INFO  ExportHelperExtension.cs: 1136 - Found 162 in Coucouarm_v5.SLDASM
2026-07-01 17:07:03,865 INFO  ExportHelperExtension.cs: 1145 - Found 7 features of type [RefAxis] in Coucouarm_v5.SLDASM
2026-07-01 17:07:03,866 INFO  ExportHelperExtension.cs: 1148 - Proceeding through assembly components
2026-07-01 17:07:03,866 INFO  ExportHelperExtension.cs: 1160 - 27 components to check
2026-07-01 17:07:03,867 INFO  ExportHelperExtension.cs: 1125 - Retrieving features of type [RefAxis] from 4340定子-1
2026-07-01 17:07:03,867 INFO  ExportHelperExtension.cs: 1136 - Found 45 in 4340定子-1
2026-07-01 17:07:03,867 INFO  ExportHelperExtension.cs: 1145 - Found 0 features of type [RefAxis] in 4340定子-1
2026-07-01 17:07:03,868 INFO  ExportHelperExtension.cs: 1125 - Retrieving features of type [RefAxis] from 轴承-1
2026-07-01 17:07:03,868 INFO  ExportHelperExtension.cs: 1136 - Found 40 in 轴承-1
2026-07-01 17:07:03,868 INFO  ExportHelperExtension.cs: 1145 - Found 0 features of type [RefAxis] in 轴承-1
2026-07-01 17:07:03,868 INFO  ExportHelperExtension.cs: 1125 - Retrieving features of type [RefAxis] from 关节1保护-2
2026-07-01 17:07:03,869 INFO  ExportHelperExtension.cs: 1136 - Found 28 in 关节1保护-2
2026-07-01 17:07:03,869 INFO  ExportHelperExtension.cs: 1145 - Found 0 features of type [RefAxis] in 关节1保护-2
2026-07-01 17:07:03,870 INFO  ExportHelperExtension.cs: 1125 - Retrieving features of type [RefAxis] from 4310定子-2
2026-07-01 17:07:03,870 INFO  ExportHelperExtension.cs: 1136 - Found 29 in 4310定子-2
2026-07-01 17:07:03,870 INFO  ExportHelperExtension.cs: 1145 - Found 0 features of type [RefAxis] in 4310定子-2
2026-07-01 17:07:03,870 INFO  ExportHelperExtension.cs: 1125 - Retrieving features of type [RefAxis] from 大底座-1
2026-07-01 17:07:03,871 INFO  ExportHelperExtension.cs: 1136 - Found 40 in 大底座-1
2026-07-01 17:07:03,871 INFO  ExportHelperExtension.cs: 1145 - Found 0 features of type [RefAxis] in 大底座-1
2026-07-01 17:07:03,871 INFO  ExportHelperExtension.cs: 1125 - Retrieving features of type [RefAxis] from 4310转子-2
2026-07-01 17:07:03,872 INFO  ExportHelperExtension.cs: 1136 - Found 35 in 4310转子-2
2026-07-01 17:07:03,872 INFO  ExportHelperExtension.cs: 1145 - Found 0 features of type [RefAxis] in 4310转子-2
2026-07-01 17:07:03,872 INFO  ExportHelperExtension.cs: 1125 - Retrieving features of type [RefAxis] from 关节1转关节2底座-1
2026-07-01 17:07:03,872 INFO  ExportHelperExtension.cs: 1136 - Found 40 in 关节1转关节2底座-1
2026-07-01 17:07:03,873 INFO  ExportHelperExtension.cs: 1145 - Found 0 features of type [RefAxis] in 关节1转关节2底座-1
2026-07-01 17:07:03,873 INFO  ExportHelperExtension.cs: 1125 - Retrieving features of type [RefAxis] from 4340转子-1
2026-07-01 17:07:03,873 INFO  ExportHelperExtension.cs: 1136 - Found 35 in 4340转子-1
2026-07-01 17:07:03,874 INFO  ExportHelperExtension.cs: 1145 - Found 0 features of type [RefAxis] in 4340转子-1
2026-07-01 17:07:03,874 INFO  ExportHelperExtension.cs: 1125 - Retrieving features of type [RefAxis] from 关节2转关节3 大-1
2026-07-01 17:07:03,874 INFO  ExportHelperExtension.cs: 1136 - Found 28 in 关节2转关节3 大-1
2026-07-01 17:07:03,875 INFO  ExportHelperExtension.cs: 1145 - Found 0 features of type [RefAxis] in 关节2转关节3 大-1
2026-07-01 17:07:03,875 INFO  ExportHelperExtension.cs: 1125 - Retrieving features of type [RefAxis] from 关节3转关节4 小-1
2026-07-01 17:07:03,875 INFO  ExportHelperExtension.cs: 1136 - Found 40 in 关节3转关节4 小-1
2026-07-01 17:07:03,875 INFO  ExportHelperExtension.cs: 1145 - Found 0 features of type [RefAxis] in 关节3转关节4 小-1
2026-07-01 17:07:03,876 INFO  ExportHelperExtension.cs: 1125 - Retrieving features of type [RefAxis] from 关节4转关节5 大-1
2026-07-01 17:07:03,876 INFO  ExportHelperExtension.cs: 1136 - Found 40 in 关节4转关节5 大-1
2026-07-01 17:07:03,876 INFO  ExportHelperExtension.cs: 1145 - Found 0 features of type [RefAxis] in 关节4转关节5 大-1
2026-07-01 17:07:03,877 INFO  ExportHelperExtension.cs: 1125 - Retrieving features of type [RefAxis] from 关节2转关节3 小-1
2026-07-01 17:07:03,877 INFO  ExportHelperExtension.cs: 1136 - Found 40 in 关节2转关节3 小-1
2026-07-01 17:07:03,877 INFO  ExportHelperExtension.cs: 1145 - Found 0 features of type [RefAxis] in 关节2转关节3 小-1
2026-07-01 17:07:03,877 INFO  ExportHelperExtension.cs: 1125 - Retrieving features of type [RefAxis] from 4340p转子-1
2026-07-01 17:07:03,878 INFO  ExportHelperExtension.cs: 1136 - Found 33 in 4340p转子-1
2026-07-01 17:07:03,878 INFO  ExportHelperExtension.cs: 1145 - Found 0 features of type [RefAxis] in 4340p转子-1
2026-07-01 17:07:03,878 INFO  ExportHelperExtension.cs: 1125 - Retrieving features of type [RefAxis] from 关节3转关节4 大-1
2026-07-01 17:07:03,879 INFO  ExportHelperExtension.cs: 1136 - Found 40 in 关节3转关节4 大-1
2026-07-01 17:07:03,879 INFO  ExportHelperExtension.cs: 1145 - Found 0 features of type [RefAxis] in 关节3转关节4 大-1
2026-07-01 17:07:03,879 INFO  ExportHelperExtension.cs: 1125 - Retrieving features of type [RefAxis] from 4340p定子-1
2026-07-01 17:07:03,880 INFO  ExportHelperExtension.cs: 1136 - Found 45 in 4340p定子-1
2026-07-01 17:07:03,880 INFO  ExportHelperExtension.cs: 1145 - Found 0 features of type [RefAxis] in 4340p定子-1
2026-07-01 17:07:03,880 INFO  ExportHelperExtension.cs: 1125 - Retrieving features of type [RefAxis] from 4310转子-3
2026-07-01 17:07:03,881 INFO  ExportHelperExtension.cs: 1136 - Found 35 in 4310转子-3
2026-07-01 17:07:03,881 INFO  ExportHelperExtension.cs: 1145 - Found 0 features of type [RefAxis] in 4310转子-3
2026-07-01 17:07:03,881 INFO  ExportHelperExtension.cs: 1125 - Retrieving features of type [RefAxis] from 4310定子-3
2026-07-01 17:07:03,882 INFO  ExportHelperExtension.cs: 1136 - Found 29 in 4310定子-3
2026-07-01 17:07:03,882 INFO  ExportHelperExtension.cs: 1145 - Found 0 features of type [RefAxis] in 4310定子-3
2026-07-01 17:07:03,882 INFO  ExportHelperExtension.cs: 1125 - Retrieving features of type [RefAxis] from 关节4转关节5 小-2
2026-07-01 17:07:03,882 INFO  ExportHelperExtension.cs: 1136 - Found 28 in 关节4转关节5 小-2
2026-07-01 17:07:03,883 INFO  ExportHelperExtension.cs: 1145 - Found 0 features of type [RefAxis] in 关节4转关节5 小-2
2026-07-01 17:07:03,883 INFO  ExportHelperExtension.cs: 1125 - Retrieving features of type [RefAxis] from 轴承-2
2026-07-01 17:07:03,883 INFO  ExportHelperExtension.cs: 1136 - Found 40 in 轴承-2
2026-07-01 17:07:03,884 INFO  ExportHelperExtension.cs: 1145 - Found 0 features of type [RefAxis] in 轴承-2
2026-07-01 17:07:03,884 INFO  ExportHelperExtension.cs: 1125 - Retrieving features of type [RefAxis] from 4310定子-4
2026-07-01 17:07:03,884 INFO  ExportHelperExtension.cs: 1136 - Found 29 in 4310定子-4
2026-07-01 17:07:03,884 INFO  ExportHelperExtension.cs: 1145 - Found 0 features of type [RefAxis] in 4310定子-4
2026-07-01 17:07:03,885 INFO  ExportHelperExtension.cs: 1125 - Retrieving features of type [RefAxis] from 关节5转关节6 大-1
2026-07-01 17:07:03,885 INFO  ExportHelperExtension.cs: 1136 - Found 40 in 关节5转关节6 大-1
2026-07-01 17:07:03,885 INFO  ExportHelperExtension.cs: 1145 - Found 0 features of type [RefAxis] in 关节5转关节6 大-1
2026-07-01 17:07:03,885 INFO  ExportHelperExtension.cs: 1125 - Retrieving features of type [RefAxis] from 关节5转关节6 小最新版-1
2026-07-01 17:07:03,886 INFO  ExportHelperExtension.cs: 1136 - Found 40 in 关节5转关节6 小最新版-1
2026-07-01 17:07:03,886 INFO  ExportHelperExtension.cs: 1145 - Found 0 features of type [RefAxis] in 关节5转关节6 小最新版-1
2026-07-01 17:07:03,886 INFO  ExportHelperExtension.cs: 1125 - Retrieving features of type [RefAxis] from 4310转子-4
2026-07-01 17:07:03,887 INFO  ExportHelperExtension.cs: 1136 - Found 35 in 4310转子-4
2026-07-01 17:07:03,887 INFO  ExportHelperExtension.cs: 1145 - Found 0 features of type [RefAxis] in 4310转子-4
2026-07-01 17:07:03,887 INFO  ExportHelperExtension.cs: 1125 - Retrieving features of type [RefAxis] from 4310转子-5
2026-07-01 17:07:03,887 INFO  ExportHelperExtension.cs: 1136 - Found 35 in 4310转子-5
2026-07-01 17:07:03,888 INFO  ExportHelperExtension.cs: 1145 - Found 0 features of type [RefAxis] in 4310转子-5
2026-07-01 17:07:03,888 INFO  ExportHelperExtension.cs: 1125 - Retrieving features of type [RefAxis] from 轴承-3
2026-07-01 17:07:03,888 INFO  ExportHelperExtension.cs: 1136 - Found 40 in 轴承-3
2026-07-01 17:07:03,888 INFO  ExportHelperExtension.cs: 1145 - Found 0 features of type [RefAxis] in 轴承-3
2026-07-01 17:07:03,889 INFO  ExportHelperExtension.cs: 1125 - Retrieving features of type [RefAxis] from 4310定子-5
2026-07-01 17:07:03,889 INFO  ExportHelperExtension.cs: 1136 - Found 29 in 4310定子-5
2026-07-01 17:07:03,889 INFO  ExportHelperExtension.cs: 1145 - Found 0 features of type [RefAxis] in 4310定子-5
2026-07-01 17:07:03,890 INFO  ExportHelperExtension.cs: 1125 - Retrieving features of type [RefAxis] from 末端指示带圆球最新-1
2026-07-01 17:07:03,890 INFO  ExportHelperExtension.cs: 1136 - Found 29 in 末端指示带圆球最新-1
2026-07-01 17:07:03,890 INFO  ExportHelperExtension.cs: 1145 - Found 0 features of type [RefAxis] in 末端指示带圆球最新-1
2026-07-01 17:07:04,258 INFO  SwAddin.cs: 339 - Loading config tree
2026-07-01 17:07:04,259 INFO  ExportPropertyManagerExtension.cs: 520 - Starting new configuration
2026-07-01 17:07:04,261 INFO  SwAddin.cs: 344 - Showing property manager
2026-07-01 17:07:35,894 INFO  ExportPropertyManager.cs: 1018 - OnComboboxSelectionChanged called. This method no longer throws an Exception. It just silently does nothing. Ok, except for this logging message
2026-07-01 17:08:12,350 INFO  ExportPropertyManager.cs: 1018 - OnComboboxSelectionChanged called. This method no longer throws an Exception. It just silently does nothing. Ok, except for this logging message
2026-07-01 17:08:37,667 INFO  ExportPropertyManager.cs: 1136 - OnNumberBoxTrackingCompleted called. This method no longer throws an Exception. It just silently does nothing. Ok, except for this logging message
2026-07-01 17:08:48,570 INFO  ExportPropertyManager.cs: 1018 - OnComboboxSelectionChanged called. This method no longer throws an Exception. It just silently does nothing. Ok, except for this logging message
2026-07-01 17:08:50,081 INFO  ExportPropertyManager.cs: 1018 - OnComboboxSelectionChanged called. This method no longer throws an Exception. It just silently does nothing. Ok, except for this logging message
2026-07-01 17:09:00,137 INFO  ExportPropertyManager.cs: 1018 - OnComboboxSelectionChanged called. This method no longer throws an Exception. It just silently does nothing. Ok, except for this logging message
2026-07-01 17:09:24,189 INFO  ExportPropertyManager.cs: 1136 - OnNumberBoxTrackingCompleted called. This method no longer throws an Exception. It just silently does nothing. Ok, except for this logging message
2026-07-01 17:09:36,278 INFO  ExportPropertyManager.cs: 1018 - OnComboboxSelectionChanged called. This method no longer throws an Exception. It just silently does nothing. Ok, except for this logging message
2026-07-01 17:09:37,597 INFO  ExportPropertyManager.cs: 1018 - OnComboboxSelectionChanged called. This method no longer throws an Exception. It just silently does nothing. Ok, except for this logging message
2026-07-01 17:09:39,232 INFO  ExportPropertyManager.cs: 1018 - OnComboboxSelectionChanged called. This method no longer throws an Exception. It just silently does nothing. Ok, except for this logging message
2026-07-01 17:10:02,959 INFO  ExportPropertyManager.cs: 1136 - OnNumberBoxTrackingCompleted called. This method no longer throws an Exception. It just silently does nothing. Ok, except for this logging message
2026-07-01 17:10:13,855 INFO  ExportPropertyManager.cs: 1018 - OnComboboxSelectionChanged called. This method no longer throws an Exception. It just silently does nothing. Ok, except for this logging message
2026-07-01 17:10:15,214 INFO  ExportPropertyManager.cs: 1018 - OnComboboxSelectionChanged called. This method no longer throws an Exception. It just silently does nothing. Ok, except for this logging message
2026-07-01 17:10:16,725 INFO  ExportPropertyManager.cs: 1018 - OnComboboxSelectionChanged called. This method no longer throws an Exception. It just silently does nothing. Ok, except for this logging message
2026-07-01 17:10:31,804 INFO  ExportPropertyManager.cs: 1136 - OnNumberBoxTrackingCompleted called. This method no longer throws an Exception. It just silently does nothing. Ok, except for this logging message
2026-07-01 17:10:48,121 INFO  ExportPropertyManager.cs: 1018 - OnComboboxSelectionChanged called. This method no longer throws an Exception. It just silently does nothing. Ok, except for this logging message
2026-07-01 17:10:49,816 INFO  ExportPropertyManager.cs: 1018 - OnComboboxSelectionChanged called. This method no longer throws an Exception. It just silently does nothing. Ok, except for this logging message
2026-07-01 17:10:51,604 INFO  ExportPropertyManager.cs: 1018 - OnComboboxSelectionChanged called. This method no longer throws an Exception. It just silently does nothing. Ok, except for this logging message
2026-07-01 17:10:53,424 INFO  ExportPropertyManager.cs: 1018 - OnComboboxSelectionChanged called. This method no longer throws an Exception. It just silently does nothing. Ok, except for this logging message
2026-07-01 17:11:14,353 INFO  ExportPropertyManager.cs: 1136 - OnNumberBoxTrackingCompleted called. This method no longer throws an Exception. It just silently does nothing. Ok, except for this logging message
2026-07-01 17:11:25,170 INFO  ExportPropertyManager.cs: 1018 - OnComboboxSelectionChanged called. This method no longer throws an Exception. It just silently does nothing. Ok, except for this logging message
2026-07-01 17:11:26,554 INFO  ExportPropertyManager.cs: 1018 - OnComboboxSelectionChanged called. This method no longer throws an Exception. It just silently does nothing. Ok, except for this logging message
2026-07-01 17:11:28,910 INFO  ExportPropertyManager.cs: 1018 - OnComboboxSelectionChanged called. This method no longer throws an Exception. It just silently does nothing. Ok, except for this logging message
2026-07-01 17:11:48,615 INFO  ExportPropertyManager.cs: 1136 - OnNumberBoxTrackingCompleted called. This method no longer throws an Exception. It just silently does nothing. Ok, except for this logging message
2026-07-01 17:12:01,399 INFO  ExportPropertyManager.cs: 1018 - OnComboboxSelectionChanged called. This method no longer throws an Exception. It just silently does nothing. Ok, except for this logging message
2026-07-01 17:12:03,038 INFO  ExportPropertyManager.cs: 1018 - OnComboboxSelectionChanged called. This method no longer throws an Exception. It just silently does nothing. Ok, except for this logging message
2026-07-01 17:12:06,892 INFO  ExportPropertyManager.cs: 1018 - OnComboboxSelectionChanged called. This method no longer throws an Exception. It just silently does nothing. Ok, except for this logging message
2026-07-01 17:12:14,009 INFO  ExportPropertyManager.cs: 422 - Configuration saved
2026-07-01 17:12:15,734 INFO  ExportHelperExtension.cs: 347 - Creating joint link_1
2026-07-01 17:12:16,178 WARN  ExportHelperExtension.cs: 351 - Creating joint from parent base_link to child link_1 failed
2026-07-01 17:12:17,832 INFO  ExportHelperExtension.cs: 347 - Creating joint link_2
2026-07-01 17:12:17,991 WARN  ExportHelperExtension.cs: 351 - Creating joint from parent link_1 to child link_2 failed
2026-07-01 17:12:19,031 INFO  ExportHelperExtension.cs: 347 - Creating joint link_3
2026-07-01 17:12:19,266 WARN  ExportHelperExtension.cs: 351 - Creating joint from parent link_2 to child link_3 failed
2026-07-01 17:12:20,988 INFO  ExportHelperExtension.cs: 347 - Creating joint link_4
2026-07-01 17:12:21,111 WARN  ExportHelperExtension.cs: 351 - Creating joint from parent link_3 to child link_4 failed
2026-07-01 17:12:22,694 INFO  ExportHelperExtension.cs: 347 - Creating joint link_5
2026-07-01 17:12:22,814 WARN  ExportHelperExtension.cs: 351 - Creating joint from parent link_4 to child link_5 failed
2026-07-01 17:12:24,493 INFO  ExportHelperExtension.cs: 347 - Creating joint link_6
2026-07-01 17:12:24,587 WARN  ExportHelperExtension.cs: 351 - Creating joint from parent link_5 to child link_6 failed
2026-07-01 17:12:24,682 INFO  ExportHelperExtension.cs: 1125 - Retrieving features of type [CoordSys] from Coucouarm_v5.SLDASM
2026-07-01 17:12:24,683 INFO  ExportHelperExtension.cs: 1136 - Found 163 in Coucouarm_v5.SLDASM
2026-07-01 17:12:24,684 INFO  ExportHelperExtension.cs: 1145 - Found 7 features of type [CoordSys] in Coucouarm_v5.SLDASM
2026-07-01 17:12:24,684 INFO  ExportHelperExtension.cs: 1148 - Proceeding through assembly components
2026-07-01 17:12:24,684 INFO  ExportHelperExtension.cs: 1160 - 27 components to check
2026-07-01 17:12:24,684 INFO  ExportHelperExtension.cs: 1125 - Retrieving features of type [CoordSys] from 4340定子-1
2026-07-01 17:12:24,685 INFO  ExportHelperExtension.cs: 1136 - Found 45 in 4340定子-1
2026-07-01 17:12:24,685 INFO  ExportHelperExtension.cs: 1145 - Found 0 features of type [CoordSys] in 4340定子-1
2026-07-01 17:12:24,685 INFO  ExportHelperExtension.cs: 1125 - Retrieving features of type [CoordSys] from 轴承-1
2026-07-01 17:12:24,686 INFO  ExportHelperExtension.cs: 1136 - Found 40 in 轴承-1
2026-07-01 17:12:24,686 INFO  ExportHelperExtension.cs: 1145 - Found 0 features of type [CoordSys] in 轴承-1
2026-07-01 17:12:24,686 INFO  ExportHelperExtension.cs: 1125 - Retrieving features of type [CoordSys] from 关节1保护-2
2026-07-01 17:12:24,687 INFO  ExportHelperExtension.cs: 1136 - Found 28 in 关节1保护-2
2026-07-01 17:12:24,687 INFO  ExportHelperExtension.cs: 1145 - Found 0 features of type [CoordSys] in 关节1保护-2
2026-07-01 17:12:24,687 INFO  ExportHelperExtension.cs: 1125 - Retrieving features of type [CoordSys] from 4310定子-2
2026-07-01 17:12:24,687 INFO  ExportHelperExtension.cs: 1136 - Found 29 in 4310定子-2
2026-07-01 17:12:24,688 INFO  ExportHelperExtension.cs: 1145 - Found 0 features of type [CoordSys] in 4310定子-2
2026-07-01 17:12:24,688 INFO  ExportHelperExtension.cs: 1125 - Retrieving features of type [CoordSys] from 大底座-1
2026-07-01 17:12:24,688 INFO  ExportHelperExtension.cs: 1136 - Found 40 in 大底座-1
2026-07-01 17:12:24,689 INFO  ExportHelperExtension.cs: 1145 - Found 0 features of type [CoordSys] in 大底座-1
2026-07-01 17:12:24,689 INFO  ExportHelperExtension.cs: 1125 - Retrieving features of type [CoordSys] from 4310转子-2
2026-07-01 17:12:24,689 INFO  ExportHelperExtension.cs: 1136 - Found 35 in 4310转子-2
2026-07-01 17:12:24,690 INFO  ExportHelperExtension.cs: 1145 - Found 0 features of type [CoordSys] in 4310转子-2
2026-07-01 17:12:24,690 INFO  ExportHelperExtension.cs: 1125 - Retrieving features of type [CoordSys] from 关节1转关节2底座-1
2026-07-01 17:12:24,690 INFO  ExportHelperExtension.cs: 1136 - Found 40 in 关节1转关节2底座-1
2026-07-01 17:12:24,691 INFO  ExportHelperExtension.cs: 1145 - Found 0 features of type [CoordSys] in 关节1转关节2底座-1
2026-07-01 17:12:24,691 INFO  ExportHelperExtension.cs: 1125 - Retrieving features of type [CoordSys] from 4340转子-1
2026-07-01 17:12:24,691 INFO  ExportHelperExtension.cs: 1136 - Found 35 in 4340转子-1
2026-07-01 17:12:24,691 INFO  ExportHelperExtension.cs: 1145 - Found 0 features of type [CoordSys] in 4340转子-1
2026-07-01 17:12:24,692 INFO  ExportHelperExtension.cs: 1125 - Retrieving features of type [CoordSys] from 关节2转关节3 大-1
2026-07-01 17:12:24,692 INFO  ExportHelperExtension.cs: 1136 - Found 28 in 关节2转关节3 大-1
2026-07-01 17:12:24,692 INFO  ExportHelperExtension.cs: 1145 - Found 0 features of type [CoordSys] in 关节2转关节3 大-1
2026-07-01 17:12:24,692 INFO  ExportHelperExtension.cs: 1125 - Retrieving features of type [CoordSys] from 关节3转关节4 小-1
2026-07-01 17:12:24,693 INFO  ExportHelperExtension.cs: 1136 - Found 40 in 关节3转关节4 小-1
2026-07-01 17:12:24,693 INFO  ExportHelperExtension.cs: 1145 - Found 0 features of type [CoordSys] in 关节3转关节4 小-1
2026-07-01 17:12:24,693 INFO  ExportHelperExtension.cs: 1125 - Retrieving features of type [CoordSys] from 关节4转关节5 大-1
2026-07-01 17:12:24,694 INFO  ExportHelperExtension.cs: 1136 - Found 40 in 关节4转关节5 大-1
2026-07-01 17:12:24,694 INFO  ExportHelperExtension.cs: 1145 - Found 0 features of type [CoordSys] in 关节4转关节5 大-1
2026-07-01 17:12:24,694 INFO  ExportHelperExtension.cs: 1125 - Retrieving features of type [CoordSys] from 关节2转关节3 小-1
2026-07-01 17:12:24,695 INFO  ExportHelperExtension.cs: 1136 - Found 40 in 关节2转关节3 小-1
2026-07-01 17:12:24,695 INFO  ExportHelperExtension.cs: 1145 - Found 0 features of type [CoordSys] in 关节2转关节3 小-1
2026-07-01 17:12:24,695 INFO  ExportHelperExtension.cs: 1125 - Retrieving features of type [CoordSys] from 4340p转子-1
2026-07-01 17:12:24,695 INFO  ExportHelperExtension.cs: 1136 - Found 33 in 4340p转子-1
2026-07-01 17:12:24,696 INFO  ExportHelperExtension.cs: 1145 - Found 0 features of type [CoordSys] in 4340p转子-1
2026-07-01 17:12:24,696 INFO  ExportHelperExtension.cs: 1125 - Retrieving features of type [CoordSys] from 关节3转关节4 大-1
2026-07-01 17:12:24,696 INFO  ExportHelperExtension.cs: 1136 - Found 40 in 关节3转关节4 大-1
2026-07-01 17:12:24,697 INFO  ExportHelperExtension.cs: 1145 - Found 0 features of type [CoordSys] in 关节3转关节4 大-1
2026-07-01 17:12:24,697 INFO  ExportHelperExtension.cs: 1125 - Retrieving features of type [CoordSys] from 4340p定子-1
2026-07-01 17:12:24,697 INFO  ExportHelperExtension.cs: 1136 - Found 45 in 4340p定子-1
2026-07-01 17:12:24,698 INFO  ExportHelperExtension.cs: 1145 - Found 0 features of type [CoordSys] in 4340p定子-1
2026-07-01 17:12:24,698 INFO  ExportHelperExtension.cs: 1125 - Retrieving features of type [CoordSys] from 4310转子-3
2026-07-01 17:12:24,698 INFO  ExportHelperExtension.cs: 1136 - Found 35 in 4310转子-3
2026-07-01 17:12:24,698 INFO  ExportHelperExtension.cs: 1145 - Found 0 features of type [CoordSys] in 4310转子-3
2026-07-01 17:12:24,699 INFO  ExportHelperExtension.cs: 1125 - Retrieving features of type [CoordSys] from 4310定子-3
2026-07-01 17:12:24,699 INFO  ExportHelperExtension.cs: 1136 - Found 29 in 4310定子-3
2026-07-01 17:12:24,699 INFO  ExportHelperExtension.cs: 1145 - Found 0 features of type [CoordSys] in 4310定子-3
2026-07-01 17:12:24,700 INFO  ExportHelperExtension.cs: 1125 - Retrieving features of type [CoordSys] from 关节4转关节5 小-2
2026-07-01 17:12:24,700 INFO  ExportHelperExtension.cs: 1136 - Found 28 in 关节4转关节5 小-2
2026-07-01 17:12:24,700 INFO  ExportHelperExtension.cs: 1145 - Found 0 features of type [CoordSys] in 关节4转关节5 小-2
2026-07-01 17:12:24,700 INFO  ExportHelperExtension.cs: 1125 - Retrieving features of type [CoordSys] from 轴承-2
2026-07-01 17:12:24,701 INFO  ExportHelperExtension.cs: 1136 - Found 40 in 轴承-2
2026-07-01 17:12:24,701 INFO  ExportHelperExtension.cs: 1145 - Found 0 features of type [CoordSys] in 轴承-2
2026-07-01 17:12:24,701 INFO  ExportHelperExtension.cs: 1125 - Retrieving features of type [CoordSys] from 4310定子-4
2026-07-01 17:12:24,702 INFO  ExportHelperExtension.cs: 1136 - Found 29 in 4310定子-4
2026-07-01 17:12:24,702 INFO  ExportHelperExtension.cs: 1145 - Found 0 features of type [CoordSys] in 4310定子-4
2026-07-01 17:12:24,702 INFO  ExportHelperExtension.cs: 1125 - Retrieving features of type [CoordSys] from 关节5转关节6 大-1
2026-07-01 17:12:24,702 INFO  ExportHelperExtension.cs: 1136 - Found 40 in 关节5转关节6 大-1
2026-07-01 17:12:24,703 INFO  ExportHelperExtension.cs: 1145 - Found 0 features of type [CoordSys] in 关节5转关节6 大-1
2026-07-01 17:12:24,703 INFO  ExportHelperExtension.cs: 1125 - Retrieving features of type [CoordSys] from 关节5转关节6 小最新版-1
2026-07-01 17:12:24,703 INFO  ExportHelperExtension.cs: 1136 - Found 40 in 关节5转关节6 小最新版-1
2026-07-01 17:12:24,704 INFO  ExportHelperExtension.cs: 1145 - Found 0 features of type [CoordSys] in 关节5转关节6 小最新版-1
2026-07-01 17:12:24,704 INFO  ExportHelperExtension.cs: 1125 - Retrieving features of type [CoordSys] from 4310转子-4
2026-07-01 17:12:24,704 INFO  ExportHelperExtension.cs: 1136 - Found 35 in 4310转子-4
2026-07-01 17:12:24,705 INFO  ExportHelperExtension.cs: 1145 - Found 0 features of type [CoordSys] in 4310转子-4
2026-07-01 17:12:24,709 INFO  ExportHelperExtension.cs: 1125 - Retrieving features of type [CoordSys] from 4310转子-5
2026-07-01 17:12:24,710 INFO  ExportHelperExtension.cs: 1136 - Found 35 in 4310转子-5
2026-07-01 17:12:24,710 INFO  ExportHelperExtension.cs: 1145 - Found 0 features of type [CoordSys] in 4310转子-5
2026-07-01 17:12:24,711 INFO  ExportHelperExtension.cs: 1125 - Retrieving features of type [CoordSys] from 轴承-3
2026-07-01 17:12:24,728 INFO  ExportHelperExtension.cs: 1136 - Found 40 in 轴承-3
2026-07-01 17:12:24,729 INFO  ExportHelperExtension.cs: 1145 - Found 0 features of type [CoordSys] in 轴承-3
2026-07-01 17:12:24,729 INFO  ExportHelperExtension.cs: 1125 - Retrieving features of type [CoordSys] from 4310定子-5
2026-07-01 17:12:24,730 INFO  ExportHelperExtension.cs: 1136 - Found 29 in 4310定子-5
2026-07-01 17:12:24,730 INFO  ExportHelperExtension.cs: 1145 - Found 0 features of type [CoordSys] in 4310定子-5
2026-07-01 17:12:24,730 INFO  ExportHelperExtension.cs: 1125 - Retrieving features of type [CoordSys] from 末端指示带圆球最新-1
2026-07-01 17:12:24,731 INFO  ExportHelperExtension.cs: 1136 - Found 29 in 末端指示带圆球最新-1
2026-07-01 17:12:24,731 INFO  ExportHelperExtension.cs: 1145 - Found 0 features of type [CoordSys] in 末端指示带圆球最新-1
2026-07-01 17:12:24,731 INFO  ExportHelperExtension.cs: 1125 - Retrieving features of type [RefAxis] from Coucouarm_v5.SLDASM
2026-07-01 17:12:24,732 INFO  ExportHelperExtension.cs: 1136 - Found 163 in Coucouarm_v5.SLDASM
2026-07-01 17:12:24,732 INFO  ExportHelperExtension.cs: 1145 - Found 7 features of type [RefAxis] in Coucouarm_v5.SLDASM
2026-07-01 17:12:24,732 INFO  ExportHelperExtension.cs: 1148 - Proceeding through assembly components
2026-07-01 17:12:24,733 INFO  ExportHelperExtension.cs: 1160 - 27 components to check
2026-07-01 17:12:24,733 INFO  ExportHelperExtension.cs: 1125 - Retrieving features of type [RefAxis] from 4340定子-1
2026-07-01 17:12:24,733 INFO  ExportHelperExtension.cs: 1136 - Found 45 in 4340定子-1
2026-07-01 17:12:24,734 INFO  ExportHelperExtension.cs: 1145 - Found 0 features of type [RefAxis] in 4340定子-1
2026-07-01 17:12:24,734 INFO  ExportHelperExtension.cs: 1125 - Retrieving features of type [RefAxis] from 轴承-1
2026-07-01 17:12:24,734 INFO  ExportHelperExtension.cs: 1136 - Found 40 in 轴承-1
2026-07-01 17:12:24,735 INFO  ExportHelperExtension.cs: 1145 - Found 0 features of type [RefAxis] in 轴承-1
2026-07-01 17:12:24,735 INFO  ExportHelperExtension.cs: 1125 - Retrieving features of type [RefAxis] from 关节1保护-2
2026-07-01 17:12:24,735 INFO  ExportHelperExtension.cs: 1136 - Found 28 in 关节1保护-2
2026-07-01 17:12:24,735 INFO  ExportHelperExtension.cs: 1145 - Found 0 features of type [RefAxis] in 关节1保护-2
2026-07-01 17:12:24,736 INFO  ExportHelperExtension.cs: 1125 - Retrieving features of type [RefAxis] from 4310定子-2
2026-07-01 17:12:24,736 INFO  ExportHelperExtension.cs: 1136 - Found 29 in 4310定子-2
2026-07-01 17:12:24,736 INFO  ExportHelperExtension.cs: 1145 - Found 0 features of type [RefAxis] in 4310定子-2
2026-07-01 17:12:24,736 INFO  ExportHelperExtension.cs: 1125 - Retrieving features of type [RefAxis] from 大底座-1
2026-07-01 17:12:24,737 INFO  ExportHelperExtension.cs: 1136 - Found 40 in 大底座-1
2026-07-01 17:12:24,737 INFO  ExportHelperExtension.cs: 1145 - Found 0 features of type [RefAxis] in 大底座-1
2026-07-01 17:12:24,737 INFO  ExportHelperExtension.cs: 1125 - Retrieving features of type [RefAxis] from 4310转子-2
2026-07-01 17:12:24,738 INFO  ExportHelperExtension.cs: 1136 - Found 35 in 4310转子-2
2026-07-01 17:12:24,738 INFO  ExportHelperExtension.cs: 1145 - Found 0 features of type [RefAxis] in 4310转子-2
2026-07-01 17:12:24,738 INFO  ExportHelperExtension.cs: 1125 - Retrieving features of type [RefAxis] from 关节1转关节2底座-1
2026-07-01 17:12:24,739 INFO  ExportHelperExtension.cs: 1136 - Found 40 in 关节1转关节2底座-1
2026-07-01 17:12:24,739 INFO  ExportHelperExtension.cs: 1145 - Found 0 features of type [RefAxis] in 关节1转关节2底座-1
2026-07-01 17:12:24,739 INFO  ExportHelperExtension.cs: 1125 - Retrieving features of type [RefAxis] from 4340转子-1
2026-07-01 17:12:24,739 INFO  ExportHelperExtension.cs: 1136 - Found 35 in 4340转子-1
2026-07-01 17:12:24,740 INFO  ExportHelperExtension.cs: 1145 - Found 0 features of type [RefAxis] in 4340转子-1
2026-07-01 17:12:24,740 INFO  ExportHelperExtension.cs: 1125 - Retrieving features of type [RefAxis] from 关节2转关节3 大-1
2026-07-01 17:12:24,740 INFO  ExportHelperExtension.cs: 1136 - Found 28 in 关节2转关节3 大-1
2026-07-01 17:12:24,741 INFO  ExportHelperExtension.cs: 1145 - Found 0 features of type [RefAxis] in 关节2转关节3 大-1
2026-07-01 17:12:24,741 INFO  ExportHelperExtension.cs: 1125 - Retrieving features of type [RefAxis] from 关节3转关节4 小-1
2026-07-01 17:12:24,741 INFO  ExportHelperExtension.cs: 1136 - Found 40 in 关节3转关节4 小-1
2026-07-01 17:12:24,741 INFO  ExportHelperExtension.cs: 1145 - Found 0 features of type [RefAxis] in 关节3转关节4 小-1
2026-07-01 17:12:24,742 INFO  ExportHelperExtension.cs: 1125 - Retrieving features of type [RefAxis] from 关节4转关节5 大-1
2026-07-01 17:12:24,742 INFO  ExportHelperExtension.cs: 1136 - Found 40 in 关节4转关节5 大-1
2026-07-01 17:12:24,742 INFO  ExportHelperExtension.cs: 1145 - Found 0 features of type [RefAxis] in 关节4转关节5 大-1
2026-07-01 17:12:24,743 INFO  ExportHelperExtension.cs: 1125 - Retrieving features of type [RefAxis] from 关节2转关节3 小-1
2026-07-01 17:12:24,743 INFO  ExportHelperExtension.cs: 1136 - Found 40 in 关节2转关节3 小-1
2026-07-01 17:12:24,743 INFO  ExportHelperExtension.cs: 1145 - Found 0 features of type [RefAxis] in 关节2转关节3 小-1
2026-07-01 17:12:24,744 INFO  ExportHelperExtension.cs: 1125 - Retrieving features of type [RefAxis] from 4340p转子-1
2026-07-01 17:12:24,744 INFO  ExportHelperExtension.cs: 1136 - Found 33 in 4340p转子-1
2026-07-01 17:12:24,744 INFO  ExportHelperExtension.cs: 1145 - Found 0 features of type [RefAxis] in 4340p转子-1
2026-07-01 17:12:24,744 INFO  ExportHelperExtension.cs: 1125 - Retrieving features of type [RefAxis] from 关节3转关节4 大-1
2026-07-01 17:12:24,745 INFO  ExportHelperExtension.cs: 1136 - Found 40 in 关节3转关节4 大-1
2026-07-01 17:12:24,745 INFO  ExportHelperExtension.cs: 1145 - Found 0 features of type [RefAxis] in 关节3转关节4 大-1
2026-07-01 17:12:24,745 INFO  ExportHelperExtension.cs: 1125 - Retrieving features of type [RefAxis] from 4340p定子-1
2026-07-01 17:12:24,746 INFO  ExportHelperExtension.cs: 1136 - Found 45 in 4340p定子-1
2026-07-01 17:12:24,746 INFO  ExportHelperExtension.cs: 1145 - Found 0 features of type [RefAxis] in 4340p定子-1
2026-07-01 17:12:24,746 INFO  ExportHelperExtension.cs: 1125 - Retrieving features of type [RefAxis] from 4310转子-3
2026-07-01 17:12:24,746 INFO  ExportHelperExtension.cs: 1136 - Found 35 in 4310转子-3
2026-07-01 17:12:24,747 INFO  ExportHelperExtension.cs: 1145 - Found 0 features of type [RefAxis] in 4310转子-3
2026-07-01 17:12:24,747 INFO  ExportHelperExtension.cs: 1125 - Retrieving features of type [RefAxis] from 4310定子-3
2026-07-01 17:12:24,747 INFO  ExportHelperExtension.cs: 1136 - Found 29 in 4310定子-3
2026-07-01 17:12:24,748 INFO  ExportHelperExtension.cs: 1145 - Found 0 features of type [RefAxis] in 4310定子-3
2026-07-01 17:12:24,748 INFO  ExportHelperExtension.cs: 1125 - Retrieving features of type [RefAxis] from 关节4转关节5 小-2
2026-07-01 17:12:24,748 INFO  ExportHelperExtension.cs: 1136 - Found 28 in 关节4转关节5 小-2
2026-07-01 17:12:24,748 INFO  ExportHelperExtension.cs: 1145 - Found 0 features of type [RefAxis] in 关节4转关节5 小-2
2026-07-01 17:12:24,748 INFO  ExportHelperExtension.cs: 1125 - Retrieving features of type [RefAxis] from 轴承-2
2026-07-01 17:12:24,748 INFO  ExportHelperExtension.cs: 1136 - Found 40 in 轴承-2
2026-07-01 17:12:24,750 INFO  ExportHelperExtension.cs: 1145 - Found 0 features of type [RefAxis] in 轴承-2
2026-07-01 17:12:24,750 INFO  ExportHelperExtension.cs: 1125 - Retrieving features of type [RefAxis] from 4310定子-4
2026-07-01 17:12:24,750 INFO  ExportHelperExtension.cs: 1136 - Found 29 in 4310定子-4
2026-07-01 17:12:24,751 INFO  ExportHelperExtension.cs: 1145 - Found 0 features of type [RefAxis] in 4310定子-4
2026-07-01 17:12:24,751 INFO  ExportHelperExtension.cs: 1125 - Retrieving features of type [RefAxis] from 关节5转关节6 大-1
2026-07-01 17:12:24,751 INFO  ExportHelperExtension.cs: 1136 - Found 40 in 关节5转关节6 大-1
2026-07-01 17:12:24,751 INFO  ExportHelperExtension.cs: 1145 - Found 0 features of type [RefAxis] in 关节5转关节6 大-1
2026-07-01 17:12:24,752 INFO  ExportHelperExtension.cs: 1125 - Retrieving features of type [RefAxis] from 关节5转关节6 小最新版-1
2026-07-01 17:12:24,752 INFO  ExportHelperExtension.cs: 1136 - Found 40 in 关节5转关节6 小最新版-1
2026-07-01 17:12:24,752 INFO  ExportHelperExtension.cs: 1145 - Found 0 features of type [RefAxis] in 关节5转关节6 小最新版-1
2026-07-01 17:12:24,753 INFO  ExportHelperExtension.cs: 1125 - Retrieving features of type [RefAxis] from 4310转子-4
2026-07-01 17:12:24,753 INFO  ExportHelperExtension.cs: 1136 - Found 35 in 4310转子-4
2026-07-01 17:12:24,753 INFO  ExportHelperExtension.cs: 1145 - Found 0 features of type [RefAxis] in 4310转子-4
2026-07-01 17:12:24,753 INFO  ExportHelperExtension.cs: 1125 - Retrieving features of type [RefAxis] from 4310转子-5
2026-07-01 17:12:24,754 INFO  ExportHelperExtension.cs: 1136 - Found 35 in 4310转子-5
2026-07-01 17:12:24,754 INFO  ExportHelperExtension.cs: 1145 - Found 0 features of type [RefAxis] in 4310转子-5
2026-07-01 17:12:24,754 INFO  ExportHelperExtension.cs: 1125 - Retrieving features of type [RefAxis] from 轴承-3
2026-07-01 17:12:24,755 INFO  ExportHelperExtension.cs: 1136 - Found 40 in 轴承-3
2026-07-01 17:12:24,755 INFO  ExportHelperExtension.cs: 1145 - Found 0 features of type [RefAxis] in 轴承-3
2026-07-01 17:12:24,755 INFO  ExportHelperExtension.cs: 1125 - Retrieving features of type [RefAxis] from 4310定子-5
2026-07-01 17:12:24,755 INFO  ExportHelperExtension.cs: 1136 - Found 29 in 4310定子-5
2026-07-01 17:12:24,756 INFO  ExportHelperExtension.cs: 1145 - Found 0 features of type [RefAxis] in 4310定子-5
2026-07-01 17:12:24,756 INFO  ExportHelperExtension.cs: 1125 - Retrieving features of type [RefAxis] from 末端指示带圆球最新-1
2026-07-01 17:12:24,756 INFO  ExportHelperExtension.cs: 1136 - Found 29 in 末端指示带圆球最新-1
2026-07-01 17:12:24,757 INFO  ExportHelperExtension.cs: 1145 - Found 0 features of type [RefAxis] in 末端指示带圆球最新-1
2026-07-01 17:12:24,815 INFO  ExportPropertyManager.cs: 1142 - AfterClose called. This method no longer throws an Exception. It just silently does nothing. Ok, except for this logging message
2026-07-01 18:04:55,856 INFO  AssemblyExportForm.cs: 253 - Completing URDF export
2026-07-01 18:04:55,861 INFO  ConfigurationSerialization.cs: 276 - URDF Configuration found
<Link z:Id="i1" xmlns="http://schemas.datacontract.org/2004/07/SW2URDF" xmlns:i="http://www.w3.org/2001/XMLSchema-instance" xmlns:z="http://schemas.microsoft.com/2003/10/Serialization/"><Attributes><Attribute z:Id="i2"><AttributeType>name</AttributeType><IsRequired>true</IsRequired><Value i:type="a:string" xmlns:a="http://www.w3.org/2001/XMLSchema">base_link</Value></Attribute></Attributes><ChildElements><URDFElement z:Id="i3" i:type="Inertial"><Attributes/><ChildElements><URDFElement z:Id="i4" i:type="Origin"><Attributes><Attribute z:Id="i5"><AttributeType>xyz</AttributeType><IsRequired>true</IsRequired><Value i:type="a:ArrayOfdouble" xmlns:a="http://schemas.microsoft.com/2003/10/Serialization/Arrays"><a:double>0</a:double><a:double>0</a:double><a:double>0</a:double></Value></Attribute><Attribute z:Id="i6"><AttributeType>rpy</AttributeType><IsRequired>true</IsRequired><Value i:type="a:ArrayOfdouble" xmlns:a="http://schemas.microsoft.com/2003/10/Serialization/Arrays"><a:double>0</a:double><a:double>0</a:double><a:double>0</a:double></Value></Attribute></Attributes><ChildElements/><ElementName>origin</ElementName><required>false</required><RPYAttribute z:Ref="i6"/><XYZAttribute z:Ref="i5"/><isCustomized>false</isCustomized></URDFElement><URDFElement z:Id="i7" i:type="Mass"><Attributes><Attribute z:Id="i8"><AttributeType>value</AttributeType><IsRequired>true</IsRequired><Value i:type="a:double" xmlns:a="http://www.w3.org/2001/XMLSchema">0</Value></Attribute></Attributes><ChildElements/><ElementName>mass</ElementName><required>false</required><ValueAttribute z:Ref="i8"/></URDFElement><URDFElement z:Id="i9" i:type="Inertia"><Attributes><Attribute z:Id="i10"><AttributeType>ixx</AttributeType><IsRequired>true</IsRequired><Value i:type="a:double" xmlns:a="http://www.w3.org/2001/XMLSchema">0</Value></Attribute><Attribute z:Id="i11"><AttributeType>ixy</AttributeType><IsRequired>true</IsRequired><Value i:type="a:double" xmlns:a="http://www.w3.org/2001/XMLSchema">0</Value></Attribute><Attribute z:Id="i12"><AttributeType>ixz</AttributeType><IsRequired>true</IsRequired><Value i:type="a:double" xmlns:a="http://www.w3.org/2001/XMLSchema">0</Value></Attribute><Attribute z:Id="i13"><AttributeType>iyy</AttributeType><IsRequired>true</IsRequired><Value i:type="a:double" xmlns:a="http://www.w3.org/2001/XMLSchema">0</Value></Attribute><Attribute z:Id="i14"><AttributeType>iyz</AttributeType><IsRequired>true</IsRequired><Value i:type="a:double" xmlns:a="http://www.w3.org/2001/XMLSchema">0</Value></Attribute><Attribute z:Id="i15"><AttributeType>izz</AttributeType><IsRequired>true</IsRequired><Value i:type="a:double" xmlns:a="http://www.w3.org/2001/XMLSchema">0</Value></Attribute></Attributes><ChildElements/><ElementName>inertia</ElementName><required>false</required><IxxAttribute z:Ref="i10"/><IxyAttribute z:Ref="i11"/><IxzAttribute z:Ref="i12"/><IyyAttribute z:Ref="i13"/><IyzAttribute z:Ref="i14"/><IzzAttribute z:Ref="i15"/></URDFElement></ChildElements><ElementName>inertial</ElementName><required>false</required><Inertia z:Ref="i9"/><Mass z:Ref="i7"/><Origin z:Ref="i4"/></URDFElement><URDFElement z:Id="i16" i:type="Visual"><Attributes/><ChildElements><URDFElement z:Id="i17" i:type="Origin"><Attributes><Attribute z:Id="i18"><AttributeType>xyz</AttributeType><IsRequired>true</IsRequired><Value i:type="a:ArrayOfdouble" xmlns:a="http://schemas.microsoft.com/2003/10/Serialization/Arrays"><a:double>0</a:double><a:double>0</a:double><a:double>0</a:double></Value></Attribute><Attribute z:Id="i19"><AttributeType>rpy</AttributeType><IsRequired>true</IsRequired><Value i:type="a:ArrayOfdouble" xmlns:a="http://schemas.microsoft.com/2003/10/Serialization/Arrays"><a:double>0</a:double><a:double>0</a:double><a:double>0</a:double></Value></Attribute></Attributes><ChildElements/><ElementName>origin</ElementName><required>false</required><RPYAttribute z:Ref="i19"/><XYZAttribute z:Ref="i18"/><isCustomized>false</isCustomized></URDFElement><URDFElement z:Id="i20" i:type="Geometry"><Attributes/><ChildElements><URDFElement z:Id="i21" i:type="Mesh"><Attributes><Attribute z:Id="i22"><AttributeType>filename</AttributeType><IsRequired>true</IsRequired><Value i:nil="true"/></Attribute></Attributes><ChildElements/><ElementName>mesh</ElementName><required>false</required><FilenameAttribute z:Ref="i22"/></URDFElement></ChildElements><ElementName>geometry</ElementName><required>true</required><Mesh z:Ref="i21"/></URDFElement><URDFElement z:Id="i23" i:type="Material"><Attributes><Attribute z:Id="i24"><AttributeType>name</AttributeType><IsRequired>true</IsRequired><Value i:type="a:string" xmlns:a="http://www.w3.org/2001/XMLSchema"/></Attribute></Attributes><ChildElements><URDFElement z:Id="i25" i:type="Color"><Attributes><Attribute z:Id="i26"><AttributeType>rgba</AttributeType><IsRequired>true</IsRequired><Value i:type="a:ArrayOfdouble" xmlns:a="http://schemas.microsoft.com/2003/10/Serialization/Arrays"><a:double>1</a:double><a:double>1</a:double><a:double>1</a:double><a:double>1</a:double></Value></Attribute></Attributes><ChildElements/><ElementName>color</ElementName><required>false</required><RGBAAttribute z:Ref="i26"/></URDFElement><URDFElement z:Id="i27" i:type="Texture"><Attributes><Attribute z:Id="i28"><AttributeType>filename</AttributeType><IsRequired>true</IsRequired><Value i:nil="true"/></Attribute></Attributes><ChildElements/><ElementName>texture</ElementName><required>false</required><FilenameAttribute z:Ref="i28"/><wFilename/></URDFElement></ChildElements><ElementName>material</ElementName><required>false</required><Color z:Ref="i25"/><NameAttribute z:Ref="i24"/><Texture z:Ref="i27"/></URDFElement></ChildElements><ElementName>visual</ElementName><required>false</required><Geometry z:Ref="i20"/><Material z:Ref="i23"/><Origin z:Ref="i17"/></URDFElement><URDFElement z:Id="i29" i:type="Collision"><Attributes/><ChildElements><URDFElement z:Id="i30" i:type="Origin"><Attributes><Attribute z:Id="i31"><AttributeType>xyz</AttributeType><IsRequired>true</IsRequired><Value i:type="a:ArrayOfdouble" xmlns:a="http://schemas.microsoft.com/2003/10/Serialization/Arrays"><a:double>0</a:double><a:double>0</a:double><a:double>0</a:double></Value></Attribute><Attribute z:Id="i32"><AttributeType>rpy</AttributeType><IsRequired>true</IsRequired><Value i:type="a:ArrayOfdouble" xmlns:a="http://schemas.microsoft.com/2003/10/Serialization/Arrays"><a:double>0</a:double><a:double>0</a:double><a:double>0</a:double></Value></Attribute></Attributes><ChildElements/><ElementName>origin</ElementName><required>false</required><RPYAttribute z:Ref="i32"/><XYZAttribute z:Ref="i31"/><isCustomized>false</isCustomized></URDFElement><URDFElement z:Id="i33" i:type="Geometry"><Attributes/><ChildElements><URDFElement z:Id="i34" i:type="Mesh"><Attributes><Attribute z:Id="i35"><AttributeType>filename</AttributeType><IsRequired>true</IsRequired><Value i:nil="true"/></Attribute></Attributes><ChildElements/><ElementName>mesh</ElementName><required>false</required><FilenameAttribute z:Ref="i35"/></URDFElement></ChildElements><ElementName>geometry</ElementName><required>true</required><Mesh z:Ref="i34"/></URDFElement></ChildElements><ElementName>collision</ElementName><required>false</required><Geometry z:Ref="i33"/><Origin z:Ref="i30"/></URDFElement><URDFElement z:Id="i36" i:type="Joint"><Attributes><Attribute z:Id="i37"><AttributeType>name</AttributeType><IsRequired>true</IsRequired><Value i:type="a:string" xmlns:a="http://www.w3.org/2001/XMLSchema"/></Attribute><Attribute z:Id="i38"><AttributeType>type</AttributeType><IsRequired>true</IsRequired><Value i:type="a:string" xmlns:a="http://www.w3.org/2001/XMLSchema"/></Attribute></Attributes><ChildElements><URDFElement z:Id="i39" i:type="Origin"><Attributes><Attribute z:Id="i40"><AttributeType>xyz</AttributeType><IsRequired>true</IsRequired><Value i:type="a:ArrayOfdouble" xmlns:a="http://schemas.microsoft.com/2003/10/Serialization/Arrays"><a:double>0</a:double><a:double>0</a:double><a:double>0</a:double></Value></Attribute><Attribute z:Id="i41"><AttributeType>rpy</AttributeType><IsRequired>true</IsRequired><Value i:type="a:ArrayOfdouble" xmlns:a="http://schemas.microsoft.com/2003/10/Serialization/Arrays"><a:double>0</a:double><a:double>0</a:double><a:double>0</a:double></Value></Attribute></Attributes><ChildElements/><ElementName>origin</ElementName><required>false</required><RPYAttribute z:Ref="i41"/><XYZAttribute z:Ref="i40"/><isCustomized>false</isCustomized></URDFElement><URDFElement z:Id="i42" i:type="ParentLink"><Attributes><Attribute z:Id="i43"><AttributeType>link</AttributeType><IsRequired>true</IsRequired><Value i:type="a:string" xmlns:a="http://www.w3.org/2001/XMLSchema"/></Attribute></Attributes><ChildElements/><ElementName>parent</ElementName><required>true</required><NameAttribute z:Ref="i43"/></URDFElement><URDFElement z:Id="i44" i:type="ChildLink"><Attributes><Attribute z:Id="i45"><AttributeType>link</AttributeType><IsRequired>true</IsRequired><Value i:type="a:string" xmlns:a="http://www.w3.org/2001/XMLSchema"/></Attribute></Attributes><ChildElements/><ElementName>child</ElementName><required>true</required><NameAttribute z:Ref="i45"/></URDFElement><URDFElement z:Id="i46" i:type="Axis"><Attributes><Attribute z:Id="i47"><AttributeType>xyz</AttributeType><IsRequired>true</IsRequired><Value i:type="a:ArrayOfdouble" xmlns:a="http://schemas.microsoft.com/2003/10/Serialization/Arrays"><a:double>0</a:double><a:double>0</a:double><a:double>0</a:double></Value></Attribute></Attributes><ChildElements/><ElementName>axis</ElementName><required>false</required><XYZAttribute z:Ref="i47"/></URDFElement><URDFElement z:Id="i48" i:type="Limit"><Attributes><Attribute z:Id="i49"><AttributeType>lower</AttributeType><IsRequired>false</IsRequired><Value i:nil="true"/></Attribute><Attribute z:Id="i50"><AttributeType>upper</AttributeType><IsRequired>false</IsRequired><Value i:nil="true"/></Attribute><Attribute z:Id="i51"><AttributeType>effort</AttributeType><IsRequired>true</IsRequired><Value i:nil="true"/></Attribute><Attribute z:Id="i52"><AttributeType>velocity</AttributeType><IsRequired>true</IsRequired><Value i:nil="true"/></Attribute></Attributes><ChildElements/><ElementName>limit</ElementName><required>false</required><EffortAttribute z:Ref="i51"/><LowerAttribute z:Ref="i49"/><UpperAttribute z:Ref="i50"/><VelocityAttribute z:Ref="i52"/></URDFElement><URDFElement z:Id="i53" i:type="Calibration"><Attributes><Attribute z:Id="i54"><AttributeType>rising</AttributeType><IsRequired>false</IsRequired><Value i:nil="true"/></Attribute><Attribute z:Id="i55"><AttributeType>falling</AttributeType><IsRequired>false</IsRequired><Value i:nil="true"/></Attribute></Attributes><ChildElements/><ElementName>calibration</ElementName><required>false</required><FallingAttribute z:Ref="i55"/><RisingAttribute z:Ref="i54"/></URDFElement><URDFElement z:Id="i56" i:type="Dynamics"><Attributes><Attribute z:Id="i57"><AttributeType>damping</AttributeType><IsRequired>false</IsRequired><Value i:nil="true"/></Attribute><Attribute z:Id="i58"><AttributeType>friction</AttributeType><IsRequired>false</IsRequired><Value i:nil="true"/></Attribute></Attributes><ChildElements/><ElementName>dynamics</ElementName><required>false</required><DampingAttribute z:Ref="i57"/><FrictionAttribute z:Ref="i58"/></URDFElement><URDFElement z:Id="i59" i:type="SafetyController"><Attributes><Attribute z:Id="i60"><AttributeType>soft_upper_limit</AttributeType><IsRequired>false</IsRequired><Value i:nil="true"/></Attribute><Attribute z:Id="i61"><AttributeType>soft_lower_limit</AttributeType><IsRequired>false</IsRequired><Value i:nil="true"/></Attribute><Attribute z:Id="i62"><AttributeType>k_position</AttributeType><IsRequired>false</IsRequired><Value i:nil="true"/></Attribute><Attribute z:Id="i63"><AttributeType>k_velocity</AttributeType><IsRequired>true</IsRequired><Value i:nil="true"/></Attribute></Attributes><ChildElements/><ElementName>safety_controller</ElementName><required>false</required><KPositionAttribute z:Ref="i62"/><KVelocityAttribute z:Ref="i63"/><SoftLowerAttribute z:Ref="i61"/><SoftUpperAttribute z:Ref="i60"/></URDFElement><URDFElement z:Id="i64" i:type="Mimic"><Attributes><Attribute z:Id="i65"><AttributeType>joint</AttributeType><IsRequired>true</IsRequired><Value i:nil="true"/></Attribute><Attribute z:Id="i66"><AttributeType>multiplier</AttributeType><IsRequired>false</IsRequired><Value i:nil="true"/></Attribute><Attribute z:Id="i67"><AttributeType>offset</AttributeType><IsRequired>false</IsRequired><Value i:nil="true"/></Attribute></Attributes><ChildElements/><ElementName>mimic</ElementName><required>false</required><JointNameAttribute z:Ref="i65"/><MultiplierAttribute z:Ref="i66"/><OffsetAttribute z:Ref="i67"/></URDFElement></ChildElements><ElementName>joint</ElementName><required>false</required><Axis z:Ref="i46"/><AxisName/><Calibration z:Ref="i53"/><Child z:Ref="i44"/><CoordinateSystemName>base??????</CoordinateSystemName><Dynamics z:Ref="i56"/><Limit z:Ref="i48"/><Mimic z:Ref="i64"/><NameAttribute z:Ref="i37"/><Origin z:Ref="i39"/><Parent z:Ref="i42"/><Safety z:Ref="i59"/><TypeAttribute z:Ref="i38"/></URDFElement></ChildElements><ElementName>link</ElementName><required>true</required><Children><Link z:Id="i68"><Attributes><Attribute z:Id="i69"><AttributeType>name</AttributeType><IsRequired>true</IsRequired><Value i:type="a:string" xmlns:a="http://www.w3.org/2001/XMLSchema">link_1</Value></Attribute></Attributes><ChildElements><URDFElement z:Id="i70" i:type="Inertial"><Attributes/><ChildElements><URDFElement z:Id="i71" i:type="Origin"><Attributes><Attribute z:Id="i72"><AttributeType>xyz</AttributeType><IsRequired>true</IsRequired><Value i:type="a:ArrayOfdouble" xmlns:a="http://schemas.microsoft.com/2003/10/Serialization/Arrays"><a:double>0</a:double><a:double>0</a:double><a:double>0</a:double></Value></Attribute><Attribute z:Id="i73"><AttributeType>rpy</AttributeType><IsRequired>true</IsRequired><Value i:type="a:ArrayOfdouble" xmlns:a="http://schemas.microsoft.com/2003/10/Serialization/Arrays"><a:double>0</a:double><a:double>0</a:double><a:double>0</a:double></Value></Attribute></Attributes><ChildElements/><ElementName>origin</ElementName><required>false</required><RPYAttribute z:Ref="i73"/><XYZAttribute z:Ref="i72"/><isCustomized>false</isCustomized></URDFElement><URDFElement z:Id="i74" i:type="Mass"><Attributes><Attribute z:Id="i75"><AttributeType>value</AttributeType><IsRequired>true</IsRequired><Value i:type="a:double" xmlns:a="http://www.w3.org/2001/XMLSchema">0</Value></Attribute></Attributes><ChildElements/><ElementName>mass</ElementName><required>false</required><ValueAttribute z:Ref="i75"/></URDFElement><URDFElement z:Id="i76" i:type="Inertia"><Attributes><Attribute z:Id="i77"><AttributeType>ixx</AttributeType><IsRequired>true</IsRequired><Value i:type="a:double" xmlns:a="http://www.w3.org/2001/XMLSchema">0</Value></Attribute><Attribute z:Id="i78"><AttributeType>ixy</AttributeType><IsRequired>true</IsRequired><Value i:type="a:double" xmlns:a="http://www.w3.org/2001/XMLSchema">0</Value></Attribute><Attribute z:Id="i79"><AttributeType>ixz</AttributeType><IsRequired>true</IsRequired><Value i:type="a:double" xmlns:a="http://www.w3.org/2001/XMLSchema">0</Value></Attribute><Attribute z:Id="i80"><AttributeType>iyy</AttributeType><IsRequired>true</IsRequired><Value i:type="a:double" xmlns:a="http://www.w3.org/2001/XMLSchema">0</Value></Attribute><Attribute z:Id="i81"><AttributeType>iyz</AttributeType><IsRequired>true</IsRequired><Value i:type="a:double" xmlns:a="http://www.w3.org/2001/XMLSchema">0</Value></Attribute><Attribute z:Id="i82"><AttributeType>izz</AttributeType><IsRequired>true</IsRequired><Value i:type="a:double" xmlns:a="http://www.w3.org/2001/XMLSchema">0</Value></Attribute></Attributes><ChildElements/><ElementName>inertia</ElementName><required>false</required><IxxAttribute z:Ref="i77"/><IxyAttribute z:Ref="i78"/><IxzAttribute z:Ref="i79"/><IyyAttribute z:Ref="i80"/><IyzAttribute z:Ref="i81"/><IzzAttribute z:Ref="i82"/></URDFElement></ChildElements><ElementName>inertial</ElementName><required>false</required><Inertia z:Ref="i76"/><Mass z:Ref="i74"/><Origin z:Ref="i71"/></URDFElement><URDFElement z:Id="i83" i:type="Visual"><Attributes/><ChildElements><URDFElement z:Id="i84" i:type="Origin"><Attributes><Attribute z:Id="i85"><AttributeType>xyz</AttributeType><IsRequired>true</IsRequired><Value i:type="a:ArrayOfdouble" xmlns:a="http://schemas.microsoft.com/2003/10/Serialization/Arrays"><a:double>0</a:double><a:double>0</a:double><a:double>0</a:double></Value></Attribute><Attribute z:Id="i86"><AttributeType>rpy</AttributeType><IsRequired>true</IsRequired><Value i:type="a:ArrayOfdouble" xmlns:a="http://schemas.microsoft.com/2003/10/Serialization/Arrays"><a:double>0</a:double><a:double>0</a:double><a:double>0</a:double></Value></Attribute></Attributes><ChildElements/><ElementName>origin</ElementName><required>false</required><RPYAttribute z:Ref="i86"/><XYZAttribute z:Ref="i85"/><isCustomized>false</isCustomized></URDFElement><URDFElement z:Id="i87" i:type="Geometry"><Attributes/><ChildElements><URDFElement z:Id="i88" i:type="Mesh"><Attributes><Attribute z:Id="i89"><AttributeType>filename</AttributeType><IsRequired>true</IsRequired><Value i:nil="true"/></Attribute></Attributes><ChildElements/><ElementName>mesh</ElementName><required>false</required><FilenameAttribute z:Ref="i89"/></URDFElement></ChildElements><ElementName>geometry</ElementName><required>true</required><Mesh z:Ref="i88"/></URDFElement><URDFElement z:Id="i90" i:type="Material"><Attributes><Attribute z:Id="i91"><AttributeType>name</AttributeType><IsRequired>true</IsRequired><Value i:type="a:string" xmlns:a="http://www.w3.org/2001/XMLSchema"/></Attribute></Attributes><ChildElements><URDFElement z:Id="i92" i:type="Color"><Attributes><Attribute z:Id="i93"><AttributeType>rgba</AttributeType><IsRequired>true</IsRequired><Value i:type="a:ArrayOfdouble" xmlns:a="http://schemas.microsoft.com/2003/10/Serialization/Arrays"><a:double>1</a:double><a:double>1</a:double><a:double>1</a:double><a:double>1</a:double></Value></Attribute></Attributes><ChildElements/><ElementName>color</ElementName><required>false</required><RGBAAttribute z:Ref="i93"/></URDFElement><URDFElement z:Id="i94" i:type="Texture"><Attributes><Attribute z:Id="i95"><AttributeType>filename</AttributeType><IsRequired>true</IsRequired><Value i:nil="true"/></Attribute></Attributes><ChildElements/><ElementName>texture</ElementName><required>false</required><FilenameAttribute z:Ref="i95"/><wFilename/></URDFElement></ChildElements><ElementName>material</ElementName><required>false</required><Color z:Ref="i92"/><NameAttribute z:Ref="i91"/><Texture z:Ref="i94"/></URDFElement></ChildElements><ElementName>visual</ElementName><required>false</required><Geometry z:Ref="i87"/><Material z:Ref="i90"/><Origin z:Ref="i84"/></URDFElement><URDFElement z:Id="i96" i:type="Collision"><Attributes/><ChildElements><URDFElement z:Id="i97" i:type="Origin"><Attributes><Attribute z:Id="i98"><AttributeType>xyz</AttributeType><IsRequired>true</IsRequired><Value i:type="a:ArrayOfdouble" xmlns:a="http://schemas.microsoft.com/2003/10/Serialization/Arrays"><a:double>0</a:double><a:double>0</a:double><a:double>0</a:double></Value></Attribute><Attribute z:Id="i99"><AttributeType>rpy</AttributeType><IsRequired>true</IsRequired><Value i:type="a:ArrayOfdouble" xmlns:a="http://schemas.microsoft.com/2003/10/Serialization/Arrays"><a:double>0</a:double><a:double>0</a:double><a:double>0</a:double></Value></Attribute></Attributes><ChildElements/><ElementName>origin</ElementName><required>false</required><RPYAttribute z:Ref="i99"/><XYZAttribute z:Ref="i98"/><isCustomized>false</isCustomized></URDFElement><URDFElement z:Id="i100" i:type="Geometry"><Attributes/><ChildElements><URDFElement z:Id="i101" i:type="Mesh"><Attributes><Attribute z:Id="i102"><AttributeType>filename</AttributeType><IsRequired>true</IsRequired><Value i:nil="true"/></Attribute></Attributes><ChildElements/><ElementName>mesh</ElementName><required>false</required><FilenameAttribute z:Ref="i102"/></URDFElement></ChildElements><ElementName>geometry</ElementName><required>true</required><Mesh z:Ref="i101"/></URDFElement></ChildElements><ElementName>collision</ElementName><required>false</required><Geometry z:Ref="i100"/><Origin z:Ref="i97"/></URDFElement><URDFElement z:Id="i103" i:type="Joint"><Attributes><Attribute z:Id="i104"><AttributeType>name</AttributeType><IsRequired>true</IsRequired><Value i:type="a:string" xmlns:a="http://www.w3.org/2001/XMLSchema">joint_1</Value></Attribute><Attribute z:Id="i105"><AttributeType>type</AttributeType><IsRequired>true</IsRequired><Value i:type="a:string" xmlns:a="http://www.w3.org/2001/XMLSchema">revolute</Value></Attribute></Attributes><ChildElements><URDFElement z:Id="i106" i:type="Origin"><Attributes><Attribute z:Id="i107"><AttributeType>xyz</AttributeType><IsRequired>true</IsRequired><Value i:type="a:ArrayOfdouble" xmlns:a="http://schemas.microsoft.com/2003/10/Serialization/Arrays"><a:double>0</a:double><a:double>0</a:double><a:double>0</a:double></Value></Attribute><Attribute z:Id="i108"><AttributeType>rpy</AttributeType><IsRequired>true</IsRequired><Value i:type="a:ArrayOfdouble" xmlns:a="http://schemas.microsoft.com/2003/10/Serialization/Arrays"><a:double>0</a:double><a:double>0</a:double><a:double>0</a:double></Value></Attribute></Attributes><ChildElements/><ElementName>origin</ElementName><required>false</required><RPYAttribute z:Ref="i108"/><XYZAttribute z:Ref="i107"/><isCustomized>false</isCustomized></URDFElement><URDFElement z:Id="i109" i:type="ParentLink"><Attributes><Attribute z:Id="i110"><AttributeType>link</AttributeType><IsRequired>true</IsRequired><Value i:type="a:string" xmlns:a="http://www.w3.org/2001/XMLSchema"/></Attribute></Attributes><ChildElements/><ElementName>parent</ElementName><required>true</required><NameAttribute z:Ref="i110"/></URDFElement><URDFElement z:Id="i111" i:type="ChildLink"><Attributes><Attribute z:Id="i112"><AttributeType>link</AttributeType><IsRequired>true</IsRequired><Value i:type="a:string" xmlns:a="http://www.w3.org/2001/XMLSchema"/></Attribute></Attributes><ChildElements/><ElementName>child</ElementName><required>true</required><NameAttribute z:Ref="i112"/></URDFElement><URDFElement z:Id="i113" i:type="Axis"><Attributes><Attribute z:Id="i114"><AttributeType>xyz</AttributeType><IsRequired>true</IsRequired><Value i:type="a:ArrayOfdouble" xmlns:a="http://schemas.microsoft.com/2003/10/Serialization/Arrays"><a:double>0</a:double><a:double>0</a:double><a:double>0</a:double></Value></Attribute></Attributes><ChildElements/><ElementName>axis</ElementName><required>false</required><XYZAttribute z:Ref="i114"/></URDFElement><URDFElement z:Id="i115" i:type="Limit"><Attributes><Attribute z:Id="i116"><AttributeType>lower</AttributeType><IsRequired>false</IsRequired><Value i:nil="true"/></Attribute><Attribute z:Id="i117"><AttributeType>upper</AttributeType><IsRequired>false</IsRequired><Value i:nil="true"/></Attribute><Attribute z:Id="i118"><AttributeType>effort</AttributeType><IsRequired>true</IsRequired><Value i:nil="true"/></Attribute><Attribute z:Id="i119"><AttributeType>velocity</AttributeType><IsRequired>true</IsRequired><Value i:nil="true"/></Attribute></Attributes><ChildElements/><ElementName>limit</ElementName><required>false</required><EffortAttribute z:Ref="i118"/><LowerAttribute z:Ref="i116"/><UpperAttribute z:Ref="i117"/><VelocityAttribute z:Ref="i119"/></URDFElement><URDFElement z:Id="i120" i:type="Calibration"><Attributes><Attribute z:Id="i121"><AttributeType>rising</AttributeType><IsRequired>false</IsRequired><Value i:nil="true"/></Attribute><Attribute z:Id="i122"><AttributeType>falling</AttributeType><IsRequired>false</IsRequired><Value i:nil="true"/></Attribute></Attributes><ChildElements/><ElementName>calibration</ElementName><required>false</required><FallingAttribute z:Ref="i122"/><RisingAttribute z:Ref="i121"/></URDFElement><URDFElement z:Id="i123" i:type="Dynamics"><Attributes><Attribute z:Id="i124"><AttributeType>damping</AttributeType><IsRequired>false</IsRequired><Value i:nil="true"/></Attribute><Attribute z:Id="i125"><AttributeType>friction</AttributeType><IsRequired>false</IsRequired><Value i:nil="true"/></Attribute></Attributes><ChildElements/><ElementName>dynamics</ElementName><required>false</required><DampingAttribute z:Ref="i124"/><FrictionAttribute z:Ref="i125"/></URDFElement><URDFElement z:Id="i126" i:type="SafetyController"><Attributes><Attribute z:Id="i127"><AttributeType>soft_upper_limit</AttributeType><IsRequired>false</IsRequired><Value i:nil="true"/></Attribute><Attribute z:Id="i128"><AttributeType>soft_lower_limit</AttributeType><IsRequired>false</IsRequired><Value i:nil="true"/></Attribute><Attribute z:Id="i129"><AttributeType>k_position</AttributeType><IsRequired>false</IsRequired><Value i:nil="true"/></Attribute><Attribute z:Id="i130"><AttributeType>k_velocity</AttributeType><IsRequired>true</IsRequired><Value i:nil="true"/></Attribute></Attributes><ChildElements/><ElementName>safety_controller</ElementName><required>false</required><KPositionAttribute z:Ref="i129"/><KVelocityAttribute z:Ref="i130"/><SoftLowerAttribute z:Ref="i128"/><SoftUpperAttribute z:Ref="i127"/></URDFElement><URDFElement z:Id="i131" i:type="Mimic"><Attributes><Attribute z:Id="i132"><AttributeType>joint</AttributeType><IsRequired>true</IsRequired><Value i:nil="true"/></Attribute><Attribute z:Id="i133"><AttributeType>multiplier</AttributeType><IsRequired>false</IsRequired><Value i:nil="true"/></Attribute><Attribute z:Id="i134"><AttributeType>offset</AttributeType><IsRequired>false</IsRequired><Value i:nil="true"/></Attribute></Attributes><ChildElements/><ElementName>mimic</ElementName><required>false</required><JointNameAttribute z:Ref="i132"/><MultiplierAttribute z:Ref="i133"/><OffsetAttribute z:Ref="i134"/></URDFElement></ChildElements><ElementName>joint</ElementName><required>false</required><Axis z:Ref="i113"/><AxisName>?????????1</AxisName><Calibration z:Ref="i120"/><Child z:Ref="i111"/><CoordinateSystemName>?????????1</CoordinateSystemName><Dynamics z:Ref="i123"/><Limit z:Ref="i115"/><Mimic z:Ref="i131"/><NameAttribute z:Ref="i104"/><Origin z:Ref="i106"/><Parent z:Ref="i109"/><Safety z:Ref="i126"/><TypeAttribute z:Ref="i105"/></URDFElement></ChildElements><ElementName>link</ElementName><required>true</required><Children><Link z:Id="i135"><Attributes><Attribute z:Id="i136"><AttributeType>name</AttributeType><IsRequired>true</IsRequired><Value i:type="a:string" xmlns:a="http://www.w3.org/2001/XMLSchema">link_2</Value></Attribute></Attributes><ChildElements><URDFElement z:Id="i137" i:type="Inertial"><Attributes/><ChildElements><URDFElement z:Id="i138" i:type="Origin"><Attributes><Attribute z:Id="i139"><AttributeType>xyz</AttributeType><IsRequired>true</IsRequired><Value i:type="a:ArrayOfdouble" xmlns:a="http://schemas.microsoft.com/2003/10/Serialization/Arrays"><a:double>0</a:double><a:double>0</a:double><a:double>0</a:double></Value></Attribute><Attribute z:Id="i140"><AttributeType>rpy</AttributeType><IsRequired>true</IsRequired><Value i:type="a:ArrayOfdouble" xmlns:a="http://schemas.microsoft.com/2003/10/Serialization/Arrays"><a:double>0</a:double><a:double>0</a:double><a:double>0</a:double></Value></Attribute></Attributes><ChildElements/><ElementName>origin</ElementName><required>false</required><RPYAttribute z:Ref="i140"/><XYZAttribute z:Ref="i139"/><isCustomized>false</isCustomized></URDFElement><URDFElement z:Id="i141" i:type="Mass"><Attributes><Attribute z:Id="i142"><AttributeType>value</AttributeType><IsRequired>true</IsRequired><Value i:type="a:double" xmlns:a="http://www.w3.org/2001/XMLSchema">0</Value></Attribute></Attributes><ChildElements/><ElementName>mass</ElementName><required>false</required><ValueAttribute z:Ref="i142"/></URDFElement><URDFElement z:Id="i143" i:type="Inertia"><Attributes><Attribute z:Id="i144"><AttributeType>ixx</AttributeType><IsRequired>true</IsRequired><Value i:type="a:double" xmlns:a="http://www.w3.org/2001/XMLSchema">0</Value></Attribute><Attribute z:Id="i145"><AttributeType>ixy</AttributeType><IsRequired>true</IsRequired><Value i:type="a:double" xmlns:a="http://www.w3.org/2001/XMLSchema">0</Value></Attribute><Attribute z:Id="i146"><AttributeType>ixz</AttributeType><IsRequired>true</IsRequired><Value i:type="a:double" xmlns:a="http://www.w3.org/2001/XMLSchema">0</Value></Attribute><Attribute z:Id="i147"><AttributeType>iyy</AttributeType><IsRequired>true</IsRequired><Value i:type="a:double" xmlns:a="http://www.w3.org/2001/XMLSchema">0</Value></Attribute><Attribute z:Id="i148"><AttributeType>iyz</AttributeType><IsRequired>true</IsRequired><Value i:type="a:double" xmlns:a="http://www.w3.org/2001/XMLSchema">0</Value></Attribute><Attribute z:Id="i149"><AttributeType>izz</AttributeType><IsRequired>true</IsRequired><Value i:type="a:double" xmlns:a="http://www.w3.org/2001/XMLSchema">0</Value></Attribute></Attributes><ChildElements/><ElementName>inertia</ElementName><required>false</required><IxxAttribute z:Ref="i144"/><IxyAttribute z:Ref="i145"/><IxzAttribute z:Ref="i146"/><IyyAttribute z:Ref="i147"/><IyzAttribute z:Ref="i148"/><IzzAttribute z:Ref="i149"/></URDFElement></ChildElements><ElementName>inertial</ElementName><required>false</required><Inertia z:Ref="i143"/><Mass z:Ref="i141"/><Origin z:Ref="i138"/></URDFElement><URDFElement z:Id="i150" i:type="Visual"><Attributes/><ChildElements><URDFElement z:Id="i151" i:type="Origin"><Attributes><Attribute z:Id="i152"><AttributeType>xyz</AttributeType><IsRequired>true</IsRequired><Value i:type="a:ArrayOfdouble" xmlns:a="http://schemas.microsoft.com/2003/10/Serialization/Arrays"><a:double>0</a:double><a:double>0</a:double><a:double>0</a:double></Value></Attribute><Attribute z:Id="i153"><AttributeType>rpy</AttributeType><IsRequired>true</IsRequired><Value i:type="a:ArrayOfdouble" xmlns:a="http://schemas.microsoft.com/2003/10/Serialization/Arrays"><a:double>0</a:double><a:double>0</a:double><a:double>0</a:double></Value></Attribute></Attributes><ChildElements/><ElementName>origin</ElementName><required>false</required><RPYAttribute z:Ref="i153"/><XYZAttribute z:Ref="i152"/><isCustomized>false</isCustomized></URDFElement><URDFElement z:Id="i154" i:type="Geometry"><Attributes/><ChildElements><URDFElement z:Id="i155" i:type="Mesh"><Attributes><Attribute z:Id="i156"><AttributeType>filename</AttributeType><IsRequired>true</IsRequired><Value i:nil="true"/></Attribute></Attributes><ChildElements/><ElementName>mesh</ElementName><required>false</required><FilenameAttribute z:Ref="i156"/></URDFElement></ChildElements><ElementName>geometry</ElementName><required>true</required><Mesh z:Ref="i155"/></URDFElement><URDFElement z:Id="i157" i:type="Material"><Attributes><Attribute z:Id="i158"><AttributeType>name</AttributeType><IsRequired>true</IsRequired><Value i:type="a:string" xmlns:a="http://www.w3.org/2001/XMLSchema"/></Attribute></Attributes><ChildElements><URDFElement z:Id="i159" i:type="Color"><Attributes><Attribute z:Id="i160"><AttributeType>rgba</AttributeType><IsRequired>true</IsRequired><Value i:type="a:ArrayOfdouble" xmlns:a="http://schemas.microsoft.com/2003/10/Serialization/Arrays"><a:double>1</a:double><a:double>1</a:double><a:double>1</a:double><a:double>1</a:double></Value></Attribute></Attributes><ChildElements/><ElementName>color</ElementName><required>false</required><RGBAAttribute z:Ref="i160"/></URDFElement><URDFElement z:Id="i161" i:type="Texture"><Attributes><Attribute z:Id="i162"><AttributeType>filename</AttributeType><IsRequired>true</IsRequired><Value i:nil="true"/></Attribute></Attributes><ChildElements/><ElementName>texture</ElementName><required>false</required><FilenameAttribute z:Ref="i162"/><wFilename/></URDFElement></ChildElements><ElementName>material</ElementName><required>false</required><Color z:Ref="i159"/><NameAttribute z:Ref="i158"/><Texture z:Ref="i161"/></URDFElement></ChildElements><ElementName>visual</ElementName><required>false</required><Geometry z:Ref="i154"/><Material z:Ref="i157"/><Origin z:Ref="i151"/></URDFElement><URDFElement z:Id="i163" i:type="Collision"><Attributes/><ChildElements><URDFElement z:Id="i164" i:type="Origin"><Attributes><Attribute z:Id="i165"><AttributeType>xyz</AttributeType><IsRequired>true</IsRequired><Value i:type="a:ArrayOfdouble" xmlns:a="http://schemas.microsoft.com/2003/10/Serialization/Arrays"><a:double>0</a:double><a:double>0</a:double><a:double>0</a:double></Value></Attribute><Attribute z:Id="i166"><AttributeType>rpy</AttributeType><IsRequired>true</IsRequired><Value i:type="a:ArrayOfdouble" xmlns:a="http://schemas.microsoft.com/2003/10/Serialization/Arrays"><a:double>0</a:double><a:double>0</a:double><a:double>0</a:double></Value></Attribute></Attributes><ChildElements/><ElementName>origin</ElementName><required>false</required><RPYAttribute z:Ref="i166"/><XYZAttribute z:Ref="i165"/><isCustomized>false</isCustomized></URDFElement><URDFElement z:Id="i167" i:type="Geometry"><Attributes/><ChildElements><URDFElement z:Id="i168" i:type="Mesh"><Attributes><Attribute z:Id="i169"><AttributeType>filename</AttributeType><IsRequired>true</IsRequired><Value i:nil="true"/></Attribute></Attributes><ChildElements/><ElementName>mesh</ElementName><required>false</required><FilenameAttribute z:Ref="i169"/></URDFElement></ChildElements><ElementName>geometry</ElementName><required>true</required><Mesh z:Ref="i168"/></URDFElement></ChildElements><ElementName>collision</ElementName><required>false</required><Geometry z:Ref="i167"/><Origin z:Ref="i164"/></URDFElement><URDFElement z:Id="i170" i:type="Joint"><Attributes><Attribute z:Id="i171"><AttributeType>name</AttributeType><IsRequired>true</IsRequired><Value i:type="a:string" xmlns:a="http://www.w3.org/2001/XMLSchema">joint_2</Value></Attribute><Attribute z:Id="i172"><AttributeType>type</AttributeType><IsRequired>true</IsRequired><Value i:type="a:string" xmlns:a="http://www.w3.org/2001/XMLSchema">revolute</Value></Attribute></Attributes><ChildElements><URDFElement z:Id="i173" i:type="Origin"><Attributes><Attribute z:Id="i174"><AttributeType>xyz</AttributeType><IsRequired>true</IsRequired><Value i:type="a:ArrayOfdouble" xmlns:a="http://schemas.microsoft.com/2003/10/Serialization/Arrays"><a:double>0</a:double><a:double>0</a:double><a:double>0</a:double></Value></Attribute><Attribute z:Id="i175"><AttributeType>rpy</AttributeType><IsRequired>true</IsRequired><Value i:type="a:ArrayOfdouble" xmlns:a="http://schemas.microsoft.com/2003/10/Serialization/Arrays"><a:double>0</a:double><a:double>0</a:double><a:double>0</a:double></Value></Attribute></Attributes><ChildElements/><ElementName>origin</ElementName><required>false</required><RPYAttribute z:Ref="i175"/><XYZAttribute z:Ref="i174"/><isCustomized>false</isCustomized></URDFElement><URDFElement z:Id="i176" i:type="ParentLink"><Attributes><Attribute z:Id="i177"><AttributeType>link</AttributeType><IsRequired>true</IsRequired><Value i:type="a:string" xmlns:a="http://www.w3.org/2001/XMLSchema"/></Attribute></Attributes><ChildElements/><ElementName>parent</ElementName><required>true</required><NameAttribute z:Ref="i177"/></URDFElement><URDFElement z:Id="i178" i:type="ChildLink"><Attributes><Attribute z:Id="i179"><AttributeType>link</AttributeType><IsRequired>true</IsRequired><Value i:type="a:string" xmlns:a="http://www.w3.org/2001/XMLSchema"/></Attribute></Attributes><ChildElements/><ElementName>child</ElementName><required>true</required><NameAttribute z:Ref="i179"/></URDFElement><URDFElement z:Id="i180" i:type="Axis"><Attributes><Attribute z:Id="i181"><AttributeType>xyz</AttributeType><IsRequired>true</IsRequired><Value i:type="a:ArrayOfdouble" xmlns:a="http://schemas.microsoft.com/2003/10/Serialization/Arrays"><a:double>0</a:double><a:double>0</a:double><a:double>0</a:double></Value></Attribute></Attributes><ChildElements/><ElementName>axis</ElementName><required>false</required><XYZAttribute z:Ref="i181"/></URDFElement><URDFElement z:Id="i182" i:type="Limit"><Attributes><Attribute z:Id="i183"><AttributeType>lower</AttributeType><IsRequired>false</IsRequired><Value i:nil="true"/></Attribute><Attribute z:Id="i184"><AttributeType>upper</AttributeType><IsRequired>false</IsRequired><Value i:nil="true"/></Attribute><Attribute z:Id="i185"><AttributeType>effort</AttributeType><IsRequired>true</IsRequired><Value i:nil="true"/></Attribute><Attribute z:Id="i186"><AttributeType>velocity</AttributeType><IsRequired>true</IsRequired><Value i:nil="true"/></Attribute></Attributes><ChildElements/><ElementName>limit</ElementName><required>false</required><EffortAttribute z:Ref="i185"/><LowerAttribute z:Ref="i183"/><UpperAttribute z:Ref="i184"/><VelocityAttribute z:Ref="i186"/></URDFElement><URDFElement z:Id="i187" i:type="Calibration"><Attributes><Attribute z:Id="i188"><AttributeType>rising</AttributeType><IsRequired>false</IsRequired><Value i:nil="true"/></Attribute><Attribute z:Id="i189"><AttributeType>falling</AttributeType><IsRequired>false</IsRequired><Value i:nil="true"/></Attribute></Attributes><ChildElements/><ElementName>calibration</ElementName><required>false</required><FallingAttribute z:Ref="i189"/><RisingAttribute z:Ref="i188"/></URDFElement><URDFElement z:Id="i190" i:type="Dynamics"><Attributes><Attribute z:Id="i191"><AttributeType>damping</AttributeType><IsRequired>false</IsRequired><Value i:nil="true"/></Attribute><Attribute z:Id="i192"><AttributeType>friction</AttributeType><IsRequired>false</IsRequired><Value i:nil="true"/></Attribute></Attributes><ChildElements/><ElementName>dynamics</ElementName><required>false</required><DampingAttribute z:Ref="i191"/><FrictionAttribute z:Ref="i192"/></URDFElement><URDFElement z:Id="i193" i:type="SafetyController"><Attributes><Attribute z:Id="i194"><AttributeType>soft_upper_limit</AttributeType><IsRequired>false</IsRequired><Value i:nil="true"/></Attribute><Attribute z:Id="i195"><AttributeType>soft_lower_limit</AttributeType><IsRequired>false</IsRequired><Value i:nil="true"/></Attribute><Attribute z:Id="i196"><AttributeType>k_position</AttributeType><IsRequired>false</IsRequired><Value i:nil="true"/></Attribute><Attribute z:Id="i197"><AttributeType>k_velocity</AttributeType><IsRequired>true</IsRequired><Value i:nil="true"/></Attribute></Attributes><ChildElements/><ElementName>safety_controller</ElementName><required>false</required><KPositionAttribute z:Ref="i196"/><KVelocityAttribute z:Ref="i197"/><SoftLowerAttribute z:Ref="i195"/><SoftUpperAttribute z:Ref="i194"/></URDFElement><URDFElement z:Id="i198" i:type="Mimic"><Attributes><Attribute z:Id="i199"><AttributeType>joint</AttributeType><IsRequired>true</IsRequired><Value i:nil="true"/></Attribute><Attribute z:Id="i200"><AttributeType>multiplier</AttributeType><IsRequired>false</IsRequired><Value i:nil="true"/></Attribute><Attribute z:Id="i201"><AttributeType>offset</AttributeType><IsRequired>false</IsRequired><Value i:nil="true"/></Attribute></Attributes><ChildElements/><ElementName>mimic</ElementName><required>false</required><JointNameAttribute z:Ref="i199"/><MultiplierAttribute z:Ref="i200"/><OffsetAttribute z:Ref="i201"/></URDFElement></ChildElements><ElementName>joint</ElementName><required>false</required><Axis z:Ref="i180"/><AxisName>?????????2</AxisName><Calibration z:Ref="i187"/><Child z:Ref="i178"/><CoordinateSystemName>?????????2</CoordinateSystemName><Dynamics z:Ref="i190"/><Limit z:Ref="i182"/><Mimic z:Ref="i198"/><NameAttribute z:Ref="i171"/><Origin z:Ref="i173"/><Parent z:Ref="i176"/><Safety z:Ref="i193"/><TypeAttribute z:Ref="i172"/></URDFElement></ChildElements><ElementName>link</ElementName><required>true</required><Children><Link z:Id="i202"><Attributes><Attribute z:Id="i203"><AttributeType>name</AttributeType><IsRequired>true</IsRequired><Value i:type="a:string" xmlns:a="http://www.w3.org/2001/XMLSchema">link_3</Value></Attribute></Attributes><ChildElements><URDFElement z:Id="i204" i:type="Inertial"><Attributes/><ChildElements><URDFElement z:Id="i205" i:type="Origin"><Attributes><Attribute z:Id="i206"><AttributeType>xyz</AttributeType><IsRequired>true</IsRequired><Value i:type="a:ArrayOfdouble" xmlns:a="http://schemas.microsoft.com/2003/10/Serialization/Arrays"><a:double>0</a:double><a:double>0</a:double><a:double>0</a:double></Value></Attribute><Attribute z:Id="i207"><AttributeType>rpy</AttributeType><IsRequired>true</IsRequired><Value i:type="a:ArrayOfdouble" xmlns:a="http://schemas.microsoft.com/2003/10/Serialization/Arrays"><a:double>0</a:double><a:double>0</a:double><a:double>0</a:double></Value></Attribute></Attributes><ChildElements/><ElementName>origin</ElementName><required>false</required><RPYAttribute z:Ref="i207"/><XYZAttribute z:Ref="i206"/><isCustomized>false</isCustomized></URDFElement><URDFElement z:Id="i208" i:type="Mass"><Attributes><Attribute z:Id="i209"><AttributeType>value</AttributeType><IsRequired>true</IsRequired><Value i:type="a:double" xmlns:a="http://www.w3.org/2001/XMLSchema">0</Value></Attribute></Attributes><ChildElements/><ElementName>mass</ElementName><required>false</required><ValueAttribute z:Ref="i209"/></URDFElement><URDFElement z:Id="i210" i:type="Inertia"><Attributes><Attribute z:Id="i211"><AttributeType>ixx</AttributeType><IsRequired>true</IsRequired><Value i:type="a:double" xmlns:a="http://www.w3.org/2001/XMLSchema">0</Value></Attribute><Attribute z:Id="i212"><AttributeType>ixy</AttributeType><IsRequired>true</IsRequired><Value i:type="a:double" xmlns:a="http://www.w3.org/2001/XMLSchema">0</Value></Attribute><Attribute z:Id="i213"><AttributeType>ixz</AttributeType><IsRequired>true</IsRequired><Value i:type="a:double" xmlns:a="http://www.w3.org/2001/XMLSchema">0</Value></Attribute><Attribute z:Id="i214"><AttributeType>iyy</AttributeType><IsRequired>true</IsRequired><Value i:type="a:double" xmlns:a="http://www.w3.org/2001/XMLSchema">0</Value></Attribute><Attribute z:Id="i215"><AttributeType>iyz</AttributeType><IsRequired>true</IsRequired><Value i:type="a:double" xmlns:a="http://www.w3.org/2001/XMLSchema">0</Value></Attribute><Attribute z:Id="i216"><AttributeType>izz</AttributeType><IsRequired>true</IsRequired><Value i:type="a:double" xmlns:a="http://www.w3.org/2001/XMLSchema">0</Value></Attribute></Attributes><ChildElements/><ElementName>inertia</ElementName><required>false</required><IxxAttribute z:Ref="i211"/><IxyAttribute z:Ref="i212"/><IxzAttribute z:Ref="i213"/><IyyAttribute z:Ref="i214"/><IyzAttribute z:Ref="i215"/><IzzAttribute z:Ref="i216"/></URDFElement></ChildElements><ElementName>inertial</ElementName><required>false</required><Inertia z:Ref="i210"/><Mass z:Ref="i208"/><Origin z:Ref="i205"/></URDFElement><URDFElement z:Id="i217" i:type="Visual"><Attributes/><ChildElements><URDFElement z:Id="i218" i:type="Origin"><Attributes><Attribute z:Id="i219"><AttributeType>xyz</AttributeType><IsRequired>true</IsRequired><Value i:type="a:ArrayOfdouble" xmlns:a="http://schemas.microsoft.com/2003/10/Serialization/Arrays"><a:double>0</a:double><a:double>0</a:double><a:double>0</a:double></Value></Attribute><Attribute z:Id="i220"><AttributeType>rpy</AttributeType><IsRequired>true</IsRequired><Value i:type="a:ArrayOfdouble" xmlns:a="http://schemas.microsoft.com/2003/10/Serialization/Arrays"><a:double>0</a:double><a:double>0</a:double><a:double>0</a:double></Value></Attribute></Attributes><ChildElements/><ElementName>origin</ElementName><required>false</required><RPYAttribute z:Ref="i220"/><XYZAttribute z:Ref="i219"/><isCustomized>false</isCustomized></URDFElement><URDFElement z:Id="i221" i:type="Geometry"><Attributes/><ChildElements><URDFElement z:Id="i222" i:type="Mesh"><Attributes><Attribute z:Id="i223"><AttributeType>filename</AttributeType><IsRequired>true</IsRequired><Value i:nil="true"/></Attribute></Attributes><ChildElements/><ElementName>mesh</ElementName><required>false</required><FilenameAttribute z:Ref="i223"/></URDFElement></ChildElements><ElementName>geometry</ElementName><required>true</required><Mesh z:Ref="i222"/></URDFElement><URDFElement z:Id="i224" i:type="Material"><Attributes><Attribute z:Id="i225"><AttributeType>name</AttributeType><IsRequired>true</IsRequired><Value i:type="a:string" xmlns:a="http://www.w3.org/2001/XMLSchema"/></Attribute></Attributes><ChildElements><URDFElement z:Id="i226" i:type="Color"><Attributes><Attribute z:Id="i227"><AttributeType>rgba</AttributeType><IsRequired>true</IsRequired><Value i:type="a:ArrayOfdouble" xmlns:a="http://schemas.microsoft.com/2003/10/Serialization/Arrays"><a:double>1</a:double><a:double>1</a:double><a:double>1</a:double><a:double>1</a:double></Value></Attribute></Attributes><ChildElements/><ElementName>color</ElementName><required>false</required><RGBAAttribute z:Ref="i227"/></URDFElement><URDFElement z:Id="i228" i:type="Texture"><Attributes><Attribute z:Id="i229"><AttributeType>filename</AttributeType><IsRequired>true</IsRequired><Value i:nil="true"/></Attribute></Attributes><ChildElements/><ElementName>texture</ElementName><required>false</required><FilenameAttribute z:Ref="i229"/><wFilename/></URDFElement></ChildElements><ElementName>material</ElementName><required>false</required><Color z:Ref="i226"/><NameAttribute z:Ref="i225"/><Texture z:Ref="i228"/></URDFElement></ChildElements><ElementName>visual</ElementName><required>false</required><Geometry z:Ref="i221"/><Material z:Ref="i224"/><Origin z:Ref="i218"/></URDFElement><URDFElement z:Id="i230" i:type="Collision"><Attributes/><ChildElements><URDFElement z:Id="i231" i:type="Origin"><Attributes><Attribute z:Id="i232"><AttributeType>xyz</AttributeType><IsRequired>true</IsRequired><Value i:type="a:ArrayOfdouble" xmlns:a="http://schemas.microsoft.com/2003/10/Serialization/Arrays"><a:double>0</a:double><a:double>0</a:double><a:double>0</a:double></Value></Attribute><Attribute z:Id="i233"><AttributeType>rpy</AttributeType><IsRequired>true</IsRequired><Value i:type="a:ArrayOfdouble" xmlns:a="http://schemas.microsoft.com/2003/10/Serialization/Arrays"><a:double>0</a:double><a:double>0</a:double><a:double>0</a:double></Value></Attribute></Attributes><ChildElements/><ElementName>origin</ElementName><required>false</required><RPYAttribute z:Ref="i233"/><XYZAttribute z:Ref="i232"/><isCustomized>false</isCustomized></URDFElement><URDFElement z:Id="i234" i:type="Geometry"><Attributes/><ChildElements><URDFElement z:Id="i235" i:type="Mesh"><Attributes><Attribute z:Id="i236"><AttributeType>filename</AttributeType><IsRequired>true</IsRequired><Value i:nil="true"/></Attribute></Attributes><ChildElements/><ElementName>mesh</ElementName><required>false</required><FilenameAttribute z:Ref="i236"/></URDFElement></ChildElements><ElementName>geometry</ElementName><required>true</required><Mesh z:Ref="i235"/></URDFElement></ChildElements><ElementName>collision</ElementName><required>false</required><Geometry z:Ref="i234"/><Origin z:Ref="i231"/></URDFElement><URDFElement z:Id="i237" i:type="Joint"><Attributes><Attribute z:Id="i238"><AttributeType>name</AttributeType><IsRequired>true</IsRequired><Value i:type="a:string" xmlns:a="http://www.w3.org/2001/XMLSchema">joint_3</Value></Attribute><Attribute z:Id="i239"><AttributeType>type</AttributeType><IsRequired>true</IsRequired><Value i:type="a:string" xmlns:a="http://www.w3.org/2001/XMLSchema">revolute</Value></Attribute></Attributes><ChildElements><URDFElement z:Id="i240" i:type="Origin"><Attributes><Attribute z:Id="i241"><AttributeType>xyz</AttributeType><IsRequired>true</IsRequired><Value i:type="a:ArrayOfdouble" xmlns:a="http://schemas.microsoft.com/2003/10/Serialization/Arrays"><a:double>0</a:double><a:double>0</a:double><a:double>0</a:double></Value></Attribute><Attribute z:Id="i242"><AttributeType>rpy</AttributeType><IsRequired>true</IsRequired><Value i:type="a:ArrayOfdouble" xmlns:a="http://schemas.microsoft.com/2003/10/Serialization/Arrays"><a:double>0</a:double><a:double>0</a:double><a:double>0</a:double></Value></Attribute></Attributes><ChildElements/><ElementName>origin</ElementName><required>false</required><RPYAttribute z:Ref="i242"/><XYZAttribute z:Ref="i241"/><isCustomized>false</isCustomized></URDFElement><URDFElement z:Id="i243" i:type="ParentLink"><Attributes><Attribute z:Id="i244"><AttributeType>link</AttributeType><IsRequired>true</IsRequired><Value i:type="a:string" xmlns:a="http://www.w3.org/2001/XMLSchema"/></Attribute></Attributes><ChildElements/><ElementName>parent</ElementName><required>true</required><NameAttribute z:Ref="i244"/></URDFElement><URDFElement z:Id="i245" i:type="ChildLink"><Attributes><Attribute z:Id="i246"><AttributeType>link</AttributeType><IsRequired>true</IsRequired><Value i:type="a:string" xmlns:a="http://www.w3.org/2001/XMLSchema"/></Attribute></Attributes><ChildElements/><ElementName>child</ElementName><required>true</required><NameAttribute z:Ref="i246"/></URDFElement><URDFElement z:Id="i247" i:type="Axis"><Attributes><Attribute z:Id="i248"><AttributeType>xyz</AttributeType><IsRequired>true</IsRequired><Value i:type="a:ArrayOfdouble" xmlns:a="http://schemas.microsoft.com/2003/10/Serialization/Arrays"><a:double>0</a:double><a:double>0</a:double><a:double>0</a:double></Value></Attribute></Attributes><ChildElements/><ElementName>axis</ElementName><required>false</required><XYZAttribute z:Ref="i248"/></URDFElement><URDFElement z:Id="i249" i:type="Limit"><Attributes><Attribute z:Id="i250"><AttributeType>lower</AttributeType><IsRequired>false</IsRequired><Value i:nil="true"/></Attribute><Attribute z:Id="i251"><AttributeType>upper</AttributeType><IsRequired>false</IsRequired><Value i:nil="true"/></Attribute><Attribute z:Id="i252"><AttributeType>effort</AttributeType><IsRequired>true</IsRequired><Value i:nil="true"/></Attribute><Attribute z:Id="i253"><AttributeType>velocity</AttributeType><IsRequired>true</IsRequired><Value i:nil="true"/></Attribute></Attributes><ChildElements/><ElementName>limit</ElementName><required>false</required><EffortAttribute z:Ref="i252"/><LowerAttribute z:Ref="i250"/><UpperAttribute z:Ref="i251"/><VelocityAttribute z:Ref="i253"/></URDFElement><URDFElement z:Id="i254" i:type="Calibration"><Attributes><Attribute z:Id="i255"><AttributeType>rising</AttributeType><IsRequired>false</IsRequired><Value i:nil="true"/></Attribute><Attribute z:Id="i256"><AttributeType>falling</AttributeType><IsRequired>false</IsRequired><Value i:nil="true"/></Attribute></Attributes><ChildElements/><ElementName>calibration</ElementName><required>false</required><FallingAttribute z:Ref="i256"/><RisingAttribute z:Ref="i255"/></URDFElement><URDFElement z:Id="i257" i:type="Dynamics"><Attributes><Attribute z:Id="i258"><AttributeType>damping</AttributeType><IsRequired>false</IsRequired><Value i:nil="true"/></Attribute><Attribute z:Id="i259"><AttributeType>friction</AttributeType><IsRequired>false</IsRequired><Value i:nil="true"/></Attribute></Attributes><ChildElements/><ElementName>dynamics</ElementName><required>false</required><DampingAttribute z:Ref="i258"/><FrictionAttribute z:Ref="i259"/></URDFElement><URDFElement z:Id="i260" i:type="SafetyController"><Attributes><Attribute z:Id="i261"><AttributeType>soft_upper_limit</AttributeType><IsRequired>false</IsRequired><Value i:nil="true"/></Attribute><Attribute z:Id="i262"><AttributeType>soft_lower_limit</AttributeType><IsRequired>false</IsRequired><Value i:nil="true"/></Attribute><Attribute z:Id="i263"><AttributeType>k_position</AttributeType><IsRequired>false</IsRequired><Value i:nil="true"/></Attribute><Attribute z:Id="i264"><AttributeType>k_velocity</AttributeType><IsRequired>true</IsRequired><Value i:nil="true"/></Attribute></Attributes><ChildElements/><ElementName>safety_controller</ElementName><required>false</required><KPositionAttribute z:Ref="i263"/><KVelocityAttribute z:Ref="i264"/><SoftLowerAttribute z:Ref="i262"/><SoftUpperAttribute z:Ref="i261"/></URDFElement><URDFElement z:Id="i265" i:type="Mimic"><Attributes><Attribute z:Id="i266"><AttributeType>joint</AttributeType><IsRequired>true</IsRequired><Value i:nil="true"/></Attribute><Attribute z:Id="i267"><AttributeType>multiplier</AttributeType><IsRequired>false</IsRequired><Value i:nil="true"/></Attribute><Attribute z:Id="i268"><AttributeType>offset</AttributeType><IsRequired>false</IsRequired><Value i:nil="true"/></Attribute></Attributes><ChildElements/><ElementName>mimic</ElementName><required>false</required><JointNameAttribute z:Ref="i266"/><MultiplierAttribute z:Ref="i267"/><OffsetAttribute z:Ref="i268"/></URDFElement></ChildElements><ElementName>joint</ElementName><required>false</required><Axis z:Ref="i247"/><AxisName>?????????3</AxisName><Calibration z:Ref="i254"/><Child z:Ref="i245"/><CoordinateSystemName>?????????3</CoordinateSystemName><Dynamics z:Ref="i257"/><Limit z:Ref="i249"/><Mimic z:Ref="i265"/><NameAttribute z:Ref="i238"/><Origin z:Ref="i240"/><Parent z:Ref="i243"/><Safety z:Ref="i260"/><TypeAttribute z:Ref="i239"/></URDFElement></ChildElements><ElementName>link</ElementName><required>true</required><Children><Link z:Id="i269"><Attributes><Attribute z:Id="i270"><AttributeType>name</AttributeType><IsRequired>true</IsRequired><Value i:type="a:string" xmlns:a="http://www.w3.org/2001/XMLSchema">link_4</Value></Attribute></Attributes><ChildElements><URDFElement z:Id="i271" i:type="Inertial"><Attributes/><ChildElements><URDFElement z:Id="i272" i:type="Origin"><Attributes><Attribute z:Id="i273"><AttributeType>xyz</AttributeType><IsRequired>true</IsRequired><Value i:type="a:ArrayOfdouble" xmlns:a="http://schemas.microsoft.com/2003/10/Serialization/Arrays"><a:double>0</a:double><a:double>0</a:double><a:double>0</a:double></Value></Attribute><Attribute z:Id="i274"><AttributeType>rpy</AttributeType><IsRequired>true</IsRequired><Value i:type="a:ArrayOfdouble" xmlns:a="http://schemas.microsoft.com/2003/10/Serialization/Arrays"><a:double>0</a:double><a:double>0</a:double><a:double>0</a:double></Value></Attribute></Attributes><ChildElements/><ElementName>origin</ElementName><required>false</required><RPYAttribute z:Ref="i274"/><XYZAttribute z:Ref="i273"/><isCustomized>false</isCustomized></URDFElement><URDFElement z:Id="i275" i:type="Mass"><Attributes><Attribute z:Id="i276"><AttributeType>value</AttributeType><IsRequired>true</IsRequired><Value i:type="a:double" xmlns:a="http://www.w3.org/2001/XMLSchema">0</Value></Attribute></Attributes><ChildElements/><ElementName>mass</ElementName><required>false</required><ValueAttribute z:Ref="i276"/></URDFElement><URDFElement z:Id="i277" i:type="Inertia"><Attributes><Attribute z:Id="i278"><AttributeType>ixx</AttributeType><IsRequired>true</IsRequired><Value i:type="a:double" xmlns:a="http://www.w3.org/2001/XMLSchema">0</Value></Attribute><Attribute z:Id="i279"><AttributeType>ixy</AttributeType><IsRequired>true</IsRequired><Value i:type="a:double" xmlns:a="http://www.w3.org/2001/XMLSchema">0</Value></Attribute><Attribute z:Id="i280"><AttributeType>ixz</AttributeType><IsRequired>true</IsRequired><Value i:type="a:double" xmlns:a="http://www.w3.org/2001/XMLSchema">0</Value></Attribute><Attribute z:Id="i281"><AttributeType>iyy</AttributeType><IsRequired>true</IsRequired><Value i:type="a:double" xmlns:a="http://www.w3.org/2001/XMLSchema">0</Value></Attribute><Attribute z:Id="i282"><AttributeType>iyz</AttributeType><IsRequired>true</IsRequired><Value i:type="a:double" xmlns:a="http://www.w3.org/2001/XMLSchema">0</Value></Attribute><Attribute z:Id="i283"><AttributeType>izz</AttributeType><IsRequired>true</IsRequired><Value i:type="a:double" xmlns:a="http://www.w3.org/2001/XMLSchema">0</Value></Attribute></Attributes><ChildElements/><ElementName>inertia</ElementName><required>false</required><IxxAttribute z:Ref="i278"/><IxyAttribute z:Ref="i279"/><IxzAttribute z:Ref="i280"/><IyyAttribute z:Ref="i281"/><IyzAttribute z:Ref="i282"/><IzzAttribute z:Ref="i283"/></URDFElement></ChildElements><ElementName>inertial</ElementName><required>false</required><Inertia z:Ref="i277"/><Mass z:Ref="i275"/><Origin z:Ref="i272"/></URDFElement><URDFElement z:Id="i284" i:type="Visual"><Attributes/><ChildElements><URDFElement z:Id="i285" i:type="Origin"><Attributes><Attribute z:Id="i286"><AttributeType>xyz</AttributeType><IsRequired>true</IsRequired><Value i:type="a:ArrayOfdouble" xmlns:a="http://schemas.microsoft.com/2003/10/Serialization/Arrays"><a:double>0</a:double><a:double>0</a:double><a:double>0</a:double></Value></Attribute><Attribute z:Id="i287"><AttributeType>rpy</AttributeType><IsRequired>true</IsRequired><Value i:type="a:ArrayOfdouble" xmlns:a="http://schemas.microsoft.com/2003/10/Serialization/Arrays"><a:double>0</a:double><a:double>0</a:double><a:double>0</a:double></Value></Attribute></Attributes><ChildElements/><ElementName>origin</ElementName><required>false</required><RPYAttribute z:Ref="i287"/><XYZAttribute z:Ref="i286"/><isCustomized>false</isCustomized></URDFElement><URDFElement z:Id="i288" i:type="Geometry"><Attributes/><ChildElements><URDFElement z:Id="i289" i:type="Mesh"><Attributes><Attribute z:Id="i290"><AttributeType>filename</AttributeType><IsRequired>true</IsRequired><Value i:nil="true"/></Attribute></Attributes><ChildElements/><ElementName>mesh</ElementName><required>false</required><FilenameAttribute z:Ref="i290"/></URDFElement></ChildElements><ElementName>geometry</ElementName><required>true</required><Mesh z:Ref="i289"/></URDFElement><URDFElement z:Id="i291" i:type="Material"><Attributes><Attribute z:Id="i292"><AttributeType>name</AttributeType><IsRequired>true</IsRequired><Value i:type="a:string" xmlns:a="http://www.w3.org/2001/XMLSchema"/></Attribute></Attributes><ChildElements><URDFElement z:Id="i293" i:type="Color"><Attributes><Attribute z:Id="i294"><AttributeType>rgba</AttributeType><IsRequired>true</IsRequired><Value i:type="a:ArrayOfdouble" xmlns:a="http://schemas.microsoft.com/2003/10/Serialization/Arrays"><a:double>1</a:double><a:double>1</a:double><a:double>1</a:double><a:double>1</a:double></Value></Attribute></Attributes><ChildElements/><ElementName>color</ElementName><required>false</required><RGBAAttribute z:Ref="i294"/></URDFElement><URDFElement z:Id="i295" i:type="Texture"><Attributes><Attribute z:Id="i296"><AttributeType>filename</AttributeType><IsRequired>true</IsRequired><Value i:nil="true"/></Attribute></Attributes><ChildElements/><ElementName>texture</ElementName><required>false</required><FilenameAttribute z:Ref="i296"/><wFilename/></URDFElement></ChildElements><ElementName>material</ElementName><required>false</required><Color z:Ref="i293"/><NameAttribute z:Ref="i292"/><Texture z:Ref="i295"/></URDFElement></ChildElements><ElementName>visual</ElementName><required>false</required><Geometry z:Ref="i288"/><Material z:Ref="i291"/><Origin z:Ref="i285"/></URDFElement><URDFElement z:Id="i297" i:type="Collision"><Attributes/><ChildElements><URDFElement z:Id="i298" i:type="Origin"><Attributes><Attribute z:Id="i299"><AttributeType>xyz</AttributeType><IsRequired>true</IsRequired><Value i:type="a:ArrayOfdouble" xmlns:a="http://schemas.microsoft.com/2003/10/Serialization/Arrays"><a:double>0</a:double><a:double>0</a:double><a:double>0</a:double></Value></Attribute><Attribute z:Id="i300"><AttributeType>rpy</AttributeType><IsRequired>true</IsRequired><Value i:type="a:ArrayOfdouble" xmlns:a="http://schemas.microsoft.com/2003/10/Serialization/Arrays"><a:double>0</a:double><a:double>0</a:double><a:double>0</a:double></Value></Attribute></Attributes><ChildElements/><ElementName>origin</ElementName><required>false</required><RPYAttribute z:Ref="i300"/><XYZAttribute z:Ref="i299"/><isCustomized>false</isCustomized></URDFElement><URDFElement z:Id="i301" i:type="Geometry"><Attributes/><ChildElements><URDFElement z:Id="i302" i:type="Mesh"><Attributes><Attribute z:Id="i303"><AttributeType>filename</AttributeType><IsRequired>true</IsRequired><Value i:nil="true"/></Attribute></Attributes><ChildElements/><ElementName>mesh</ElementName><required>false</required><FilenameAttribute z:Ref="i303"/></URDFElement></ChildElements><ElementName>geometry</ElementName><required>true</required><Mesh z:Ref="i302"/></URDFElement></ChildElements><ElementName>collision</ElementName><required>false</required><Geometry z:Ref="i301"/><Origin z:Ref="i298"/></URDFElement><URDFElement z:Id="i304" i:type="Joint"><Attributes><Attribute z:Id="i305"><AttributeType>name</AttributeType><IsRequired>true</IsRequired><Value i:type="a:string" xmlns:a="http://www.w3.org/2001/XMLSchema">joint_4</Value></Attribute><Attribute z:Id="i306"><AttributeType>type</AttributeType><IsRequired>true</IsRequired><Value i:type="a:string" xmlns:a="http://www.w3.org/2001/XMLSchema">revolute</Value></Attribute></Attributes><ChildElements><URDFElement z:Id="i307" i:type="Origin"><Attributes><Attribute z:Id="i308"><AttributeType>xyz</AttributeType><IsRequired>true</IsRequired><Value i:type="a:ArrayOfdouble" xmlns:a="http://schemas.microsoft.com/2003/10/Serialization/Arrays"><a:double>0</a:double><a:double>0</a:double><a:double>0</a:double></Value></Attribute><Attribute z:Id="i309"><AttributeType>rpy</AttributeType><IsRequired>true</IsRequired><Value i:type="a:ArrayOfdouble" xmlns:a="http://schemas.microsoft.com/2003/10/Serialization/Arrays"><a:double>0</a:double><a:double>0</a:double><a:double>0</a:double></Value></Attribute></Attributes><ChildElements/><ElementName>origin</ElementName><required>false</required><RPYAttribute z:Ref="i309"/><XYZAttribute z:Ref="i308"/><isCustomized>false</isCustomized></URDFElement><URDFElement z:Id="i310" i:type="ParentLink"><Attributes><Attribute z:Id="i311"><AttributeType>link</AttributeType><IsRequired>true</IsRequired><Value i:type="a:string" xmlns:a="http://www.w3.org/2001/XMLSchema"/></Attribute></Attributes><ChildElements/><ElementName>parent</ElementName><required>true</required><NameAttribute z:Ref="i311"/></URDFElement><URDFElement z:Id="i312" i:type="ChildLink"><Attributes><Attribute z:Id="i313"><AttributeType>link</AttributeType><IsRequired>true</IsRequired><Value i:type="a:string" xmlns:a="http://www.w3.org/2001/XMLSchema"/></Attribute></Attributes><ChildElements/><ElementName>child</ElementName><required>true</required><NameAttribute z:Ref="i313"/></URDFElement><URDFElement z:Id="i314" i:type="Axis"><Attributes><Attribute z:Id="i315"><AttributeType>xyz</AttributeType><IsRequired>true</IsRequired><Value i:type="a:ArrayOfdouble" xmlns:a="http://schemas.microsoft.com/2003/10/Serialization/Arrays"><a:double>0</a:double><a:double>0</a:double><a:double>0</a:double></Value></Attribute></Attributes><ChildElements/><ElementName>axis</ElementName><required>false</required><XYZAttribute z:Ref="i315"/></URDFElement><URDFElement z:Id="i316" i:type="Limit"><Attributes><Attribute z:Id="i317"><AttributeType>lower</AttributeType><IsRequired>false</IsRequired><Value i:nil="true"/></Attribute><Attribute z:Id="i318"><AttributeType>upper</AttributeType><IsRequired>false</IsRequired><Value i:nil="true"/></Attribute><Attribute z:Id="i319"><AttributeType>effort</AttributeType><IsRequired>true</IsRequired><Value i:nil="true"/></Attribute><Attribute z:Id="i320"><AttributeType>velocity</AttributeType><IsRequired>true</IsRequired><Value i:nil="true"/></Attribute></Attributes><ChildElements/><ElementName>limit</ElementName><required>false</required><EffortAttribute z:Ref="i319"/><LowerAttribute z:Ref="i317"/><UpperAttribute z:Ref="i318"/><VelocityAttribute z:Ref="i320"/></URDFElement><URDFElement z:Id="i321" i:type="Calibration"><Attributes><Attribute z:Id="i322"><AttributeType>rising</AttributeType><IsRequired>false</IsRequired><Value i:nil="true"/></Attribute><Attribute z:Id="i323"><AttributeType>falling</AttributeType><IsRequired>false</IsRequired><Value i:nil="true"/></Attribute></Attributes><ChildElements/><ElementName>calibration</ElementName><required>false</required><FallingAttribute z:Ref="i323"/><RisingAttribute z:Ref="i322"/></URDFElement><URDFElement z:Id="i324" i:type="Dynamics"><Attributes><Attribute z:Id="i325"><AttributeType>damping</AttributeType><IsRequired>false</IsRequired><Value i:nil="true"/></Attribute><Attribute z:Id="i326"><AttributeType>friction</AttributeType><IsRequired>false</IsRequired><Value i:nil="true"/></Attribute></Attributes><ChildElements/><ElementName>dynamics</ElementName><required>false</required><DampingAttribute z:Ref="i325"/><FrictionAttribute z:Ref="i326"/></URDFElement><URDFElement z:Id="i327" i:type="SafetyController"><Attributes><Attribute z:Id="i328"><AttributeType>soft_upper_limit</AttributeType><IsRequired>false</IsRequired><Value i:nil="true"/></Attribute><Attribute z:Id="i329"><AttributeType>soft_lower_limit</AttributeType><IsRequired>false</IsRequired><Value i:nil="true"/></Attribute><Attribute z:Id="i330"><AttributeType>k_position</AttributeType><IsRequired>false</IsRequired><Value i:nil="true"/></Attribute><Attribute z:Id="i331"><AttributeType>k_velocity</AttributeType><IsRequired>true</IsRequired><Value i:nil="true"/></Attribute></Attributes><ChildElements/><ElementName>safety_controller</ElementName><required>false</required><KPositionAttribute z:Ref="i330"/><KVelocityAttribute z:Ref="i331"/><SoftLowerAttribute z:Ref="i329"/><SoftUpperAttribute z:Ref="i328"/></URDFElement><URDFElement z:Id="i332" i:type="Mimic"><Attributes><Attribute z:Id="i333"><AttributeType>joint</AttributeType><IsRequired>true</IsRequired><Value i:nil="true"/></Attribute><Attribute z:Id="i334"><AttributeType>multiplier</AttributeType><IsRequired>false</IsRequired><Value i:nil="true"/></Attribute><Attribute z:Id="i335"><AttributeType>offset</AttributeType><IsRequired>false</IsRequired><Value i:nil="true"/></Attribute></Attributes><ChildElements/><ElementName>mimic</ElementName><required>false</required><JointNameAttribute z:Ref="i333"/><MultiplierAttribute z:Ref="i334"/><OffsetAttribute z:Ref="i335"/></URDFElement></ChildElements><ElementName>joint</ElementName><required>false</required><Axis z:Ref="i314"/><AxisName>?????????4</AxisName><Calibration z:Ref="i321"/><Child z:Ref="i312"/><CoordinateSystemName>?????????4</CoordinateSystemName><Dynamics z:Ref="i324"/><Limit z:Ref="i316"/><Mimic z:Ref="i332"/><NameAttribute z:Ref="i305"/><Origin z:Ref="i307"/><Parent z:Ref="i310"/><Safety z:Ref="i327"/><TypeAttribute z:Ref="i306"/></URDFElement></ChildElements><ElementName>link</ElementName><required>true</required><Children><Link z:Id="i336"><Attributes><Attribute z:Id="i337"><AttributeType>name</AttributeType><IsRequired>true</IsRequired><Value i:type="a:string" xmlns:a="http://www.w3.org/2001/XMLSchema">link_5</Value></Attribute></Attributes><ChildElements><URDFElement z:Id="i338" i:type="Inertial"><Attributes/><ChildElements><URDFElement z:Id="i339" i:type="Origin"><Attributes><Attribute z:Id="i340"><AttributeType>xyz</AttributeType><IsRequired>true</IsRequired><Value i:type="a:ArrayOfdouble" xmlns:a="http://schemas.microsoft.com/2003/10/Serialization/Arrays"><a:double>0</a:double><a:double>0</a:double><a:double>0</a:double></Value></Attribute><Attribute z:Id="i341"><AttributeType>rpy</AttributeType><IsRequired>true</IsRequired><Value i:type="a:ArrayOfdouble" xmlns:a="http://schemas.microsoft.com/2003/10/Serialization/Arrays"><a:double>0</a:double><a:double>0</a:double><a:double>0</a:double></Value></Attribute></Attributes><ChildElements/><ElementName>origin</ElementName><required>false</required><RPYAttribute z:Ref="i341"/><XYZAttribute z:Ref="i340"/><isCustomized>false</isCustomized></URDFElement><URDFElement z:Id="i342" i:type="Mass"><Attributes><Attribute z:Id="i343"><AttributeType>value</AttributeType><IsRequired>true</IsRequired><Value i:type="a:double" xmlns:a="http://www.w3.org/2001/XMLSchema">0</Value></Attribute></Attributes><ChildElements/><ElementName>mass</ElementName><required>false</required><ValueAttribute z:Ref="i343"/></URDFElement><URDFElement z:Id="i344" i:type="Inertia"><Attributes><Attribute z:Id="i345"><AttributeType>ixx</AttributeType><IsRequired>true</IsRequired><Value i:type="a:double" xmlns:a="http://www.w3.org/2001/XMLSchema">0</Value></Attribute><Attribute z:Id="i346"><AttributeType>ixy</AttributeType><IsRequired>true</IsRequired><Value i:type="a:double" xmlns:a="http://www.w3.org/2001/XMLSchema">0</Value></Attribute><Attribute z:Id="i347"><AttributeType>ixz</AttributeType><IsRequired>true</IsRequired><Value i:type="a:double" xmlns:a="http://www.w3.org/2001/XMLSchema">0</Value></Attribute><Attribute z:Id="i348"><AttributeType>iyy</AttributeType><IsRequired>true</IsRequired><Value i:type="a:double" xmlns:a="http://www.w3.org/2001/XMLSchema">0</Value></Attribute><Attribute z:Id="i349"><AttributeType>iyz</AttributeType><IsRequired>true</IsRequired><Value i:type="a:double" xmlns:a="http://www.w3.org/2001/XMLSchema">0</Value></Attribute><Attribute z:Id="i350"><AttributeType>izz</AttributeType><IsRequired>true</IsRequired><Value i:type="a:double" xmlns:a="http://www.w3.org/2001/XMLSchema">0</Value></Attribute></Attributes><ChildElements/><ElementName>inertia</ElementName><required>false</required><IxxAttribute z:Ref="i345"/><IxyAttribute z:Ref="i346"/><IxzAttribute z:Ref="i347"/><IyyAttribute z:Ref="i348"/><IyzAttribute z:Ref="i349"/><IzzAttribute z:Ref="i350"/></URDFElement></ChildElements><ElementName>inertial</ElementName><required>false</required><Inertia z:Ref="i344"/><Mass z:Ref="i342"/><Origin z:Ref="i339"/></URDFElement><URDFElement z:Id="i351" i:type="Visual"><Attributes/><ChildElements><URDFElement z:Id="i352" i:type="Origin"><Attributes><Attribute z:Id="i353"><AttributeType>xyz</AttributeType><IsRequired>true</IsRequired><Value i:type="a:ArrayOfdouble" xmlns:a="http://schemas.microsoft.com/2003/10/Serialization/Arrays"><a:double>0</a:double><a:double>0</a:double><a:double>0</a:double></Value></Attribute><Attribute z:Id="i354"><AttributeType>rpy</AttributeType><IsRequired>true</IsRequired><Value i:type="a:ArrayOfdouble" xmlns:a="http://schemas.microsoft.com/2003/10/Serialization/Arrays"><a:double>0</a:double><a:double>0</a:double><a:double>0</a:double></Value></Attribute></Attributes><ChildElements/><ElementName>origin</ElementName><required>false</required><RPYAttribute z:Ref="i354"/><XYZAttribute z:Ref="i353"/><isCustomized>false</isCustomized></URDFElement><URDFElement z:Id="i355" i:type="Geometry"><Attributes/><ChildElements><URDFElement z:Id="i356" i:type="Mesh"><Attributes><Attribute z:Id="i357"><AttributeType>filename</AttributeType><IsRequired>true</IsRequired><Value i:nil="true"/></Attribute></Attributes><ChildElements/><ElementName>mesh</ElementName><required>false</required><FilenameAttribute z:Ref="i357"/></URDFElement></ChildElements><ElementName>geometry</ElementName><required>true</required><Mesh z:Ref="i356"/></URDFElement><URDFElement z:Id="i358" i:type="Material"><Attributes><Attribute z:Id="i359"><AttributeType>name</AttributeType><IsRequired>true</IsRequired><Value i:type="a:string" xmlns:a="http://www.w3.org/2001/XMLSchema"/></Attribute></Attributes><ChildElements><URDFElement z:Id="i360" i:type="Color"><Attributes><Attribute z:Id="i361"><AttributeType>rgba</AttributeType><IsRequired>true</IsRequired><Value i:type="a:ArrayOfdouble" xmlns:a="http://schemas.microsoft.com/2003/10/Serialization/Arrays"><a:double>1</a:double><a:double>1</a:double><a:double>1</a:double><a:double>1</a:double></Value></Attribute></Attributes><ChildElements/><ElementName>color</ElementName><required>false</required><RGBAAttribute z:Ref="i361"/></URDFElement><URDFElement z:Id="i362" i:type="Texture"><Attributes><Attribute z:Id="i363"><AttributeType>filename</AttributeType><IsRequired>true</IsRequired><Value i:nil="true"/></Attribute></Attributes><ChildElements/><ElementName>texture</ElementName><required>false</required><FilenameAttribute z:Ref="i363"/><wFilename/></URDFElement></ChildElements><ElementName>material</ElementName><required>false</required><Color z:Ref="i360"/><NameAttribute z:Ref="i359"/><Texture z:Ref="i362"/></URDFElement></ChildElements><ElementName>visual</ElementName><required>false</required><Geometry z:Ref="i355"/><Material z:Ref="i358"/><Origin z:Ref="i352"/></URDFElement><URDFElement z:Id="i364" i:type="Collision"><Attributes/><ChildElements><URDFElement z:Id="i365" i:type="Origin"><Attributes><Attribute z:Id="i366"><AttributeType>xyz</AttributeType><IsRequired>true</IsRequired><Value i:type="a:ArrayOfdouble" xmlns:a="http://schemas.microsoft.com/2003/10/Serialization/Arrays"><a:double>0</a:double><a:double>0</a:double><a:double>0</a:double></Value></Attribute><Attribute z:Id="i367"><AttributeType>rpy</AttributeType><IsRequired>true</IsRequired><Value i:type="a:ArrayOfdouble" xmlns:a="http://schemas.microsoft.com/2003/10/Serialization/Arrays"><a:double>0</a:double><a:double>0</a:double><a:double>0</a:double></Value></Attribute></Attributes><ChildElements/><ElementName>origin</ElementName><required>false</required><RPYAttribute z:Ref="i367"/><XYZAttribute z:Ref="i366"/><isCustomized>false</isCustomized></URDFElement><URDFElement z:Id="i368" i:type="Geometry"><Attributes/><ChildElements><URDFElement z:Id="i369" i:type="Mesh"><Attributes><Attribute z:Id="i370"><AttributeType>filename</AttributeType><IsRequired>true</IsRequired><Value i:nil="true"/></Attribute></Attributes><ChildElements/><ElementName>mesh</ElementName><required>false</required><FilenameAttribute z:Ref="i370"/></URDFElement></ChildElements><ElementName>geometry</ElementName><required>true</required><Mesh z:Ref="i369"/></URDFElement></ChildElements><ElementName>collision</ElementName><required>false</required><Geometry z:Ref="i368"/><Origin z:Ref="i365"/></URDFElement><URDFElement z:Id="i371" i:type="Joint"><Attributes><Attribute z:Id="i372"><AttributeType>name</AttributeType><IsRequired>true</IsRequired><Value i:type="a:string" xmlns:a="http://www.w3.org/2001/XMLSchema">joint_5</Value></Attribute><Attribute z:Id="i373"><AttributeType>type</AttributeType><IsRequired>true</IsRequired><Value i:type="a:string" xmlns:a="http://www.w3.org/2001/XMLSchema">revolute</Value></Attribute></Attributes><ChildElements><URDFElement z:Id="i374" i:type="Origin"><Attributes><Attribute z:Id="i375"><AttributeType>xyz</AttributeType><IsRequired>true</IsRequired><Value i:type="a:ArrayOfdouble" xmlns:a="http://schemas.microsoft.com/2003/10/Serialization/Arrays"><a:double>0</a:double><a:double>0</a:double><a:double>0</a:double></Value></Attribute><Attribute z:Id="i376"><AttributeType>rpy</AttributeType><IsRequired>true</IsRequired><Value i:type="a:ArrayOfdouble" xmlns:a="http://schemas.microsoft.com/2003/10/Serialization/Arrays"><a:double>0</a:double><a:double>0</a:double><a:double>0</a:double></Value></Attribute></Attributes><ChildElements/><ElementName>origin</ElementName><required>false</required><RPYAttribute z:Ref="i376"/><XYZAttribute z:Ref="i375"/><isCustomized>false</isCustomized></URDFElement><URDFElement z:Id="i377" i:type="ParentLink"><Attributes><Attribute z:Id="i378"><AttributeType>link</AttributeType><IsRequired>true</IsRequired><Value i:type="a:string" xmlns:a="http://www.w3.org/2001/XMLSchema"/></Attribute></Attributes><ChildElements/><ElementName>parent</ElementName><required>true</required><NameAttribute z:Ref="i378"/></URDFElement><URDFElement z:Id="i379" i:type="ChildLink"><Attributes><Attribute z:Id="i380"><AttributeType>link</AttributeType><IsRequired>true</IsRequired><Value i:type="a:string" xmlns:a="http://www.w3.org/2001/XMLSchema"/></Attribute></Attributes><ChildElements/><ElementName>child</ElementName><required>true</required><NameAttribute z:Ref="i380"/></URDFElement><URDFElement z:Id="i381" i:type="Axis"><Attributes><Attribute z:Id="i382"><AttributeType>xyz</AttributeType><IsRequired>true</IsRequired><Value i:type="a:ArrayOfdouble" xmlns:a="http://schemas.microsoft.com/2003/10/Serialization/Arrays"><a:double>0</a:double><a:double>0</a:double><a:double>0</a:double></Value></Attribute></Attributes><ChildElements/><ElementName>axis</ElementName><required>false</required><XYZAttribute z:Ref="i382"/></URDFElement><URDFElement z:Id="i383" i:type="Limit"><Attributes><Attribute z:Id="i384"><AttributeType>lower</AttributeType><IsRequired>false</IsRequired><Value i:nil="true"/></Attribute><Attribute z:Id="i385"><AttributeType>upper</AttributeType><IsRequired>false</IsRequired><Value i:nil="true"/></Attribute><Attribute z:Id="i386"><AttributeType>effort</AttributeType><IsRequired>true</IsRequired><Value i:nil="true"/></Attribute><Attribute z:Id="i387"><AttributeType>velocity</AttributeType><IsRequired>true</IsRequired><Value i:nil="true"/></Attribute></Attributes><ChildElements/><ElementName>limit</ElementName><required>false</required><EffortAttribute z:Ref="i386"/><LowerAttribute z:Ref="i384"/><UpperAttribute z:Ref="i385"/><VelocityAttribute z:Ref="i387"/></URDFElement><URDFElement z:Id="i388" i:type="Calibration"><Attributes><Attribute z:Id="i389"><AttributeType>rising</AttributeType><IsRequired>false</IsRequired><Value i:nil="true"/></Attribute><Attribute z:Id="i390"><AttributeType>falling</AttributeType><IsRequired>false</IsRequired><Value i:nil="true"/></Attribute></Attributes><ChildElements/><ElementName>calibration</ElementName><required>false</required><FallingAttribute z:Ref="i390"/><RisingAttribute z:Ref="i389"/></URDFElement><URDFElement z:Id="i391" i:type="Dynamics"><Attributes><Attribute z:Id="i392"><AttributeType>damping</AttributeType><IsRequired>false</IsRequired><Value i:nil="true"/></Attribute><Attribute z:Id="i393"><AttributeType>friction</AttributeType><IsRequired>false</IsRequired><Value i:nil="true"/></Attribute></Attributes><ChildElements/><ElementName>dynamics</ElementName><required>false</required><DampingAttribute z:Ref="i392"/><FrictionAttribute z:Ref="i393"/></URDFElement><URDFElement z:Id="i394" i:type="SafetyController"><Attributes><Attribute z:Id="i395"><AttributeType>soft_upper_limit</AttributeType><IsRequired>false</IsRequired><Value i:nil="true"/></Attribute><Attribute z:Id="i396"><AttributeType>soft_lower_limit</AttributeType><IsRequired>false</IsRequired><Value i:nil="true"/></Attribute><Attribute z:Id="i397"><AttributeType>k_position</AttributeType><IsRequired>false</IsRequired><Value i:nil="true"/></Attribute><Attribute z:Id="i398"><AttributeType>k_velocity</AttributeType><IsRequired>true</IsRequired><Value i:nil="true"/></Attribute></Attributes><ChildElements/><ElementName>safety_controller</ElementName><required>false</required><KPositionAttribute z:Ref="i397"/><KVelocityAttribute z:Ref="i398"/><SoftLowerAttribute z:Ref="i396"/><SoftUpperAttribute z:Ref="i395"/></URDFElement><URDFElement z:Id="i399" i:type="Mimic"><Attributes><Attribute z:Id="i400"><AttributeType>joint</AttributeType><IsRequired>true</IsRequired><Value i:nil="true"/></Attribute><Attribute z:Id="i401"><AttributeType>multiplier</AttributeType><IsRequired>false</IsRequired><Value i:nil="true"/></Attribute><Attribute z:Id="i402"><AttributeType>offset</AttributeType><IsRequired>false</IsRequired><Value i:nil="true"/></Attribute></Attributes><ChildElements/><ElementName>mimic</ElementName><required>false</required><JointNameAttribute z:Ref="i400"/><MultiplierAttribute z:Ref="i401"/><OffsetAttribute z:Ref="i402"/></URDFElement></ChildElements><ElementName>joint</ElementName><required>false</required><Axis z:Ref="i381"/><AxisName>?????????5</AxisName><Calibration z:Ref="i388"/><Child z:Ref="i379"/><CoordinateSystemName>?????????5</CoordinateSystemName><Dynamics z:Ref="i391"/><Limit z:Ref="i383"/><Mimic z:Ref="i399"/><NameAttribute z:Ref="i372"/><Origin z:Ref="i374"/><Parent z:Ref="i377"/><Safety z:Ref="i394"/><TypeAttribute z:Ref="i373"/></URDFElement></ChildElements><ElementName>link</ElementName><required>true</required><Children><Link z:Id="i403"><Attributes><Attribute z:Id="i404"><AttributeType>name</AttributeType><IsRequired>true</IsRequired><Value i:type="a:string" xmlns:a="http://www.w3.org/2001/XMLSchema">link_6</Value></Attribute></Attributes><ChildElements><URDFElement z:Id="i405" i:type="Inertial"><Attributes/><ChildElements><URDFElement z:Id="i406" i:type="Origin"><Attributes><Attribute z:Id="i407"><AttributeType>xyz</AttributeType><IsRequired>true</IsRequired><Value i:type="a:ArrayOfdouble" xmlns:a="http://schemas.microsoft.com/2003/10/Serialization/Arrays"><a:double>0</a:double><a:double>0</a:double><a:double>0</a:double></Value></Attribute><Attribute z:Id="i408"><AttributeType>rpy</AttributeType><IsRequired>true</IsRequired><Value i:type="a:ArrayOfdouble" xmlns:a="http://schemas.microsoft.com/2003/10/Serialization/Arrays"><a:double>0</a:double><a:double>0</a:double><a:double>0</a:double></Value></Attribute></Attributes><ChildElements/><ElementName>origin</ElementName><required>false</required><RPYAttribute z:Ref="i408"/><XYZAttribute z:Ref="i407"/><isCustomized>false</isCustomized></URDFElement><URDFElement z:Id="i409" i:type="Mass"><Attributes><Attribute z:Id="i410"><AttributeType>value</AttributeType><IsRequired>true</IsRequired><Value i:type="a:double" xmlns:a="http://www.w3.org/2001/XMLSchema">0</Value></Attribute></Attributes><ChildElements/><ElementName>mass</ElementName><required>false</required><ValueAttribute z:Ref="i410"/></URDFElement><URDFElement z:Id="i411" i:type="Inertia"><Attributes><Attribute z:Id="i412"><AttributeType>ixx</AttributeType><IsRequired>true</IsRequired><Value i:type="a:double" xmlns:a="http://www.w3.org/2001/XMLSchema">0</Value></Attribute><Attribute z:Id="i413"><AttributeType>ixy</AttributeType><IsRequired>true</IsRequired><Value i:type="a:double" xmlns:a="http://www.w3.org/2001/XMLSchema">0</Value></Attribute><Attribute z:Id="i414"><AttributeType>ixz</AttributeType><IsRequired>true</IsRequired><Value i:type="a:double" xmlns:a="http://www.w3.org/2001/XMLSchema">0</Value></Attribute><Attribute z:Id="i415"><AttributeType>iyy</AttributeType><IsRequired>true</IsRequired><Value i:type="a:double" xmlns:a="http://www.w3.org/2001/XMLSchema">0</Value></Attribute><Attribute z:Id="i416"><AttributeType>iyz</AttributeType><IsRequired>true</IsRequired><Value i:type="a:double" xmlns:a="http://www.w3.org/2001/XMLSchema">0</Value></Attribute><Attribute z:Id="i417"><AttributeType>izz</AttributeType><IsRequired>true</IsRequired><Value i:type="a:double" xmlns:a="http://www.w3.org/2001/XMLSchema">0</Value></Attribute></Attributes><ChildElements/><ElementName>inertia</ElementName><required>false</required><IxxAttribute z:Ref="i412"/><IxyAttribute z:Ref="i413"/><IxzAttribute z:Ref="i414"/><IyyAttribute z:Ref="i415"/><IyzAttribute z:Ref="i416"/><IzzAttribute z:Ref="i417"/></URDFElement></ChildElements><ElementName>inertial</ElementName><required>false</required><Inertia z:Ref="i411"/><Mass z:Ref="i409"/><Origin z:Ref="i406"/></URDFElement><URDFElement z:Id="i418" i:type="Visual"><Attributes/><ChildElements><URDFElement z:Id="i419" i:type="Origin"><Attributes><Attribute z:Id="i420"><AttributeType>xyz</AttributeType><IsRequired>true</IsRequired><Value i:type="a:ArrayOfdouble" xmlns:a="http://schemas.microsoft.com/2003/10/Serialization/Arrays"><a:double>0</a:double><a:double>0</a:double><a:double>0</a:double></Value></Attribute><Attribute z:Id="i421"><AttributeType>rpy</AttributeType><IsRequired>true</IsRequired><Value i:type="a:ArrayOfdouble" xmlns:a="http://schemas.microsoft.com/2003/10/Serialization/Arrays"><a:double>0</a:double><a:double>0</a:double><a:double>0</a:double></Value></Attribute></Attributes><ChildElements/><ElementName>origin</ElementName><required>false</required><RPYAttribute z:Ref="i421"/><XYZAttribute z:Ref="i420"/><isCustomized>false</isCustomized></URDFElement><URDFElement z:Id="i422" i:type="Geometry"><Attributes/><ChildElements><URDFElement z:Id="i423" i:type="Mesh"><Attributes><Attribute z:Id="i424"><AttributeType>filename</AttributeType><IsRequired>true</IsRequired><Value i:nil="true"/></Attribute></Attributes><ChildElements/><ElementName>mesh</ElementName><required>false</required><FilenameAttribute z:Ref="i424"/></URDFElement></ChildElements><ElementName>geometry</ElementName><required>true</required><Mesh z:Ref="i423"/></URDFElement><URDFElement z:Id="i425" i:type="Material"><Attributes><Attribute z:Id="i426"><AttributeType>name</AttributeType><IsRequired>true</IsRequired><Value i:type="a:string" xmlns:a="http://www.w3.org/2001/XMLSchema"/></Attribute></Attributes><ChildElements><URDFElement z:Id="i427" i:type="Color"><Attributes><Attribute z:Id="i428"><AttributeType>rgba</AttributeType><IsRequired>true</IsRequired><Value i:type="a:ArrayOfdouble" xmlns:a="http://schemas.microsoft.com/2003/10/Serialization/Arrays"><a:double>1</a:double><a:double>1</a:double><a:double>1</a:double><a:double>1</a:double></Value></Attribute></Attributes><ChildElements/><ElementName>color</ElementName><required>false</required><RGBAAttribute z:Ref="i428"/></URDFElement><URDFElement z:Id="i429" i:type="Texture"><Attributes><Attribute z:Id="i430"><AttributeType>filename</AttributeType><IsRequired>true</IsRequired><Value i:nil="true"/></Attribute></Attributes><ChildElements/><ElementName>texture</ElementName><required>false</required><FilenameAttribute z:Ref="i430"/><wFilename/></URDFElement></ChildElements><ElementName>material</ElementName><required>false</required><Color z:Ref="i427"/><NameAttribute z:Ref="i426"/><Texture z:Ref="i429"/></URDFElement></ChildElements><ElementName>visual</ElementName><required>false</required><Geometry z:Ref="i422"/><Material z:Ref="i425"/><Origin z:Ref="i419"/></URDFElement><URDFElement z:Id="i431" i:type="Collision"><Attributes/><ChildElements><URDFElement z:Id="i432" i:type="Origin"><Attributes><Attribute z:Id="i433"><AttributeType>xyz</AttributeType><IsRequired>true</IsRequired><Value i:type="a:ArrayOfdouble" xmlns:a="http://schemas.microsoft.com/2003/10/Serialization/Arrays"><a:double>0</a:double><a:double>0</a:double><a:double>0</a:double></Value></Attribute><Attribute z:Id="i434"><AttributeType>rpy</AttributeType><IsRequired>true</IsRequired><Value i:type="a:ArrayOfdouble" xmlns:a="http://schemas.microsoft.com/2003/10/Serialization/Arrays"><a:double>0</a:double><a:double>0</a:double><a:double>0</a:double></Value></Attribute></Attributes><ChildElements/><ElementName>origin</ElementName><required>false</required><RPYAttribute z:Ref="i434"/><XYZAttribute z:Ref="i433"/><isCustomized>false</isCustomized></URDFElement><URDFElement z:Id="i435" i:type="Geometry"><Attributes/><ChildElements><URDFElement z:Id="i436" i:type="Mesh"><Attributes><Attribute z:Id="i437"><AttributeType>filename</AttributeType><IsRequired>true</IsRequired><Value i:nil="true"/></Attribute></Attributes><ChildElements/><ElementName>mesh</ElementName><required>false</required><FilenameAttribute z:Ref="i437"/></URDFElement></ChildElements><ElementName>geometry</ElementName><required>true</required><Mesh z:Ref="i436"/></URDFElement></ChildElements><ElementName>collision</ElementName><required>false</required><Geometry z:Ref="i435"/><Origin z:Ref="i432"/></URDFElement><URDFElement z:Id="i438" i:type="Joint"><Attributes><Attribute z:Id="i439"><AttributeType>name</AttributeType><IsRequired>true</IsRequired><Value i:type="a:string" xmlns:a="http://www.w3.org/2001/XMLSchema">joint_6</Value></Attribute><Attribute z:Id="i440"><AttributeType>type</AttributeType><IsRequired>true</IsRequired><Value i:type="a:string" xmlns:a="http://www.w3.org/2001/XMLSchema">revolute</Value></Attribute></Attributes><ChildElements><URDFElement z:Id="i441" i:type="Origin"><Attributes><Attribute z:Id="i442"><AttributeType>xyz</AttributeType><IsRequired>true</IsRequired><Value i:type="a:ArrayOfdouble" xmlns:a="http://schemas.microsoft.com/2003/10/Serialization/Arrays"><a:double>0</a:double><a:double>0</a:double><a:double>0</a:double></Value></Attribute><Attribute z:Id="i443"><AttributeType>rpy</AttributeType><IsRequired>true</IsRequired><Value i:type="a:ArrayOfdouble" xmlns:a="http://schemas.microsoft.com/2003/10/Serialization/Arrays"><a:double>0</a:double><a:double>0</a:double><a:double>0</a:double></Value></Attribute></Attributes><ChildElements/><ElementName>origin</ElementName><required>false</required><RPYAttribute z:Ref="i443"/><XYZAttribute z:Ref="i442"/><isCustomized>false</isCustomized></URDFElement><URDFElement z:Id="i444" i:type="ParentLink"><Attributes><Attribute z:Id="i445"><AttributeType>link</AttributeType><IsRequired>true</IsRequired><Value i:type="a:string" xmlns:a="http://www.w3.org/2001/XMLSchema"/></Attribute></Attributes><ChildElements/><ElementName>parent</ElementName><required>true</required><NameAttribute z:Ref="i445"/></URDFElement><URDFElement z:Id="i446" i:type="ChildLink"><Attributes><Attribute z:Id="i447"><AttributeType>link</AttributeType><IsRequired>true</IsRequired><Value i:type="a:string" xmlns:a="http://www.w3.org/2001/XMLSchema"/></Attribute></Attributes><ChildElements/><ElementName>child</ElementName><required>true</required><NameAttribute z:Ref="i447"/></URDFElement><URDFElement z:Id="i448" i:type="Axis"><Attributes><Attribute z:Id="i449"><AttributeType>xyz</AttributeType><IsRequired>true</IsRequired><Value i:type="a:ArrayOfdouble" xmlns:a="http://schemas.microsoft.com/2003/10/Serialization/Arrays"><a:double>0</a:double><a:double>0</a:double><a:double>0</a:double></Value></Attribute></Attributes><ChildElements/><ElementName>axis</ElementName><required>false</required><XYZAttribute z:Ref="i449"/></URDFElement><URDFElement z:Id="i450" i:type="Limit"><Attributes><Attribute z:Id="i451"><AttributeType>lower</AttributeType><IsRequired>false</IsRequired><Value i:nil="true"/></Attribute><Attribute z:Id="i452"><AttributeType>upper</AttributeType><IsRequired>false</IsRequired><Value i:nil="true"/></Attribute><Attribute z:Id="i453"><AttributeType>effort</AttributeType><IsRequired>true</IsRequired><Value i:nil="true"/></Attribute><Attribute z:Id="i454"><AttributeType>velocity</AttributeType><IsRequired>true</IsRequired><Value i:nil="true"/></Attribute></Attributes><ChildElements/><ElementName>limit</ElementName><required>false</required><EffortAttribute z:Ref="i453"/><LowerAttribute z:Ref="i451"/><UpperAttribute z:Ref="i452"/><VelocityAttribute z:Ref="i454"/></URDFElement><URDFElement z:Id="i455" i:type="Calibration"><Attributes><Attribute z:Id="i456"><AttributeType>rising</AttributeType><IsRequired>false</IsRequired><Value i:nil="true"/></Attribute><Attribute z:Id="i457"><AttributeType>falling</AttributeType><IsRequired>false</IsRequired><Value i:nil="true"/></Attribute></Attributes><ChildElements/><ElementName>calibration</ElementName><required>false</required><FallingAttribute z:Ref="i457"/><RisingAttribute z:Ref="i456"/></URDFElement><URDFElement z:Id="i458" i:type="Dynamics"><Attributes><Attribute z:Id="i459"><AttributeType>damping</AttributeType><IsRequired>false</IsRequired><Value i:nil="true"/></Attribute><Attribute z:Id="i460"><AttributeType>friction</AttributeType><IsRequired>false</IsRequired><Value i:nil="true"/></Attribute></Attributes><ChildElements/><ElementName>dynamics</ElementName><required>false</required><DampingAttribute z:Ref="i459"/><FrictionAttribute z:Ref="i460"/></URDFElement><URDFElement z:Id="i461" i:type="SafetyController"><Attributes><Attribute z:Id="i462"><AttributeType>soft_upper_limit</AttributeType><IsRequired>false</IsRequired><Value i:nil="true"/></Attribute><Attribute z:Id="i463"><AttributeType>soft_lower_limit</AttributeType><IsRequired>false</IsRequired><Value i:nil="true"/></Attribute><Attribute z:Id="i464"><AttributeType>k_position</AttributeType><IsRequired>false</IsRequired><Value i:nil="true"/></Attribute><Attribute z:Id="i465"><AttributeType>k_velocity</AttributeType><IsRequired>true</IsRequired><Value i:nil="true"/></Attribute></Attributes><ChildElements/><ElementName>safety_controller</ElementName><required>false</required><KPositionAttribute z:Ref="i464"/><KVelocityAttribute z:Ref="i465"/><SoftLowerAttribute z:Ref="i463"/><SoftUpperAttribute z:Ref="i462"/></URDFElement><URDFElement z:Id="i466" i:type="Mimic"><Attributes><Attribute z:Id="i467"><AttributeType>joint</AttributeType><IsRequired>true</IsRequired><Value i:nil="true"/></Attribute><Attribute z:Id="i468"><AttributeType>multiplier</AttributeType><IsRequired>false</IsRequired><Value i:nil="true"/></Attribute><Attribute z:Id="i469"><AttributeType>offset</AttributeType><IsRequired>false</IsRequired><Value i:nil="true"/></Attribute></Attributes><ChildElements/><ElementName>mimic</ElementName><required>false</required><JointNameAttribute z:Ref="i467"/><MultiplierAttribute z:Ref="i468"/><OffsetAttribute z:Ref="i469"/></URDFElement></ChildElements><ElementName>joint</ElementName><required>false</required><Axis z:Ref="i448"/><AxisName>?????????6</AxisName><Calibration z:Ref="i455"/><Child z:Ref="i446"/><CoordinateSystemName>?????????6</CoordinateSystemName><Dynamics z:Ref="i458"/><Limit z:Ref="i450"/><Mimic z:Ref="i466"/><NameAttribute z:Ref="i439"/><Origin z:Ref="i441"/><Parent z:Ref="i444"/><Safety z:Ref="i461"/><TypeAttribute z:Ref="i440"/></URDFElement></ChildElements><ElementName>link</ElementName><required>true</required><Children/><Collision z:Ref="i431"/><Inertial z:Ref="i405"/><Joint z:Ref="i438"/><NameAttribute z:Ref="i404"/><Parent z:Ref="i336"/><STLQualityFine>false</STLQualityFine><SWComponentPIDs xmlns:a="http://schemas.microsoft.com/2003/10/Serialization/Arrays"><a:base64Binary>aEIAAAUAAAD//v8YK2fvegdjOnkmXgZXA3QAZ7BlLQAxAEAAQwBvAHUAYwBvAHUAYQByAG0AXwB2ADUABAAAABAAAAABAAAAAQAAAAoBAAA=</a:base64Binary></SWComponentPIDs><SWMainComponentPID i:nil="true"/><Visual z:Ref="i418"/><isFixedFrame>false</isFixedFrame><isIncomplete>false</isIncomplete></Link></Children><Collision z:Ref="i364"/><Inertial z:Ref="i338"/><Joint z:Ref="i371"/><NameAttribute z:Ref="i337"/><Parent z:Ref="i269"/><STLQualityFine>false</STLQualityFine><SWComponentPIDs xmlns:a="http://schemas.microsoft.com/2003/10/Serialization/Arrays"><a:base64Binary>aEIAAAUAAAD//v8bc1GCgjUAbI9zUYKCNgAgAA9cAGewZUhyLQAxAEAAQwBvAHUAYwBvAHUAYQByAG0AXwB2ADUABAAAABAAAAABAAAAAQAAAO8AAAA=</a:base64Binary><a:base64Binary>aEIAAAUAAAD//v8Yc1GCgjUAbI9zUYKCNgAgACdZLQAxAEAAQwBvAHUAYwBvAHUAYQByAG0AXwB2ADUABAAAABAAAAABAAAAAQAAAOAAAAA=</a:base64Binary><a:base64Binary>aEIAAAUAAAD//v8VNAAzADEAMABsj1BbLQA1AEAAQwBvAHUAYwBvAHUAYQByAG0AXwB2ADUABAAAABAAAAABAAAAAQAAAAABAAA=</a:base64Binary><a:base64Binary>aEIAAAUAAAD//v8VNAAzADEAMACaW1BbLQA1AEAAQwBvAHUAYwBvAHUAYQByAG0AXwB2ADUABAAAABAAAAABAAAAAQAAAPcAAAA=</a:base64Binary></SWComponentPIDs><SWMainComponentPID i:nil="true"/><Visual z:Ref="i351"/><isFixedFrame>false</isFixedFrame><isIncomplete>false</isIncomplete></Link></Children><Collision z:Ref="i297"/><Inertial z:Ref="i271"/><Joint z:Ref="i304"/><NameAttribute z:Ref="i270"/><Parent z:Ref="i202"/><STLQualityFine>false</STLQualityFine><SWComponentPIDs xmlns:a="http://schemas.microsoft.com/2003/10/Serialization/Arrays"><a:base64Binary>aEIAAAUAAAD//v8Yc1GCgjQAbI9zUYKCNQAgAA9cLQAyAEAAQwBvAHUAYwBvAHUAYQByAG0AXwB2ADUABAAAABAAAAABAAAAAQAAABABAAA=</a:base64Binary><a:base64Binary>aEIAAAUAAAD//v8Yc1GCgjQAbI9zUYKCNQAgACdZLQAxAEAAQwBvAHUAYwBvAHUAYQByAG0AXwB2ADUABAAAABAAAAABAAAAAQAAAL4AAAA=</a:base64Binary><a:base64Binary>aEIAAAUAAAD//v8VNAAzADEAMABsj1BbLQA0AEAAQwBvAHUAYwBvAHUAYQByAG0AXwB2ADUABAAAABAAAAABAAAAAQAAANgAAAA=</a:base64Binary><a:base64Binary>aEIAAAUAAAD//v8VNAAzADEAMACaW1BbLQA0AEAAQwBvAHUAYwBvAHUAYQByAG0AXwB2ADUABAAAABAAAAABAAAAAQAAAMkAAAA=</a:base64Binary><a:base64Binary>aEIAAAUAAAD//v8RdI9/Yi0AMwBAAEMAbwB1AGMAbwB1AGEAcgBtAF8AdgA1AAQAAAAQAAAAAQAAAAEAAADcAAAA</a:base64Binary></SWComponentPIDs><SWMainComponentPID i:nil="true"/><Visual z:Ref="i284"/><isFixedFrame>false</isFixedFrame><isIncomplete>false</isIncomplete></Link></Children><Collision z:Ref="i230"/><Inertial z:Ref="i204"/><Joint z:Ref="i237"/><NameAttribute z:Ref="i203"/><Parent z:Ref="i135"/><STLQualityFine>false</STLQualityFine><SWComponentPIDs xmlns:a="http://schemas.microsoft.com/2003/10/Serialization/Arrays"><a:base64Binary>aEIAAAUAAAD//v8Yc1GCgjMAbI9zUYKCNAAgAA9cLQAxAEAAQwBvAHUAYwBvAHUAYQByAG0AXwB2ADUABAAAABAAAAABAAAAAQAAAKEAAAA=</a:base64Binary><a:base64Binary>aEIAAAUAAAD//v8Yc1GCgjMAbI9zUYKCNAAgACdZLQAxAEAAQwBvAHUAYwBvAHUAYQByAG0AXwB2ADUABAAAABAAAAABAAAAAQAAAI8AAAA=</a:base64Binary><a:base64Binary>aEIAAAUAAAD//v8VNAAzADEAMACaW1BbLQAzAEAAQwBvAHUAYwBvAHUAYQByAG0AXwB2ADUABAAAABAAAAABAAAAAQAAAKgAAAA=</a:base64Binary><a:base64Binary>aEIAAAUAAAD//v8VNAAzADEAMABsj1BbLQAzAEAAQwBvAHUAYwBvAHUAYQByAG0AXwB2ADUABAAAABAAAAABAAAAAQAAALEAAAA=</a:base64Binary></SWComponentPIDs><SWMainComponentPID i:nil="true"/><Visual z:Ref="i217"/><isFixedFrame>false</isFixedFrame><isIncomplete>false</isIncomplete></Link></Children><Collision z:Ref="i163"/><Inertial z:Ref="i137"/><Joint z:Ref="i170"/><NameAttribute z:Ref="i136"/><Parent z:Ref="i68"/><STLQualityFine>false</STLQualityFine><SWComponentPIDs xmlns:a="http://schemas.microsoft.com/2003/10/Serialization/Arrays"><a:base64Binary>aEIAAAUAAAD//v8Yc1GCgjIAbI9zUYKCMwAgAA9cLQAxAEAAQwBvAHUAYwBvAHUAYQByAG0AXwB2ADUABAAAABAAAAABAAAAAQAAAHwAAAA=</a:base64Binary><a:base64Binary>aEIAAAUAAAD//v8WNAAzADQAMABwAJpbUFstADEAQABDAG8AdQBjAG8AdQBhAHIAbQBfAHYANQAEAAAAEAAAAAEAAAABAAAAggAAAA==</a:base64Binary><a:base64Binary>aEIAAAUAAAD//v8WNAAzADQAMABwAGyPUFstADEAQABDAG8AdQBjAG8AdQBhAHIAbQBfAHYANQAEAAAAEAAAAAEAAAABAAAAiwAAAA==</a:base64Binary><a:base64Binary>aEIAAAUAAAD//v8Yc1GCgjIAbI9zUYKCMwAgACdZLQAxAEAAQwBvAHUAYwBvAHUAYQByAG0AXwB2ADUABAAAABAAAAABAAAAAQAAAG8AAAA=</a:base64Binary><a:base64Binary>aEIAAAUAAAD//v8RdI9/Yi0AMgBAAEMAbwB1AGMAbwB1AGEAcgBtAF8AdgA1AAQAAAAQAAAAAQAAAAEAAACcAAAA</a:base64Binary></SWComponentPIDs><SWMainComponentPID i:nil="true"/><Visual z:Ref="i150"/><isFixedFrame>false</isFixedFrame><isIncomplete>false</isIncomplete></Link></Children><Collision z:Ref="i96"/><Inertial z:Ref="i70"/><Joint z:Ref="i103"/><NameAttribute z:Ref="i69"/><Parent z:Ref="i1"/><STLQualityFine>false</STLQualityFine><SWComponentPIDs xmlns:a="http://schemas.microsoft.com/2003/10/Serialization/Arrays"><a:base64Binary>aEIAAAUAAAD//v8VNAAzADQAMACaW1BbLQAxAEAAQwBvAHUAYwBvAHUAYQByAG0AXwB2ADUABAAAABAAAAABAAAAAQAAAGIAAAA=</a:base64Binary><a:base64Binary>aEIAAAUAAAD//v8VNAAzADQAMABsj1BbLQAxAEAAQwBvAHUAYwBvAHUAYQByAG0AXwB2ADUABAAAABAAAAABAAAAAQAAAGwAAAA=</a:base64Binary><a:base64Binary>aEIAAAUAAAD//v8RdI9/Yi0AMQBAAEMAbwB1AGMAbwB1AGEAcgBtAF8AdgA1AAQAAAAQAAAAAQAAAAEAAAB4AAAA</a:base64Binary><a:base64Binary>aEIAAAUAAAD//v8Yc1GCgjEAbI9zUYKCMgCVXqdeLQAxAEAAQwBvAHUAYwBvAHUAYQByAG0AXwB2ADUABAAAABAAAAABAAAAAQAAAFAAAAA=</a:base64Binary></SWComponentPIDs><SWMainComponentPID i:nil="true"/><Visual z:Ref="i83"/><isFixedFrame>false</isFixedFrame><isIncomplete>false</isIncomplete></Link></Children><Collision z:Ref="i29"/><Inertial z:Ref="i3"/><Joint z:Ref="i36"/><NameAttribute z:Ref="i2"/><Parent i:nil="true"/><STLQualityFine>false</STLQualityFine><SWComponentPIDs xmlns:a="http://schemas.microsoft.com/2003/10/Serialization/Arrays"><a:base64Binary>aEIAAAUAAAD//v8SJ1mVXqdeLQAxAEAAQwBvAHUAYwBvAHUAYQByAG0AXwB2ADUABAAAABAAAAABAAAAAQAAAB0AAAA=</a:base64Binary><a:base64Binary>aEIAAAUAAAD//v8Uc1GCgjEA3U+kYi0AMgBAAEMAbwB1AGMAbwB1AGEAcgBtAF8AdgA1AAQAAAAQAAAAAQAAAAEAAAAfAAAA</a:base64Binary><a:base64Binary>aEIAAAUAAAD//v8VNAAzADEAMACaW1BbLQAyAEAAQwBvAHUAYwBvAHUAYQByAG0AXwB2ADUABAAAABAAAAABAAAAAQAAADYAAAA=</a:base64Binary><a:base64Binary>aEIAAAUAAAD//v8VNAAzADEAMABsj1BbLQAyAEAAQwBvAHUAYwBvAHUAYQByAG0AXwB2ADUABAAAABAAAAABAAAAAQAAAEoAAAA=</a:base64Binary></SWComponentPIDs><SWMainComponentPID i:nil="true"/><Visual z:Ref="i16"/><isFixedFrame>false</isFixedFrame><isIncomplete>false</isIncomplete></Link>
2026-07-01 18:05:24,580 INFO  AssemblyExportForm.cs: 309 - Saving URDF package to E:\3工作后学习\0 达妙电机控制学习\1 机械臂模型\六自由度模型_适用三自由度\V5 step文件\v5_sldprt\装配体\coucouarm_v5
2026-07-01 18:05:24,582 INFO  ExportHelper.cs: 147 - Beginning the export process
2026-07-01 18:05:24,584 INFO  ExportHelper.cs: 153 - Creating package directories with name coucouarm_v5 and save path E:\3工作后学习\0 达妙电机控制学习\1 机械臂模型\六自由度模型_适用三自由度\V5 step文件\v5_sldprt\装配体
2026-07-01 18:05:27,152 INFO  ExportHelper.cs: 162 - Creating CMakeLists.txt at E:\3工作后学习\0 达妙电机控制学习\1 机械臂模型\六自由度模型_适用三自由度\V5 step文件\v5_sldprt\装配体\coucouarm_v5\CMakeLists.txt
2026-07-01 18:05:27,157 INFO  ExportHelper.cs: 166 - Creating joint names config at E:\3工作后学习\0 达妙电机控制学习\1 机械臂模型\六自由度模型_适用三自由度\V5 step文件\v5_sldprt\装配体\coucouarm_v5\config\joint_names_coucouarm_v5.yaml
2026-07-01 18:05:27,159 INFO  ExportHelper.cs: 170 - Creating package.xml at E:\3工作后学习\0 达妙电机控制学习\1 机械臂模型\六自由度模型_适用三自由度\V5 step文件\v5_sldprt\装配体\coucouarm_v5\package.xml
2026-07-01 18:05:27,159 INFO  PackageXMLWriter.cs: 21 - Creating package.xml at E:\3工作后学习\0 达妙电机控制学习\1 机械臂模型\六自由度模型_适用三自由度\V5 step文件\v5_sldprt\装配体\coucouarm_v5\package.xml
2026-07-01 18:05:27,163 INFO  ExportHelper.cs: 177 - Creating RVIZ launch file in E:\3工作后学习\0 达妙电机控制学习\1 机械臂模型\六自由度模型_适用三自由度\V5 step文件\v5_sldprt\装配体\coucouarm_v5\launch\
2026-07-01 18:05:27,166 INFO  ExportHelper.cs: 182 - Creating Gazebo launch file in E:\3工作后学习\0 达妙电机控制学习\1 机械臂模型\六自由度模型_适用三自由度\V5 step文件\v5_sldprt\装配体\coucouarm_v5\launch\
2026-07-01 18:05:27,168 INFO  ExportHelper.cs: 187 - Saving existing STL preferences
2026-07-01 18:05:27,168 INFO  ExportHelper.cs: 450 - Saving users preferences
2026-07-01 18:05:27,170 INFO  ExportHelper.cs: 190 - Modifying STL preferences
2026-07-01 18:05:27,170 INFO  ExportHelper.cs: 464 - Setting STL preferences
2026-07-01 18:05:27,176 INFO  ExportHelper.cs: 196 - Found 0 hidden components 
2026-07-01 18:05:27,176 INFO  ExportHelper.cs: 197 - Hiding all components
2026-07-01 18:05:27,809 INFO  ExportHelper.cs: 204 - Beginning individual files export
2026-07-01 18:05:27,844 INFO  ExportHelper.cs: 270 - Exporting link: base_link
2026-07-01 18:05:27,844 INFO  ExportHelper.cs: 272 - Link base_link has 1 children
2026-07-01 18:05:27,845 INFO  ExportHelper.cs: 270 - Exporting link: link_1
2026-07-01 18:05:27,845 INFO  ExportHelper.cs: 272 - Link link_1 has 1 children
2026-07-01 18:05:27,845 INFO  ExportHelper.cs: 270 - Exporting link: link_2
2026-07-01 18:05:27,845 INFO  ExportHelper.cs: 272 - Link link_2 has 1 children
2026-07-01 18:05:27,847 INFO  ExportHelper.cs: 270 - Exporting link: link_3
2026-07-01 18:05:27,847 INFO  ExportHelper.cs: 272 - Link link_3 has 1 children
2026-07-01 18:05:27,848 INFO  ExportHelper.cs: 270 - Exporting link: link_4
2026-07-01 18:05:27,848 INFO  ExportHelper.cs: 272 - Link link_4 has 1 children
2026-07-01 18:05:27,849 INFO  ExportHelper.cs: 270 - Exporting link: link_5
2026-07-01 18:05:27,849 INFO  ExportHelper.cs: 272 - Link link_5 has 1 children
2026-07-01 18:05:27,850 INFO  ExportHelper.cs: 270 - Exporting link: link_6
2026-07-01 18:05:27,850 INFO  ExportHelper.cs: 272 - Link link_6 has 0 children
2026-07-01 18:05:27,851 INFO  ExportHelper.cs: 317 - link_6: Exporting STL with coordinate frame 坐标系6
2026-07-01 18:05:27,851 INFO  ExportHelper.cs: 322 - link_6: Reference geometry name 
2026-07-01 18:05:28,698 INFO  ExportHelper.cs: 330 - Saving STL to E:\3工作后学习\0 达妙电机控制学习\1 机械臂模型\六自由度模型_适用三自由度\V5 step文件\v5_sldprt\装配体\coucouarm_v5\meshes\link_6.STL
2026-07-01 18:05:29,044 INFO  ExportHelper.cs: 405 - Removing SW header in STL file
2026-07-01 18:05:29,045 INFO  ExportHelper.cs: 317 - link_5: Exporting STL with coordinate frame 坐标系5
2026-07-01 18:05:29,046 INFO  ExportHelper.cs: 322 - link_5: Reference geometry name 
2026-07-01 18:05:29,141 INFO  ExportHelper.cs: 330 - Saving STL to E:\3工作后学习\0 达妙电机控制学习\1 机械臂模型\六自由度模型_适用三自由度\V5 step文件\v5_sldprt\装配体\coucouarm_v5\meshes\link_5.STL
2026-07-01 18:05:31,466 INFO  ExportHelper.cs: 405 - Removing SW header in STL file
2026-07-01 18:05:31,467 INFO  ExportHelper.cs: 317 - link_4: Exporting STL with coordinate frame 坐标系4
2026-07-01 18:05:31,467 INFO  ExportHelper.cs: 322 - link_4: Reference geometry name 
2026-07-01 18:05:31,540 INFO  ExportHelper.cs: 330 - Saving STL to E:\3工作后学习\0 达妙电机控制学习\1 机械臂模型\六自由度模型_适用三自由度\V5 step文件\v5_sldprt\装配体\coucouarm_v5\meshes\link_4.STL
2026-07-01 18:05:33,435 INFO  ExportHelper.cs: 405 - Removing SW header in STL file
2026-07-01 18:05:33,436 INFO  ExportHelper.cs: 317 - link_3: Exporting STL with coordinate frame 坐标系3
2026-07-01 18:05:33,436 INFO  ExportHelper.cs: 322 - link_3: Reference geometry name 
2026-07-01 18:05:33,497 INFO  ExportHelper.cs: 330 - Saving STL to E:\3工作后学习\0 达妙电机控制学习\1 机械臂模型\六自由度模型_适用三自由度\V5 step文件\v5_sldprt\装配体\coucouarm_v5\meshes\link_3.STL
2026-07-01 18:05:35,343 INFO  ExportHelper.cs: 405 - Removing SW header in STL file
2026-07-01 18:05:35,343 INFO  ExportHelper.cs: 317 - link_2: Exporting STL with coordinate frame 坐标系2
2026-07-01 18:05:35,343 INFO  ExportHelper.cs: 322 - link_2: Reference geometry name 
2026-07-01 18:05:35,436 INFO  ExportHelper.cs: 330 - Saving STL to E:\3工作后学习\0 达妙电机控制学习\1 机械臂模型\六自由度模型_适用三自由度\V5 step文件\v5_sldprt\装配体\coucouarm_v5\meshes\link_2.STL
2026-07-01 18:05:37,176 INFO  ExportHelper.cs: 405 - Removing SW header in STL file
2026-07-01 18:05:37,176 INFO  ExportHelper.cs: 317 - link_1: Exporting STL with coordinate frame 坐标系1
2026-07-01 18:05:37,177 INFO  ExportHelper.cs: 322 - link_1: Reference geometry name 
2026-07-01 18:05:37,246 INFO  ExportHelper.cs: 330 - Saving STL to E:\3工作后学习\0 达妙电机控制学习\1 机械臂模型\六自由度模型_适用三自由度\V5 step文件\v5_sldprt\装配体\coucouarm_v5\meshes\link_1.STL
2026-07-01 18:05:39,813 INFO  ExportHelper.cs: 405 - Removing SW header in STL file
2026-07-01 18:05:39,814 INFO  ExportHelper.cs: 317 - base_link: Exporting STL with coordinate frame base坐标
2026-07-01 18:05:39,814 INFO  ExportHelper.cs: 322 - base_link: Reference geometry name 
2026-07-01 18:05:39,900 INFO  ExportHelper.cs: 330 - Saving STL to E:\3工作后学习\0 达妙电机控制学习\1 机械臂模型\六自由度模型_适用三自由度\V5 step文件\v5_sldprt\装配体\coucouarm_v5\meshes\base_link.STL
2026-07-01 18:05:41,742 INFO  ExportHelper.cs: 405 - Removing SW header in STL file
2026-07-01 18:05:41,743 INFO  ExportHelper.cs: 145 - Showing all components except previously hidden components
2026-07-01 18:05:42,045 INFO  ExportHelper.cs: 145 - Resetting STL preferences
2026-07-01 18:05:42,045 INFO  ExportHelper.cs: 478 - Returning STL preferences to user preferences
2026-07-01 18:05:42,045 INFO  ExportHelper.cs: 228 - Writing URDF file to E:\3工作后学习\0 达妙电机控制学习\1 机械臂模型\六自由度模型_适用三自由度\V5 step文件\v5_sldprt\装配体\coucouarm_v5\urdf\coucouarm_v5.urdf
2026-07-01 18:05:42,054 INFO  CSVImportExport.cs: 32 - Writing CSV file E:\3工作后学习\0 达妙电机控制学习\1 机械臂模型\六自由度模型_适用三自由度\V5 step文件\v5_sldprt\装配体\coucouarm_v5\urdf\coucouarm_v5.csv
2026-07-01 18:05:42,073 ERROR CSVImportExport.cs: 130 - The following columns were not written to the CSV: Link.Joint.ChildLink.link,
2026-07-01 18:05:42,074 ERROR CSVImportExport.cs: 130 - The following columns were not written to the CSV: Link.Joint.ChildLink.link,
2026-07-01 18:05:42,074 ERROR CSVImportExport.cs: 130 - The following columns were not written to the CSV: Link.Joint.ChildLink.link,
2026-07-01 18:05:42,075 ERROR CSVImportExport.cs: 130 - The following columns were not written to the CSV: Link.Joint.ChildLink.link,
2026-07-01 18:05:42,075 ERROR CSVImportExport.cs: 130 - The following columns were not written to the CSV: Link.Joint.ChildLink.link,
2026-07-01 18:05:42,075 ERROR CSVImportExport.cs: 130 - The following columns were not written to the CSV: Link.Joint.ChildLink.link,
2026-07-01 18:05:42,076 ERROR CSVImportExport.cs: 130 - The following columns were not written to the CSV: Link.Joint.ChildLink.link,
2026-07-01 18:05:42,076 INFO  ExportHelper.cs: 234 - Copying log file
2026-07-01 18:05:42,079 INFO  ExportHelper.cs: 439 - Copying C:\Users\Qingxi Liu\sw2urdf_logs\sw2urdf.log to E:\3工作后学习\0 达妙电机控制学习\1 机械臂模型\六自由度模型_适用三自由度\V5 step文件\v5_sldprt\装配体\coucouarm_v5\export.log
